"Portal","Job Title","Company","URL","About the job","Pay","Location","Summary","Requirements","Responsibilities","Benefits","Scraped At"
"USAJOBS","Honors Attorney","Central Intelligence Agency","https://www.usajobs.gov:443/job/721962100","Attorneys at the CIA provide advice and counsel on a variety of issues relating to intelligence and national security, as well as on the routine practices of an executive agency deployed worldwide.","$93994-$121785 PA","Washington, District of Columbia","Attorneys at the CIA provide advice and counsel on a variety of issues relating to intelligence and national security, as well as on the routine practices of an executive agency deployed worldwide.","","","","2026-08-10T09:36:00.453745+00:00"
"USAJOBS","Cyber Threat Analyst","Central Intelligence Agency","https://www.usajobs.gov:443/job/722102800","Cyber Threat Analysts assess foreign cyber intentions and capabilities to support U.S. national security interests.","$63940-$158322 PA","Washington, District of Columbia","Cyber Threat Analysts assess foreign cyber intentions and capabilities to support U.S. national security interests.","","","","2026-08-10T09:36:00.454595+00:00"
"USAJOBS","Resource Analyst","Central Intelligence Agency","https://www.usajobs.gov:443/job/722317000","Resource Analysts strategically plan, develop, analyze, and prioritize internal program budgets in support of CIA and Intelligence Community mission objectives.","$82396-$121785 PA","Washington, District of Columbia","Resource Analysts strategically plan, develop, analyze, and prioritize internal program budgets in support of CIA and Intelligence Community mission objectives.","","","","2026-08-10T09:36:00.454986+00:00"
"USAJOBS","Accountant","Central Intelligence Agency","https://www.usajobs.gov:443/job/723111900","Accountants use their skills in challenging and rewarding areas such as: financial statement compilation and analysis; general ledger review and analysis; and payroll and tax accounting.","$76726-$133964 PA","Washington, District of Columbia","Accountants use their skills in challenging and rewarding areas such as: financial statement compilation and analysis; general ledger review and analysis; and payroll and tax accounting.","","","","2026-08-10T09:36:00.455449+00:00"
"USAJOBS","Technical Targeting Analyst","Central Intelligence Agency","https://www.usajobs.gov:443/job/723123400","Technical Targeting Analysts evaluate data across a variety of specialized technical areas to provide insights that drive decision-making for operations.","$70623-$197200 PA","Washington, District of Columbia","Technical Targeting Analysts evaluate data across a variety of specialized technical areas to provide insights that drive decision-making for operations.","","","","2026-08-10T09:36:00.456144+00:00"
"USAJOBS","Case Officer","Central Intelligence Agency","https://www.usajobs.gov:443/job/756734700","Case Officers clandestinely spot, assess, develop, recruit, and handle non-U.S. citizens with access to foreign intelligence vital to U.S. foreign policy and national security decision-makers.","$72254-$109975 PA","Washington, District of Columbia","Case Officers clandestinely spot, assess, develop, recruit, and handle non-U.S. citizens with access to foreign intelligence vital to U.S. foreign policy and national security decision-makers.","","","","2026-08-10T09:36:00.457120+00:00"
"USAJOBS","Language Officer","Central Intelligence Agency","https://www.usajobs.gov:443/job/756770500","Directorate of Operations Language Officers use their foreign Language skills, cultural experience, and expertise to support clandestine operations.","$79567-$131826 PA","Washington, District of Columbia","Directorate of Operations Language Officers use their foreign Language skills, cultural experience, and expertise to support clandestine operations.","","","","2026-08-10T09:36:00.458470+00:00"
"USAJOBS","Staff Operations Officer","Central Intelligence Agency","https://www.usajobs.gov:443/job/756775500","Staff Operations Officers provide integration between CIA Headquarters and Directorate of Operations field offices, program management, and operational case management to drive clandestine operations.","$72254-$109975 PA","Washington, District of Columbia","Staff Operations Officers provide integration between CIA Headquarters and Directorate of Operations field offices, program management, and operational case management to drive clandestine operations.","","","","2026-08-10T09:36:00.459480+00:00"
"USAJOBS","IG Auditor/Program Analyst","Central Intelligence Agency","https://www.usajobs.gov:443/job/757394900","Inspector General Auditors conduct performance, financial statement, financial-related, and information systems audits of CIA programs and activities.","$75972-$185234 PA","Washington, District of Columbia","Inspector General Auditors conduct performance, financial statement, financial-related, and information systems audits of CIA programs and activities.","","","","2026-08-10T09:36:00.462136+00:00"
"USAJOBS","Lateral Attorney","Central Intelligence Agency","https://www.usajobs.gov:443/job/757401400","Attorneys at CIA provide advice and counsel regarding a variety of issues relating to intelligence and national security, as well as the routine practices of an executive agency deployed worldwide.","$143913-$197200 PA","Washington, District of Columbia","Attorneys at CIA provide advice and counsel regarding a variety of issues relating to intelligence and national security, as well as the routine practices of an executive agency deployed worldwide.","","","","2026-08-10T09:36:00.462656+00:00"
"USAJOBS","Logistics Officer","Central Intelligence Agency","https://www.usajobs.gov:443/job/757408900","Logistics Officers work on accomplished teams both domestically and abroad, that provide a full range of logistics and supply chain solutions in support of the Agency's global mission.","$82305-$107156 PA","Washington, District of Columbia","Logistics Officers work on accomplished teams both domestically and abroad, that provide a full range of logistics and supply chain solutions in support of the Agency's global mission.","","","","2026-08-10T09:36:00.463430+00:00"
"USAJOBS","Registered Nurse","Central Intelligence Agency","https://www.usajobs.gov:443/job/757411800","Occupational Health Nurses identify and assess occupational and non-occupational illness and injuries, respond to medical emergencies, and provide medical information to those traveling overseas.","$103478-$112662 PA","Washington, District of Columbia","Occupational Health Nurses identify and assess occupational and non-occupational illness and injuries, respond to medical emergencies, and provide medical information to those traveling overseas.","","","","2026-08-10T09:36:00.464125+00:00"
"USAJOBS","Polygraph Examiner","Central Intelligence Agency","https://www.usajobs.gov:443/job/757422900","Polygraph Examiners assess the credibility of individuals as part of the personnel security process, determine eligibility for access to classified information, and interpret physiological data.","$70506-$131826 PA","Washington, District of Columbia","Polygraph Examiners assess the credibility of individuals as part of the personnel security process, determine eligibility for access to classified information, and interpret physiological data.","","","","2026-08-10T09:36:00.465240+00:00"
"USAJOBS","Psychiatrist","Central Intelligence Agency","https://www.usajobs.gov:443/job/757426600","Psychiatrists help the CIA mission where it intersects with psychiatric and broader behavioral issues and provide medical care to Agency employees, dependents, and other Agency sponsored people.","$335000-$335000 PA","Washington, District of Columbia","Psychiatrists help the CIA mission where it intersects with psychiatric and broader behavioral issues and provide medical care to Agency employees, dependents, and other Agency sponsored people.","","","","2026-08-10T09:36:00.465949+00:00"
"USAJOBS","Support Integration Officer (Deployed Support Officer)","Central Intelligence Agency","https://www.usajobs.gov:443/job/757435200","Support Integration Officers provide global operational support, including budget, logistics, and human resources to resolve tactical issues and create location-specific processes.","$75972-$100097 PA","Washington, District of Columbia","Support Integration Officers provide global operational support, including budget, logistics, and human resources to resolve tactical issues and create location-specific processes.","","","","2026-08-10T09:36:00.466677+00:00"
"USAJOBS","Firefighter","Central Intelligence Agency","https://www.usajobs.gov:443/job/758639900","As a Firefighter (non-supervisory), you will respond to and mitigate emergency incidents, to include fires, Haz Mat incidents, auto accidents, and provide emergency care to ill and injured persons.","$79891-$123072 PA","Washington, District of Columbia","As a Firefighter (non-supervisory), you will respond to and mitigate emergency incidents, to include fires, Haz Mat incidents, auto accidents, and provide emergency care to ill and injured persons.","","","","2026-08-10T09:36:00.467410+00:00"
"USAJOBS","Data Engineer","Central Intelligence Agency","https://www.usajobs.gov:443/job/759326100","DDI Data Engineers solve critical data challenges by building optimal data pipelines, analyzing and transforming data, and delivering data to systems to advance CIA's intelligence mission.","$74584-$156755 PA","Washington, District of Columbia","DDI Data Engineers solve critical data challenges by building optimal data pipelines, analyzing and transforming data, and delivering data to systems to advance CIA's intelligence mission.","","","","2026-08-10T09:36:00.468176+00:00"
"USAJOBS","Utility Engineer","Central Intelligence Agency","https://www.usajobs.gov:443/job/759402100","Utility Engineers oversee industrial utility systems and infrastructure deployed at Agency data centers worldwide.","$75332-$133142 PA","Washington, District of Columbia","Utility Engineers oversee industrial utility systems and infrastructure deployed at Agency data centers worldwide.","","","","2026-08-10T09:36:00.469260+00:00"
"USAJOBS","Organizational Psychologist","Central Intelligence Agency","https://www.usajobs.gov:443/job/764669300","Organizational Psychologists work in a consulting environment, eliciting client needs then designing, conducting, and reporting applied research to meet those requirements.","$179891-$288000 PA","Washington, District of Columbia","Organizational Psychologists work in a consulting environment, eliciting client needs then designing, conducting, and reporting applied research to meet those requirements.","","","","2026-08-10T09:36:00.469628+00:00"
"USAJOBS","Clinical Psychologist","Central Intelligence Agency","https://www.usajobs.gov:443/job/764671200","The CIA is seeking highly skilled and adaptable Clinical Psychologists to support national security through a range of psychological services including assessments, interventions, consultations, and training.","$179891-$288000 PA","Washington, District of Columbia","The CIA is seeking highly skilled and adaptable Clinical Psychologists to support national security through a range of psychological services including assessments, interventions, consultations, and training.","","","","2026-08-10T09:36:00.470144+00:00"
"USAJOBS","Finance Resource Officer","Central Intelligence Agency","https://www.usajobs.gov:443/job/772409300","Finance Resource Officers provide financial services, including financial calculations based on regulations and operational activities; analysis of programs and budgets; and other job functions.","$76726-$133964 PA","Washington, District of Columbia","Finance Resource Officers provide financial services, including financial calculations based on regulations and operational activities; analysis of programs and budgets; and other job functions.","","","","2026-08-10T09:36:00.470897+00:00"
"USAJOBS","Foreign Language Instructor","Central Intelligence Agency","https://www.usajobs.gov:443/job/789407600","Foreign Language Instructors provide CIA officers with the foreign language skills and cross-cultural savviness needed to live and work abroad. They also conduct regular language proficiency testing.","$85546-$133142 PA","Washington, District of Columbia","Foreign Language Instructors provide CIA officers with the foreign language skills and cross-cultural savviness needed to live and work abroad. They also conduct regular language proficiency testing.","","","","2026-08-10T09:36:00.471465+00:00"
"USAJOBS","AIRCRAFT ELECTRICIAN (Title 32)","Air National Guard Units","https://www.usajobs.gov:443/job/826299600","This position is located at the 149th MAI SQ, in San Antonio, TX. The position functions to analyze malfunctions, troubleshoot, remove, install, repair, modify, maintain, test, align, calibrate and certify the components of the aircraft electrical system the electronically and pneumatically controlled environmental system, and associated test equipment, and to certify these systems are air worthy. Texas is one of 9 states with NO state income tax.","$33.3-$38.85 PH","Kelly AFB, Texas","This position is located at the 149th MAI SQ, in San Antonio, TX. The position functions to analyze malfunctions, troubleshoot, remove, install, repair, modify, maintain, test, align, calibrate and certify the components of the aircraft electrical system the electronically and pneumatically controlled environmental system, and associated test equipment, and to certify these systems are air worthy. Texas is one of 9 states with NO state income tax.","","","","2026-08-10T09:36:00.472285+00:00"
"USAJOBS","Financial System Analyst","Department of Homeland Security Headquarters","https://www.usajobs.gov:443/job/831497100","1-year non-reimbursable assignment United States Secret Service Financial System Analyst Series Requested: 0501 Security Clearance: TS Onsite Only Only current, full-time federal employees are eligible. Resumes are reviewed every 30 days until selection/closing date. This is a Detail, not a Developmental Rotation. You will be expected to perform as an incumbent in this position. Supervisory approval form must be signed. Read the entire announcement prior to submitting.","$101401-$185234 PA","Washington, District of Columbia","1-year non-reimbursable assignment United States Secret Service Financial System Analyst Series Requested: 0501 Security Clearance: TS Onsite Only Only current, full-time federal employees are eligible. Resumes are reviewed every 30 days until selection/closing date. This is a Detail, not a Developmental Rotation. You will be expected to perform as an incumbent in this position. Supervisory approval form must be signed. Read the entire announcement prior to submitting.","","","","2026-08-10T09:36:00.473469+00:00"
"USAJOBS","GUEST SERVICES REPRESENTATIVE (MCGUIRE)","Air Mobility Command","https://www.usajobs.gov:443/job/835811200","About the position: This position is Non-appropriated Fund (NAF) and will be assigned to the All American Inn, McGuire AFB, NJ.","$15.92-$15.92 PH","McGuire AFB, New Jersey","About the position: This position is Non-appropriated Fund (NAF) and will be assigned to the All American Inn, McGuire AFB, NJ.","","","","2026-08-10T09:36:00.474513+00:00"
"USAJOBS","Operational Careers","Central Intelligence Agency","https://www.usajobs.gov:443/job/839089400","Discover an operational career at the CIA, where your creativity, critical thinking, discipline, teamwork, and unwavering dedication are vital in delivering foreign intelligence to U.S. Government policymakers. Immerse yourself in mission and purpose with global impact, while you help provide the United States with a tactical and strategic advantage. Please visit cia.gov/careers, to view all job opportunities currently available.","$72254-$109975 PA","Washington, District of Columbia","Discover an operational career at the CIA, where your creativity, critical thinking, discipline, teamwork, and unwavering dedication are vital in delivering foreign intelligence to U.S. Government policymakers. Immerse yourself in mission and purpose with global impact, while you help provide the United States with a tactical and strategic advantage. Please visit cia.gov/careers, to view all job opportunities currently available.","","","","2026-08-10T09:36:00.475014+00:00"
"USAJOBS","FOOD SERVICE WORKER (MVO)","Air Mobility Command","https://www.usajobs.gov:443/job/842910200","About the position: This position is Non-appropriated Fund (NAF) and will be assigned to the Food Truck at McGuire AFB, New Jersey.","$19.75-$19.75 PH","McGuire AFB, New Jersey","About the position: This position is Non-appropriated Fund (NAF) and will be assigned to the Food Truck at McGuire AFB, New Jersey.","","","","2026-08-10T09:36:00.476045+00:00"
"USAJOBS","AIRCRAFT ORDNANCE SYSTEMS MECHANIC (TITLE 32-INDEF)","Air National Guard Units","https://www.usajobs.gov:443/job/844777000","This position is part of the 149 Maintenance Squadron located on Kelly AFB in San Antonio, TX. The primary purposeof this position is to perform on and off equipment maintenance on aircraftegress systems, such as aircraft ejection seats, extraction and escape systems,egress components of jettison canopies, explosive components of escape hatches anddoors, and egress trainers. Texas is one of 9 states with NO state income tax.","$31.42-$36.64 PH","Kelly AFB, Texas","This position is part of the 149 Maintenance Squadron located on Kelly AFB in San Antonio, TX. The primary purposeof this position is to perform on and off equipment maintenance on aircraftegress systems, such as aircraft ejection seats, extraction and escape systems,egress components of jettison canopies, explosive components of escape hatches anddoors, and egress trainers. Texas is one of 9 states with NO state income tax.","","","","2026-08-10T09:36:00.476543+00:00"
"USAJOBS","Intelligence Research Specialist","Department of Homeland Security Headquarters","https://www.usajobs.gov:443/job/845309600","1-year non-reimbursable assignment U.S. Customs and Border Protection Intelligence Research Specialist Series Requested: 0132 Security Clearance: Top Secret/SCI Virtual/Remote: No Only current, full-time federal employees are eligible. Resumes are reviewed every 30 days until selection/closing date. This is a Detail, not a Developmental Rotation. Supervisory approval form must be signed.","$91430-$161448 PA","Multiple Locations","1-year non-reimbursable assignment U.S. Customs and Border Protection Intelligence Research Specialist Series Requested: 0132 Security Clearance: Top Secret/SCI Virtual/Remote: No Only current, full-time federal employees are eligible. Resumes are reviewed every 30 days until selection/closing date. This is a Detail, not a Developmental Rotation. Supervisory approval form must be signed.","","","","2026-08-10T09:36:00.477595+00:00"
"USAJOBS","Health Services Administrator (O-6 Billet) Supervisory","Immigration and Customs Enforcement","https://www.usajobs.gov:443/job/846588200","The Health Services Administrator supervises healthcare operations at large ICE Health Service Corps (IHSC) facilities, ensuring compliance with policies, and accreditation standards. Responsibilities include managing staff, overseeing contracts, monitoring programs, and maintaining high-quality care. The role requires adaptability in a detention setting. This position is only open to current USPHS officers. USPHS Call to Active Duty (CAD) candidates are not eligible for this position.","$1-$150000 PA","Elizabeth, New Jersey","The Health Services Administrator supervises healthcare operations at large ICE Health Service Corps (IHSC) facilities, ensuring compliance with policies, and accreditation standards. Responsibilities include managing staff, overseeing contracts, monitoring programs, and maintaining high-quality care. The role requires adaptability in a detention setting. This position is only open to current USPHS officers. USPHS Call to Active Duty (CAD) candidates are not eligible for this position.","","","","2026-08-10T09:36:00.478578+00:00"
"USAJOBS","Clinical Nurse Manager (O-6 Billet) Supervisory","Immigration and Customs Enforcement","https://www.usajobs.gov:443/job/846588300","The Clinical Nurse Manager oversees nursing services at ICE facilities, ensuring compliance with laws, regulations, and standards. Responsibilities include supervising staff, managing operations, and conducting training. The role requires advanced nursing expertise, leadership, and adaptability in high-tempo environments, including detention & staging facilities. This position is only open to current USPHS officers. USPHS Call to Active Duty (CAD) candidates are not eligible for this position.","$1-$150000 PA","Batavia, New York","The Clinical Nurse Manager oversees nursing services at ICE facilities, ensuring compliance with laws, regulations, and standards. Responsibilities include supervising staff, managing operations, and conducting training. The role requires advanced nursing expertise, leadership, and adaptability in high-tempo environments, including detention & staging facilities. This position is only open to current USPHS officers. USPHS Call to Active Duty (CAD) candidates are not eligible for this position.","","","","2026-08-10T09:36:00.479837+00:00"
"USAJOBS","Clinical Nurse Manager (O-6 Billet) Supervisory","Immigration and Customs Enforcement","https://www.usajobs.gov:443/job/846588400","The Clinical Nurse Manager oversees nursing services at ICE facilities, ensuring compliance with laws, regulations, and standards. Responsibilities include supervising staff, managing operations, and conducting training. The role requires advanced nursing expertise, leadership, and adaptability in high-tempo environments, including detention & staging facilities. This position is only open to current USPHS officers. USPHS Call to Active Duty (CAD) candidates are not eligible for this position.","$1-$150000 PA","Miami, Florida","The Clinical Nurse Manager oversees nursing services at ICE facilities, ensuring compliance with laws, regulations, and standards. Responsibilities include supervising staff, managing operations, and conducting training. The role requires advanced nursing expertise, leadership, and adaptability in high-tempo environments, including detention & staging facilities. This position is only open to current USPHS officers. USPHS Call to Active Duty (CAD) candidates are not eligible for this position.","","","","2026-08-10T09:36:00.481008+00:00"
"USAJOBS","Clinical Nurse Manager (O-6 Billet) Supervisory","Immigration and Customs Enforcement","https://www.usajobs.gov:443/job/846588500","The Clinical Nurse Manager oversees nursing services at ICE facilities, ensuring compliance with laws, regulations, and standards. Responsibilities include supervising staff, managing operations, and conducting training. The role requires advanced nursing expertise, leadership, and adaptability in high-tempo environments, including detention and staging facilities This position is only open to current USPHS officers. USPHS Call to Active Duty (CAD) candidates are not eligible for this position.","$1-$150000 PA","Tacoma, Washington","The Clinical Nurse Manager oversees nursing services at ICE facilities, ensuring compliance with laws, regulations, and standards. Responsibilities include supervising staff, managing operations, and conducting training. The role requires advanced nursing expertise, leadership, and adaptability in high-tempo environments, including detention and staging facilities This position is only open to current USPHS officers. USPHS Call to Active Duty (CAD) candidates are not eligible for this position.","","","","2026-08-10T09:36:00.482178+00:00"
"USAJOBS","Physician, Medical Asset Support Team (O-6 Billet) Non-Supervisory","Immigration and Customs Enforcement","https://www.usajobs.gov:443/job/846588600","The Physician, Medical Asset Support Team (MAST), provides direct patient care during ICE removal missions and DHS operations, including emergency response and medical oversight in austere environments. The role requires advanced medical expertise, adaptability, readiness for rapid deployment, and collaboration with multiple agencies and stakeholders. This position is only open to USPHS officers and Call to Active Duty (CAD) candidates.","$1-$150000 PA","Washington, District of Columbia","The Physician, Medical Asset Support Team (MAST), provides direct patient care during ICE removal missions and DHS operations, including emergency response and medical oversight in austere environments. The role requires advanced medical expertise, adaptability, readiness for rapid deployment, and collaboration with multiple agencies and stakeholders. This position is only open to USPHS officers and Call to Active Duty (CAD) candidates.","","","","2026-08-10T09:36:00.483347+00:00"
"USAJOBS","Psychiatric Advanced Practice Provider (O-4/O-5 Billet) Non-Supervisory","Immigration and Customs Enforcement","https://www.usajobs.gov:443/job/846588900","The Psychiatric Advanced Practice Provider delivers psychiatric care to ICE detainees, including evaluations, treatment plans, medication management, and crisis intervention. The role involves collaboration with psychiatrists, clinical directors, and consultants, mentoring peers, and supporting policy development. It requires psychiatric certification, clinical expertise, and adaptability to schedule changes. This position is only open to USPHS officers and Call to Active Duty (CAD) candidates.","$1-$150000 PA","Batavia, New York","The Psychiatric Advanced Practice Provider delivers psychiatric care to ICE detainees, including evaluations, treatment plans, medication management, and crisis intervention. The role involves collaboration with psychiatrists, clinical directors, and consultants, mentoring peers, and supporting policy development. It requires psychiatric certification, clinical expertise, and adaptability to schedule changes. This position is only open to USPHS officers and Call to Active Duty (CAD) candidates.","","","","2026-08-10T09:36:00.484471+00:00"
"USAJOBS","Psychiatric Advanced Practice Provider (O-4/O-5 Billet) Non-Supervisory","Immigration and Customs Enforcement","https://www.usajobs.gov:443/job/846589000","The Psychiatric Advanced Practice Provider delivers psychiatric care to ICE detainees, including evaluations, treatment plans, medication management, and crisis intervention. The role involves collaboration with psychiatrists, clinical directors, and consultants, mentoring peers, and supporting policy development. It requires psychiatric certification, clinical expertise, and adaptability to schedule changes. This position is only open to USPHS officers and Call to Active Duty (CAD) candidates.","$1-$150000 PA","El Paso, Texas","The Psychiatric Advanced Practice Provider delivers psychiatric care to ICE detainees, including evaluations, treatment plans, medication management, and crisis intervention. The role involves collaboration with psychiatrists, clinical directors, and consultants, mentoring peers, and supporting policy development. It requires psychiatric certification, clinical expertise, and adaptability to schedule changes. This position is only open to USPHS officers and Call to Active Duty (CAD) candidates.","","","","2026-08-10T09:36:00.485708+00:00"
"USAJOBS","Psychiatric Advanced Practice Provider (O-4/O-5 Billet) Non-Supervisory","Immigration and Customs Enforcement","https://www.usajobs.gov:443/job/846589100","The Psychiatric Advanced Practice Provider delivers psychiatric care to ICE detainees, including evaluations, treatment plans, medication management, and crisis intervention. The role involves collaboration with psychiatrists, clinical directors, and consultants, mentoring peers, and supporting policy development. It requires psychiatric certification, clinical expertise, and adaptability to schedule changes. This position is only open to USPHS officers and Call to Active Duty (CAD) candidates","$1-$150000 PA","Jena, Louisiana","The Psychiatric Advanced Practice Provider delivers psychiatric care to ICE detainees, including evaluations, treatment plans, medication management, and crisis intervention. The role involves collaboration with psychiatrists, clinical directors, and consultants, mentoring peers, and supporting policy development. It requires psychiatric certification, clinical expertise, and adaptability to schedule changes. This position is only open to USPHS officers and Call to Active Duty (CAD) candidates","","","","2026-08-10T09:36:00.486927+00:00"
"USAJOBS","Registered Nurse (O-4 Billet) Non-Supervisory","Immigration and Customs Enforcement","https://www.usajobs.gov:443/job/846590300","The Registered Nurse provides advanced nursing care to ICE detainees, including assessments, triage, medication administration, emergency response, and patient education. Responsibilities include leadership roles such as Charge Nurse or Team Lead, mentoring, and process development. The role requires clinical expertise, adaptability, and the ability to work in a multidisciplinary team in a detention setting. This position is only open to USPHS officers and Call to Active Duty (CAD) candidates.","$1-$150000 PA","Elizabeth, New Jersey","The Registered Nurse provides advanced nursing care to ICE detainees, including assessments, triage, medication administration, emergency response, and patient education. Responsibilities include leadership roles such as Charge Nurse or Team Lead, mentoring, and process development. The role requires clinical expertise, adaptability, and the ability to work in a multidisciplinary team in a detention setting. This position is only open to USPHS officers and Call to Active Duty (CAD) candidates.","","","","2026-08-10T09:36:00.488124+00:00"
"USAJOBS","Clinical Assistant Nurse Manager (O-5 Billet) Supervisory","Immigration and Customs Enforcement","https://www.usajobs.gov:443/job/846610800","The Clinical Assistant Nurse Manager supervises nursing services at ICE facilities, ensuring compliance with laws, policies, and standards. Responsibilities include staff supervision, quality assurance, and patient care. Requires RN licensure, 5+ years of clinical experience. Reports to the Nurse Manager (NM) and Regional NM, serving as acting NM as needed. This position is only open to current USPHS officers. USPHS Call to Active Duty (CAD) candidates are not eligible for this position.","$1-$150000 PA","Pearsall, Texas","The Clinical Assistant Nurse Manager supervises nursing services at ICE facilities, ensuring compliance with laws, policies, and standards. Responsibilities include staff supervision, quality assurance, and patient care. Requires RN licensure, 5+ years of clinical experience. Reports to the Nurse Manager (NM) and Regional NM, serving as acting NM as needed. This position is only open to current USPHS officers. USPHS Call to Active Duty (CAD) candidates are not eligible for this position.","","","","2026-08-10T09:36:00.489374+00:00"
"USAJOBS","Clinical Nurse Manager (O-6 Billet) Supervisory","Immigration and Customs Enforcement","https://www.usajobs.gov:443/job/846611000","The Clinical Nurse Manager oversees nursing services at ICE facilities, ensuring compliance with laws, policies, and standards. Requires RN licensure, 9+ years of clinical experience, and 3+ years of supervisory experience. Serves as part of the local leadership team and reports to the Regional Nurse Manager. This position is only open to current USPHS officers. USPHS Call to Active Duty (CAD) candidates are not eligible for this position.","$1-$150000 PA","Houston, Texas","The Clinical Nurse Manager oversees nursing services at ICE facilities, ensuring compliance with laws, policies, and standards. Requires RN licensure, 9+ years of clinical experience, and 3+ years of supervisory experience. Serves as part of the local leadership team and reports to the Regional Nurse Manager. This position is only open to current USPHS officers. USPHS Call to Active Duty (CAD) candidates are not eligible for this position.","","","","2026-08-10T09:36:00.490537+00:00"
"USAJOBS","Advanced Practice Provider (O-5 Billet) Supervisory","Immigration and Customs Enforcement","https://www.usajobs.gov:443/job/846616500","The Supervisory Advanced Practice Provider oversees Physician Assistants and Nurse Practitioners at the DHS IHSC facility, training, and schedules. Provides direct detainee care, performs evaluations, and prescribes medications. Requires licensure, certification, and 6+ years clinical experience. The Supervisory APP reports directly to the facility Clinical Director. This position is only open to USPHS officers and Call to Active Duty (CAD) candidates.","$1-$150000 PA","Tacoma, Washington","The Supervisory Advanced Practice Provider oversees Physician Assistants and Nurse Practitioners at the DHS IHSC facility, training, and schedules. Provides direct detainee care, performs evaluations, and prescribes medications. Requires licensure, certification, and 6+ years clinical experience. The Supervisory APP reports directly to the facility Clinical Director. This position is only open to USPHS officers and Call to Active Duty (CAD) candidates.","","","","2026-08-10T09:36:00.491594+00:00"
"USAJOBS","Advanced Practice Provider (O-3/O-4/O-5 Billet) Non-Supervisory","Immigration and Customs Enforcement","https://www.usajobs.gov:443/job/846623200","The Physician Assistant (PA) or Nurse Practitioner (NP) provides direct detainee care, including evaluations, minor procedures, and medication prescriptions. Coordinates referrals, ensures policy compliance, and mentors APPs. Requires licensure and certification. The incumbent reports directly to the Supervisory APP. If no Supervisory APP is on-site, the incumbent reports to the facility Clinical Director. This position is only open to USPHS officers and Call to Active Duty (CAD) candidates.","$1-$150000 PA","Eloy, Arizona","The Physician Assistant (PA) or Nurse Practitioner (NP) provides direct detainee care, including evaluations, minor procedures, and medication prescriptions. Coordinates referrals, ensures policy compliance, and mentors APPs. Requires licensure and certification. The incumbent reports directly to the Supervisory APP. If no Supervisory APP is on-site, the incumbent reports to the facility Clinical Director. This position is only open to USPHS officers and Call to Active Duty (CAD) candidates.","","","","2026-08-10T09:36:00.492795+00:00"
"USAJOBS","Compliance - Healthcare Risk Management Program Manager (O-5 Billet) Non-Supervisory","Immigration and Customs Enforcement","https://www.usajobs.gov:443/job/846626800","The Compliance - Healthcare Risk Management Program Manager oversees risk management within ICE/IHSC, focusing on preventing, reducing, and controlling organizational loss while improving healthcare and safety for detainees. Responsibilities include incident reporting, root cause analysis, and enhancing patient safety. Requires healthcare expertise, advanced education, and certification in risk management. This position is only open to USPHS officers and Call to Active Duty (CAD) candidates.","$1-$150000 PA","Washington, District of Columbia","The Compliance - Healthcare Risk Management Program Manager oversees risk management within ICE/IHSC, focusing on preventing, reducing, and controlling organizational loss while improving healthcare and safety for detainees. Responsibilities include incident reporting, root cause analysis, and enhancing patient safety. Requires healthcare expertise, advanced education, and certification in risk management. This position is only open to USPHS officers and Call to Active Duty (CAD) candidates.","","","","2026-08-10T09:36:00.494031+00:00"
"USAJOBS","Airway Transportation Systems Specialist (NAS)","Federal Aviation Administration","https://www.usajobs.gov:443/job/846693400","The Airway Transportation Systems Specialist (ATSS) will be assigned to the Boston ARTCC SOC (WEP31-ZBW).","$101536-$157367 PA","Nashua, New Hampshire","The Airway Transportation Systems Specialist (ATSS) will be assigned to the Boston ARTCC SOC (WEP31-ZBW).","","","","2026-08-10T09:36:00.495100+00:00"
"USAJOBS","MATHEMATICIAN","Air Force Civilian Career Training","https://www.usajobs.gov:443/job/846709100","The Palace Acquire Program offers you a permanent position upon completion of your formal training plan. As a Palace Acquire Intern you will experience both personal and professional growth while dealing effectively and ethically with change, complexity, and problem solving. The program offers a 3-year formal training plan with yearly salary increases. Promotions and salary increases are based upon your successful performance and supervisory approval.","$49960-$99314 PA","Multiple Locations","The Palace Acquire Program offers you a permanent position upon completion of your formal training plan. As a Palace Acquire Intern you will experience both personal and professional growth while dealing effectively and ethically with change, complexity, and problem solving. The program offers a 3-year formal training plan with yearly salary increases. Promotions and salary increases are based upon your successful performance and supervisory approval.","","","","2026-08-10T09:36:00.495560+00:00"
"USAJOBS","PHYSICAL SCIENTIST (ENVIRONMENTAL)","Air Force Civilian Career Training","https://www.usajobs.gov:443/job/846709200","The PALACE Acquire Program offers you a permanent position upon completion of your formal training plan. As a Palace Acquire Intern you will experience both personal and professional growth while dealing effectively and ethically with change, complexity, and problem solving. The program offers a 3-year formal training plan with yearly salary increases. Promotions and salary increases are based upon your successful performance and supervisory approval.","$49960-$99314 PA","Multiple Locations","The PALACE Acquire Program offers you a permanent position upon completion of your formal training plan. As a Palace Acquire Intern you will experience both personal and professional growth while dealing effectively and ethically with change, complexity, and problem solving. The program offers a 3-year formal training plan with yearly salary increases. Promotions and salary increases are based upon your successful performance and supervisory approval.","","","","2026-08-10T09:36:00.496590+00:00"
"USAJOBS","DATA SCIENTIST","Air Force Civilian Career Training","https://www.usajobs.gov:443/job/846709300","The PALACE Acquire Program offers you a permanent position upon completion of your formal training plan. As a Palace Acquire Intern you will experience both personal and professional growth while dealing effectively and ethically with change, complexity, and problem solving. The program offers a 3-year formal training plan with yearly salary increases. Promotions and salary increases are based upon your successful performance and supervisory approval.","$49960-$99314 PA","Multiple Locations","The PALACE Acquire Program offers you a permanent position upon completion of your formal training plan. As a Palace Acquire Intern you will experience both personal and professional growth while dealing effectively and ethically with change, complexity, and problem solving. The program offers a 3-year formal training plan with yearly salary increases. Promotions and salary increases are based upon your successful performance and supervisory approval.","","","","2026-08-10T09:36:00.497636+00:00"
"USAJOBS","Technical Operations (AJW) Airway Transportation Systems Specialist Employee Requested Reassignment","Federal Aviation Administration","https://www.usajobs.gov:443/job/846713900","This announcement is for FAA permanent employees requesting an Employee Requested Reassignment (ERR) into a 2101 position in Technical Operations. This announcement will not be used for promotions.","$46366-$146571 PA","FAA Tech Ops 2101 ERR Duty Locations Throughout the Nation","This announcement is for FAA permanent employees requesting an Employee Requested Reassignment (ERR) into a 2101 position in Technical Operations. This announcement will not be used for promotions.","","","","2026-08-10T09:36:00.498608+00:00"
"USAJOBS","CHEMIST","Air Force Civilian Career Training","https://www.usajobs.gov:443/job/846730500","The PALACE Acquire Program offers you a permanent position upon completion of your formal training plan. As a Palace Acquire Intern you will experience both personal and professional growth while dealing effectively and ethically with change, complexity, and problem solving. The program offers a 3-year formal training plan with yearly salary increases. Promotions and salary increases are based upon your successful performance and supervisory approval.","$55486-$99314 PA","Multiple Locations","The PALACE Acquire Program offers you a permanent position upon completion of your formal training plan. As a Palace Acquire Intern you will experience both personal and professional growth while dealing effectively and ethically with change, complexity, and problem solving. The program offers a 3-year formal training plan with yearly salary increases. Promotions and salary increases are based upon your successful performance and supervisory approval.","","","","2026-08-10T09:36:00.499256+00:00"
"USAJOBS","Computer Scientist","Air Force Civilian Career Training","https://www.usajobs.gov:443/job/846731400","The PALACE Acquire Program offers you a permanent position upon completion of your formal training plan. As a Palace Acquire Intern you will experience both personal and professional growth while dealing effectively and ethically with change, complexity, and problem solving. The program offers a 3-year formal training plan with yearly salary increases. Promotions and salary increases are based upon your successful performance and supervisory approval.","$56763-$99314 PA","Multiple Locations","The PALACE Acquire Program offers you a permanent position upon completion of your formal training plan. As a Palace Acquire Intern you will experience both personal and professional growth while dealing effectively and ethically with change, complexity, and problem solving. The program offers a 3-year formal training plan with yearly salary increases. Promotions and salary increases are based upon your successful performance and supervisory approval.","","","","2026-08-10T09:36:00.500323+00:00"
"USAJOBS","OPERATIONS RESEARCH ANALYST","Air Force Civilian Career Training","https://www.usajobs.gov:443/job/846734800","The PALACE Acquire Program offers you a permanent position upon completion of your formal training plan. As a Palace Acquire Intern you will experience both personal and professional growth while dealing effectively and ethically with change, complexity, and problem solving. The program offers a 3-year formal training plan with yearly salary increases. Promotions and salary increases are based upon your successful performance and supervisory approval.","$49960-$99314 PA","Multiple Locations","The PALACE Acquire Program offers you a permanent position upon completion of your formal training plan. As a Palace Acquire Intern you will experience both personal and professional growth while dealing effectively and ethically with change, complexity, and problem solving. The program offers a 3-year formal training plan with yearly salary increases. Promotions and salary increases are based upon your successful performance and supervisory approval.","","","","2026-08-10T09:36:00.501391+00:00"
"USAJOBS","ENGINEERING","Air Force Civilian Career Training","https://www.usajobs.gov:443/job/846773600","The PALACE Acquire Program offers you a permanent position upon completion of your formal training plan. As a Palace Acquire Intern you will experience both personal and professional growth while dealing effectively and ethically with change, complexity, and problem solving. The program offers a 3-year formal training plan with yearly salary increases. Promotions and salary increases are based upon your successful performance and supervisory approval.","$55486-$99314 PA","Multiple Locations","The PALACE Acquire Program offers you a permanent position upon completion of your formal training plan. As a Palace Acquire Intern you will experience both personal and professional growth while dealing effectively and ethically with change, complexity, and problem solving. The program offers a 3-year formal training plan with yearly salary increases. Promotions and salary increases are based upon your successful performance and supervisory approval.","","","","2026-08-10T09:36:00.502454+00:00"
"USAJOBS","ELECTRONICS ENGINEER","Air Force Civilian Career Training","https://www.usajobs.gov:443/job/846773700","The PALACE Acquire Program offers you a permanent position upon completion of your formal training plan. As a Palace Acquire Intern you will experience both personal and professional growth while dealing effectively and ethically with change, complexity, and problem solving. The program offers a 3-year formal training plan with yearly salary increases. Promotions and salary increases are based upon your successful performance and supervisory approval.","$79737-$120604 PA","Lackland AFB, Texas","The PALACE Acquire Program offers you a permanent position upon completion of your formal training plan. As a Palace Acquire Intern you will experience both personal and professional growth while dealing effectively and ethically with change, complexity, and problem solving. The program offers a 3-year formal training plan with yearly salary increases. Promotions and salary increases are based upon your successful performance and supervisory approval.","","","","2026-08-10T09:36:00.503523+00:00"
"USAJOBS","COMPUTER SCIENTIST","Air Force Civilian Career Training","https://www.usajobs.gov:443/job/846773800","The PALACE Acquire Program offers you a permanent position upon completion of your formal training plan. As a Palace Acquire Intern you will experience both personal and professional growth while dealing effectively and ethically with change, complexity, and problem solving. The program offers a 3-year formal training plan with yearly salary increases. Promotions and salary increases are based upon your successful performance and supervisory approval.","$79735-$126275 PA","Lackland AFB, Texas","The PALACE Acquire Program offers you a permanent position upon completion of your formal training plan. As a Palace Acquire Intern you will experience both personal and professional growth while dealing effectively and ethically with change, complexity, and problem solving. The program offers a 3-year formal training plan with yearly salary increases. Promotions and salary increases are based upon your successful performance and supervisory approval.","","","","2026-08-10T09:36:00.504550+00:00"
"USAJOBS","BIOLOGICAL SCIENTIST (ENVIRONMENTAL)","Air Force Civilian Career Training","https://www.usajobs.gov:443/job/846774300","Force Renewal Programs are designed to attract students & recent graduates with management/leadership potential to careers as Federal employees with the Air Force Civilian Service. This is accomplished by recruiting & selecting high-caliber candidates & training them to become competent, effective, & productive employees in a variety of career fields; providing training & developmental opportunities, & preparing them to successfully complete required training & developmental assignments.","$49960-$99314 PA","Multiple Locations","Force Renewal Programs are designed to attract students & recent graduates with management/leadership potential to careers as Federal employees with the Air Force Civilian Service. This is accomplished by recruiting & selecting high-caliber candidates & training them to become competent, effective, & productive employees in a variety of career fields; providing training & developmental opportunities, & preparing them to successfully complete required training & developmental assignments.","","","","2026-08-10T09:36:00.505600+00:00"
"USAJOBS","PSYCHOLOGIST","Air Force Civilian Career Training","https://www.usajobs.gov:443/job/846774400","Force Renewal Programs are designed to attract students & recent graduates with management/leadership potential to careers as Federal employees with the Air Force Civilian Service. This is accomplished by recruiting & selecting high-caliber candidates & training them to become competent, effective, & productive employees in a variety of career fields; providing training & developmental opportunities, & preparing them to successfully complete required training & developmental assignments.","$49960-$99314 PA","Multiple Locations","Force Renewal Programs are designed to attract students & recent graduates with management/leadership potential to careers as Federal employees with the Air Force Civilian Service. This is accomplished by recruiting & selecting high-caliber candidates & training them to become competent, effective, & productive employees in a variety of career fields; providing training & developmental opportunities, & preparing them to successfully complete required training & developmental assignments.","","","","2026-08-10T09:36:00.507200+00:00"
"USAJOBS","PHYSICIST","Air Force Civilian Career Training","https://www.usajobs.gov:443/job/846774500","Force Renewal Programs are designed to attract students & recent graduates with management/leadership potential to careers as Federal employees with the Air Force Civilian Service. This is accomplished by recruiting & selecting high-caliber candidates & training them to become competent, effective, & productive employees in a variety of career fields; providing training & developmental opportunities, & preparing them to successfully complete required training & developmental assignments.","$49960-$99314 PA","Multiple Locations","Force Renewal Programs are designed to attract students & recent graduates with management/leadership potential to careers as Federal employees with the Air Force Civilian Service. This is accomplished by recruiting & selecting high-caliber candidates & training them to become competent, effective, & productive employees in a variety of career fields; providing training & developmental opportunities, & preparing them to successfully complete required training & developmental assignments.","","","","2026-08-10T09:36:00.508731+00:00"
"USAJOBS","Inventory Management Specialist","Air Force Civilian Career Training","https://www.usajobs.gov:443/job/846780100","Click on ""Learn more about this agency"" button below for IMPORTANT additional information. The primary purpose of this position is to develop broad gauged individuals who can deal effectively with change and complexity within the Air Force environment as it relates to their career field.","$49960-$115213 PA","Multiple Locations","Click on ""Learn more about this agency"" button below for IMPORTANT additional information. The primary purpose of this position is to develop broad gauged individuals who can deal effectively with change and complexity within the Air Force environment as it relates to their career field.","","","","2026-08-10T09:36:00.510239+00:00"
"USAJOBS","Inventory Management Specialist","Air Force Materiel Command","https://www.usajobs.gov:443/job/846780200","Click on ""Learn more about this agency"" button below for IMPORTANT additional information. The primary purpose of this position is to develop broad gauged individuals who can deal effectively with change and complexity within the Air Force environment as it relates to their career field.","$49960-$115213 PA","Multiple Locations","Click on ""Learn more about this agency"" button below for IMPORTANT additional information. The primary purpose of this position is to develop broad gauged individuals who can deal effectively with change and complexity within the Air Force environment as it relates to their career field.","","","","2026-08-10T09:36:00.510961+00:00"
"USAJOBS","Logistics Management Specialist","Air Force Materiel Command","https://www.usajobs.gov:443/job/846780300","Click on ""Learn more about this agency"" button below for IMPORTANT additional information. The primary purpose of this position is to serve in a PALACE Acquire (PAQ) centrally managed position in the Logistics Career Field. This is a developmental position requiring the performance of assignments that are designed to further develop applicable analytical and evaluative skills and techniques.","$49960-$115213 PA","Multiple Locations","Click on ""Learn more about this agency"" button below for IMPORTANT additional information. The primary purpose of this position is to serve in a PALACE Acquire (PAQ) centrally managed position in the Logistics Career Field. This is a developmental position requiring the performance of assignments that are designed to further develop applicable analytical and evaluative skills and techniques.","","","","2026-08-10T09:36:00.511705+00:00"
"USAJOBS","Logistics Management Specialist","Air Combat Command","https://www.usajobs.gov:443/job/846780400","Click on ""Learn more about this agency"" button below for IMPORTANT additional information. The primary purpose of this position is to serve in a PALACE Acquire (PAQ) centrally managed position in the Logistics Career Field. This is a developmental position requiring the performance of assignments that are designed to further develop applicable analytical and evaluative skills and techniques.","$49960-$122703 PA","Multiple Locations","Click on ""Learn more about this agency"" button below for IMPORTANT additional information. The primary purpose of this position is to serve in a PALACE Acquire (PAQ) centrally managed position in the Logistics Career Field. This is a developmental position requiring the performance of assignments that are designed to further develop applicable analytical and evaluative skills and techniques.","","","","2026-08-10T09:36:00.512642+00:00"
"USAJOBS","Logistics Management Specialist","Air Combat Command","https://www.usajobs.gov:443/job/846780500","Click on ""Learn more about this agency"" button below for IMPORTANT additional information. The primary purpose of this position is to perform the full range of conventional duties relating to a variety of education services programs, and to complete developmental assignments and training outlined in the formal training & development plan.","$49960-$117203 PA","Multiple Locations","Click on ""Learn more about this agency"" button below for IMPORTANT additional information. The primary purpose of this position is to perform the full range of conventional duties relating to a variety of education services programs, and to complete developmental assignments and training outlined in the formal training & development plan.","","","","2026-08-10T09:36:00.513521+00:00"
"USAJOBS","Logistics Management Specialist","Air Force Materiel Command","https://www.usajobs.gov:443/job/846780600","Click on ""Learn more about this agency"" button below for IMPORTANT additional information. The primary purpose of this position is to perform the full range of conventional duties relating to a variety of education services programs, and to complete developmental assignments and training outlined in the formal training & development plan.","$49960-$115213 PA","Multiple Locations","Click on ""Learn more about this agency"" button below for IMPORTANT additional information. The primary purpose of this position is to perform the full range of conventional duties relating to a variety of education services programs, and to complete developmental assignments and training outlined in the formal training & development plan.","","","","2026-08-10T09:36:00.514319+00:00"
"USAJOBS","Logistics Management Specialist","Air Force Materiel Command","https://www.usajobs.gov:443/job/846780700","Click on ""Learn more about this agency"" button below for IMPORTANT additional information. The primary purpose of this position is to serve in a PALACE Acquire (PAQ) centrally managed position in the Logistics Career Field. This is a developmental position requiring the performance of assignments that are designed to further develop applicable analytical and evaluative skills and techniques.","$49960-$115213 PA","Multiple Locations","Click on ""Learn more about this agency"" button below for IMPORTANT additional information. The primary purpose of this position is to serve in a PALACE Acquire (PAQ) centrally managed position in the Logistics Career Field. This is a developmental position requiring the performance of assignments that are designed to further develop applicable analytical and evaluative skills and techniques.","","","","2026-08-10T09:36:00.515122+00:00"
"USAJOBS","Logistics Management Specialist","Air Force Materiel Command","https://www.usajobs.gov:443/job/846780800","Click on ""Learn more about this agency"" button below for IMPORTANT additional information. The primary purpose of this position is to perform the full range of conventional duties relating to a variety of education services programs, and to complete developmental assignments and training outlined in the formal training & development plan.","$49960-$115213 PA","Multiple Locations","Click on ""Learn more about this agency"" button below for IMPORTANT additional information. The primary purpose of this position is to perform the full range of conventional duties relating to a variety of education services programs, and to complete developmental assignments and training outlined in the formal training & development plan.","","","","2026-08-10T09:36:00.516006+00:00"
"USAJOBS","Configuration and Data Management Specialist","Air Force Materiel Command","https://www.usajobs.gov:443/job/846780900","Click on ""Learn more about this agency"" button below for IMPORTANT additional information. The primary purpose of this position is to serve in a PALACE Acquire (PAQ) centrally managed position in the Logistics Career Field. This is a developmental position requiring the performance of assignments that are designed to further develop applicable analytical and evaluative skills and techniques.","$49960-$115213 PA","Multiple Locations","Click on ""Learn more about this agency"" button below for IMPORTANT additional information. The primary purpose of this position is to serve in a PALACE Acquire (PAQ) centrally managed position in the Logistics Career Field. This is a developmental position requiring the performance of assignments that are designed to further develop applicable analytical and evaluative skills and techniques.","","","","2026-08-10T09:36:00.516835+00:00"
"USAJOBS","Configuration and Data Management Specialist","Air Force Materiel Command","https://www.usajobs.gov:443/job/846781000","Click on ""Learn more about this agency"" button below for IMPORTANT additional information. The primary purpose of this position is to serve in a PALACE Acquire (PAQ) centrally managed position in the Logistics Career Field. This is a developmental position requiring the performance of assignments that are designed to further develop applicable analytical and evaluative skills and techniques.","$49960-$115213 PA","Multiple Locations","Click on ""Learn more about this agency"" button below for IMPORTANT additional information. The primary purpose of this position is to serve in a PALACE Acquire (PAQ) centrally managed position in the Logistics Career Field. This is a developmental position requiring the performance of assignments that are designed to further develop applicable analytical and evaluative skills and techniques.","","","","2026-08-10T09:36:00.517764+00:00"
"USAJOBS","Equipment Specialist","United States Space Force","https://www.usajobs.gov:443/job/846781100","Click on ""Learn more about this agency"" button below for IMPORTANT additional information. The primary purpose of this position is to serve in a PALACE Acquire (PAQ) centrally managed position in the Logistics Career Field. This is a developmental position requiring the performance of assignments that are designed to further develop applicable analytical and evaluative skills and techniques.","$49960-$96116 PA","Schriever AFB, Colorado","Click on ""Learn more about this agency"" button below for IMPORTANT additional information. The primary purpose of this position is to serve in a PALACE Acquire (PAQ) centrally managed position in the Logistics Career Field. This is a developmental position requiring the performance of assignments that are designed to further develop applicable analytical and evaluative skills and techniques.","","","","2026-08-10T09:36:00.518745+00:00"
"USAJOBS","Human Resources Specialist","Air Education and Training Command","https://www.usajobs.gov:443/job/846781200","Click on ""Learn more about this agency"" button below for IMPORTANT additional information. The primary purpose of this position is to perform a variety of conventional duties relating to a variety of human relations program areas and to complete developmental assignments and training outlined in the formal training and development program.","$49960-$134317 PA","Multiple Locations","Click on ""Learn more about this agency"" button below for IMPORTANT additional information. The primary purpose of this position is to perform a variety of conventional duties relating to a variety of human relations program areas and to complete developmental assignments and training outlined in the formal training and development program.","","","","2026-08-10T09:36:00.519630+00:00"
"USAJOBS","Child Development Specialist","Air Force Materiel Command","https://www.usajobs.gov:443/job/846781300","Click on ""Learn more about this agency"" button below for IMPORTANT additional information. The primary purpose of this position is to develop broad gauged individuals who can deal effectively with change complexity within the Air Force environment as it relates to the Manpower and Organization career field.","$49960-$112053 PA","Multiple Locations","Click on ""Learn more about this agency"" button below for IMPORTANT additional information. The primary purpose of this position is to develop broad gauged individuals who can deal effectively with change complexity within the Air Force environment as it relates to the Manpower and Organization career field.","","","","2026-08-10T09:36:00.520432+00:00"
"USAJOBS","Youth Program Specialist","Air Force Materiel Command","https://www.usajobs.gov:443/job/846781500","Click on ""Learn more about this agency"" button below for IMPORTANT additional information. The primary purpose of this position is to perform a variety of duties related to youth flight direction and administration and to complete development assignments and training outlined in the formal management trainee training and development plan.","$51821-$112053 PA","Multiple Locations","Click on ""Learn more about this agency"" button below for IMPORTANT additional information. The primary purpose of this position is to perform a variety of duties related to youth flight direction and administration and to complete development assignments and training outlined in the formal management trainee training and development plan.","","","","2026-08-10T09:36:00.521167+00:00"
"USAJOBS","General Education and Training Specialist","Air Force Global Strike Command","https://www.usajobs.gov:443/job/846781600","Click on ""Learn more about this agency"" button below for IMPORTANT additional information. The primary purpose of this position is to perform the full range of conventional duties relating to a variety of education services programs, and to complete developmental assignments and training outlined in the formal training & development plan.","$49960-$90898 PA","Multiple Locations","Click on ""Learn more about this agency"" button below for IMPORTANT additional information. The primary purpose of this position is to perform the full range of conventional duties relating to a variety of education services programs, and to complete developmental assignments and training outlined in the formal training & development plan.","","","","2026-08-10T09:36:00.521965+00:00"
"USAJOBS","Management Analyst","Air Education and Training Command","https://www.usajobs.gov:443/job/846781700","Click on ""Learn more about this agency"" button below to view Eligibilities being considered and other IMPORTANT information. The primary purpose of this position is to develop broad gauged individuals who can deal effectively with change complexity within the Air Force environment as it relates to the Manpower and Organization career field.","$49960-$115213 PA","Multiple Locations","Click on ""Learn more about this agency"" button below to view Eligibilities being considered and other IMPORTANT information. The primary purpose of this position is to develop broad gauged individuals who can deal effectively with change complexity within the Air Force environment as it relates to the Manpower and Organization career field.","","","","2026-08-10T09:36:00.522792+00:00"
"USAJOBS","Instructional Systems Specialist","Air Education and Training Command","https://www.usajobs.gov:443/job/846781800","Click on ""Learn more about this agency"" button below for IMPORTANT additional information. The primary purpose of this position is to perform a variety of conventional duties relating to a variety of Instructional Systems program areas and to complete developmental assignments and training outlined in the formal training and development program.","$49960-$96116 PA","Multiple Locations","Click on ""Learn more about this agency"" button below for IMPORTANT additional information. The primary purpose of this position is to perform a variety of conventional duties relating to a variety of Instructional Systems program areas and to complete developmental assignments and training outlined in the formal training and development program.","","","","2026-08-10T09:36:00.523627+00:00"
"USAJOBS","Work/Life Consultant","Air Force Civilian Career Training","https://www.usajobs.gov:443/job/846782000","Click on ""Learn more about this agency"" button below for IMPORTANT additional information. The primary purpose of this position is to develop broad gauge individuals who can deal effectively with change and complexity within the Air Force environment as it relates to their career field.","$49960-$109975 PA","Multiple Locations","Click on ""Learn more about this agency"" button below for IMPORTANT additional information. The primary purpose of this position is to develop broad gauge individuals who can deal effectively with change and complexity within the Air Force environment as it relates to their career field.","","","","2026-08-10T09:36:00.524442+00:00"
"USAJOBS","Prevention Specialist","Air Education and Training Command","https://www.usajobs.gov:443/job/846782100","Click on ""Learn more about this agency"" button below for IMPORTANT additional information. The primary purpose of this position is to provide assistance to specialists addressing integrated primary prevention activities to effectively prevent negative outcomes associated with sexual assault and harassment, family violence, workplace violence, suicide, and alcohol abuse/misuse prevention.","$49960-$109975 PA","Multiple Locations","Click on ""Learn more about this agency"" button below for IMPORTANT additional information. The primary purpose of this position is to provide assistance to specialists addressing integrated primary prevention activities to effectively prevent negative outcomes associated with sexual assault and harassment, family violence, workplace violence, suicide, and alcohol abuse/misuse prevention.","","","","2026-08-10T09:36:00.525195+00:00"
"USAJOBS","Program analyst (Cyber Operations)","United States Space Force","https://www.usajobs.gov:443/job/846782200","Click on ""Learn more about this agency"" button below for IMPORTANT additional information. The primary purpose of this position is to perform a variety of duties in the analysis and evaluation of cyber operations, and to complete developmental assignments and training outlined in the formal training and development plan.","$51279-$118254 PA","Multiple Locations","Click on ""Learn more about this agency"" button below for IMPORTANT additional information. The primary purpose of this position is to perform a variety of duties in the analysis and evaluation of cyber operations, and to complete developmental assignments and training outlined in the formal training and development plan.","","","","2026-08-10T09:36:00.526058+00:00"
"USAJOBS","Physician - Multiple Specialties (Internal to Marion Veterans Health Care System)","Veterans Health Administration","https://www.usajobs.gov:443/job/846793900","The 2-page Resume requirement does not apply to this occupational series. For more information, refer to Required Documents below. This is an OPEN CONTINUOUS ANNOUNCEMENT in support of the Marion, IL VA Health Care Systems physicians who are seeking a reassignment to an alternative assignment or different location. When you apply, please select the specialty assignment and location you are interested in.","$123077-$400000 PA","Multiple Locations","The 2-page Resume requirement does not apply to this occupational series. For more information, refer to Required Documents below. This is an OPEN CONTINUOUS ANNOUNCEMENT in support of the Marion, IL VA Health Care Systems physicians who are seeking a reassignment to an alternative assignment or different location. When you apply, please select the specialty assignment and location you are interested in.","","","","2026-08-10T09:36:00.526881+00:00"
"USAJOBS","Assistant United States Attorney - Criminal","Executive Office for U.S. Attorneys and the Office of the U.S. Attorneys","https://www.usajobs.gov:443/job/846813800","This announcement will be used to fill one position in Moline, IL and one position in Peoria, IL. As needed, additional positions may be filled using this announcement. The announcement may close prior to the date in the announcement if all positions are filled. This position is open until filled. However, first round consideration will be given to applications submitted by October 29, 2025, 11:59 pm, Eastern Standard Time. Applicant lists will be reviewed approximately every 30 days.","$81000-$140000 PA","Multiple Locations","This announcement will be used to fill one position in Moline, IL and one position in Peoria, IL. As needed, additional positions may be filled using this announcement. The announcement may close prior to the date in the announcement if all positions are filled. This position is open until filled. However, first round consideration will be given to applications submitted by October 29, 2025, 11:59 pm, Eastern Standard Time. Applicant lists will be reviewed approximately every 30 days.","","","","2026-08-10T09:36:00.528021+00:00"
"USAJOBS","CONTRACT SPECIALIST","Air Force Civilian Career Training","https://www.usajobs.gov:443/job/846852600","The purpose of this position is to perform developmental assignments which are designed to provide the employee the application of common contracting methods and contract types, and to assist in the procurement of standard or specialized service; supply; and/or construction items, services, and/or materials primarily through formal advertising, or through limited use of negotiation techniques. The position is centrally managed and funded by the Headquarters Air Force Personnel Center.","$49960-$64952 PA","Multiple Locations","The purpose of this position is to perform developmental assignments which are designed to provide the employee the application of common contracting methods and contract types, and to assist in the procurement of standard or specialized service; supply; and/or construction items, services, and/or materials primarily through formal advertising, or through limited use of negotiation techniques. The position is centrally managed and funded by the Headquarters Air Force Personnel Center.","","","","2026-08-10T09:36:00.529244+00:00"
"USAJOBS","Contract Specialist","Air Force Civilian Career Training","https://www.usajobs.gov:443/job/846856600","The purpose of this position is to perform developmental assignments which are designed to provide the employee the application of common contracting methods and contract types, and to assist in the procurement of standard or specialized service; supply; and/or construction items, services, and/or materials primarily through formal advertising, or through limited use of negotiation techniques. The position is centrally managed and funded by the Headquarters Air Force Personnel Center.","$61111-$79443 PA","Multiple Locations","The purpose of this position is to perform developmental assignments which are designed to provide the employee the application of common contracting methods and contract types, and to assist in the procurement of standard or specialized service; supply; and/or construction items, services, and/or materials primarily through formal advertising, or through limited use of negotiation techniques. The position is centrally managed and funded by the Headquarters Air Force Personnel Center.","","","","2026-08-10T09:36:00.530359+00:00"
"USAJOBS","Student Trainee","Air Force Civilian Career Training","https://www.usajobs.gov:443/job/846866000","The Air Force Civilian Service is pleased to announce the Air Force College Premier Summer Intern Program. Students in their junior year of a full-time baccalaureate program will be able to apply for a full-time paid summer internship lasting 10-12 weeks during the summer session prior to their senior year. Students in their junior year of their baccalaureate program and eligible (5 Year Program). Seniors will be able to apply for a full time internship.","$36825-$52426 PA","Multiple Locations","The Air Force Civilian Service is pleased to announce the Air Force College Premier Summer Intern Program. Students in their junior year of a full-time baccalaureate program will be able to apply for a full-time paid summer internship lasting 10-12 weeks during the summer session prior to their senior year. Students in their junior year of their baccalaureate program and eligible (5 Year Program). Seniors will be able to apply for a full time internship.","","","","2026-08-10T09:36:00.531454+00:00"
"USAJOBS","COOK","U.S. Air Forces, Europe","https://www.usajobs.gov:443/job/846866900","About the position: This position is located at the RAF Menwith Hill, SBII Cafeteria. Open until filled. Must be able to satisfactorily complete a pre-employment physical due to the moderate lifting and physical effort required for the position.","$19.28-$22.49 PH","Menwith Hill, United Kingdom","About the position: This position is located at the RAF Menwith Hill, SBII Cafeteria. Open until filled. Must be able to satisfactorily complete a pre-employment physical due to the moderate lifting and physical effort required for the position.","","","","2026-08-10T09:36:00.532494+00:00"
"USAJOBS","FOOD SERVICE WORKER","U.S. Air Forces, Europe","https://www.usajobs.gov:443/job/846867100","About the position: This position is located at the RAF Menwith Hill, SBII Cafeteria. Open until filled. Must be able to satisfactorily complete a pre-employment physical due to the moderate lifting and physical effort required for the position.","$17.6-$20.54 PH","Menwith Hill, United Kingdom","About the position: This position is located at the RAF Menwith Hill, SBII Cafeteria. Open until filled. Must be able to satisfactorily complete a pre-employment physical due to the moderate lifting and physical effort required for the position.","","","","2026-08-10T09:36:00.533095+00:00"
"USAJOBS","POLICE OFFICER","U.S. Marine Corps","https://www.usajobs.gov:443/job/846888900","This is a public notice flyer to notify interested applicants of anticipated vacancies. Applications will not be accepted through this flyer. Interested applicants must follow the directions in the ""How to Apply"" section of this flyer to be considered. There may or may not be actual vacancies filled from this flyer. Notice of Result letters will not be sent to applicants who respond to this flyer.","$38802-$69912 PA","Jacksonville, Florida","This is a public notice flyer to notify interested applicants of anticipated vacancies. Applications will not be accepted through this flyer. Interested applicants must follow the directions in the ""How to Apply"" section of this flyer to be considered. There may or may not be actual vacancies filled from this flyer. Notice of Result letters will not be sent to applicants who respond to this flyer.","","","","2026-08-10T09:36:00.533758+00:00"
"USAJOBS","Licensed Professional Mental Health Counselor (PCMHI) - EDRP Approved","Veterans Health Administration","https://www.usajobs.gov:443/job/846890500","This position is eligible for the Education Debt Reduction Program (EDRP), a student loan payment reimbursement program. You must meet specific individual eligibility requirements in accordance with VHA policy and submit your EDRP application within four months of appointment. Program Approval, award amount (up to $200,000) and eligibility period (one to five years) are determined by the VHA Education Loan Repayment Services program office after complete review of the EDRP application.","$61722-$97087 PA","McAllen, Texas","This position is eligible for the Education Debt Reduction Program (EDRP), a student loan payment reimbursement program. You must meet specific individual eligibility requirements in accordance with VHA policy and submit your EDRP application within four months of appointment. Program Approval, award amount (up to $200,000) and eligibility period (one to five years) are determined by the VHA Education Loan Repayment Services program office after complete review of the EDRP application.","","","","2026-08-10T09:36:00.534761+00:00"
"USAJOBS","PM&R PHYSICIAN (PAIN MANAGEMENT)","Veterans Health Administration","https://www.usajobs.gov:443/job/846923500","This position is eligible for the Education Debt Reduction Program (EDRP), a student loan payment reimbursement program. You must meet specific eligibility requirements per VHA policy and submit your EDRP application within four months of appointment. Program Approval, award amount (up to $200,000) & eligibility period (one to five years) are determined by the VHA Education Loan Repayment Services program office after review of the EDRP application. Former EDRP participants ineligible to apply.","$340000-$400000 PA","Columbia, Missouri","This position is eligible for the Education Debt Reduction Program (EDRP), a student loan payment reimbursement program. You must meet specific eligibility requirements per VHA policy and submit your EDRP application within four months of appointment. Program Approval, award amount (up to $200,000) & eligibility period (one to five years) are determined by the VHA Education Loan Repayment Services program office after review of the EDRP application. Former EDRP participants ineligible to apply.","","","","2026-08-10T09:36:00.535931+00:00"
"USAJOBS","Physician - Primary Care (Sedalia)","Veterans Health Administration","https://www.usajobs.gov:443/job/846945700","This position is eligible for the Education Debt Reduction Program (EDRP), a student loan payment reimbursement program. You must meet specific eligibility requirements per VHA policy and submit your EDRP application within four months of appointment. Program Approval, award amount (up to $200,000) & eligibility period (one to five years) are determined by the VHA Education Loan Repayment Services program office after review of the EDRP application. Former EDRP participants ineligible to apply.","$250000-$258000 PA","Sedalia, Missouri","This position is eligible for the Education Debt Reduction Program (EDRP), a student loan payment reimbursement program. You must meet specific eligibility requirements per VHA policy and submit your EDRP application within four months of appointment. Program Approval, award amount (up to $200,000) & eligibility period (one to five years) are determined by the VHA Education Loan Repayment Services program office after review of the EDRP application. Former EDRP participants ineligible to apply.","","","","2026-08-10T09:36:00.537078+00:00"
"USAJOBS","Transportation Security Officer","Transportation Security Administration","https://www.usajobs.gov:443/job/846974600","Transportation Security Officers are responsible for providing security and protection of travelers across all transportation sectors in a courteous and professional manner. Their duties may also extend to securing high-profile events, important figures and/or anything that includes or impacts our transportation systems.","$46105-$56844 PA","Gunnison, Colorado","Transportation Security Officers are responsible for providing security and protection of travelers across all transportation sectors in a courteous and professional manner. Their duties may also extend to securing high-profile events, important figures and/or anything that includes or impacts our transportation systems.","","","","2026-08-10T09:36:00.538165+00:00"
"USAJOBS","Transportation Security Officer","Transportation Security Administration","https://www.usajobs.gov:443/job/846986300","Transportation Security Officers are responsible for providing security and protection of travelers across all transportation sectors in a courteous and professional manner. Their duties may also extend to securing high-profile events, important figures and/or anything that includes or impacts our transportation systems.","$46105-$56844 PA","Rapid City, South Dakota","Transportation Security Officers are responsible for providing security and protection of travelers across all transportation sectors in a courteous and professional manner. Their duties may also extend to securing high-profile events, important figures and/or anything that includes or impacts our transportation systems.","","","","2026-08-10T09:36:00.539233+00:00"
"USAJOBS","Homeland Defender (Immigration Services Officer)","Citizenship and Immigration Services","https://www.usajobs.gov:443/job/847039500","Protect your homeland and defend your culture. Join USCIS, America's frontline defense against illegal foreign infiltration and fraud. This entry-level role requires no college degree and offers up to $50,000 in signing and retention bonuses. If you're driven and ready to serve with pride, join USCIS and become a vital part of homeland security!","$50420-$81198 PA","Anywhere in the U.S. (remote job)","Protect your homeland and defend your culture. Join USCIS, America's frontline defense against illegal foreign infiltration and fraud. This entry-level role requires no college degree and offers up to $50,000 in signing and retention bonuses. If you're driven and ready to serve with pride, join USCIS and become a vital part of homeland security!","","","","2026-08-10T09:36:00.540335+00:00"
"USAJOBS","Homeland Defender (Immigration Services Officer)","Citizenship and Immigration Services","https://www.usajobs.gov:443/job/847041700","Protect your homeland and defend your culture. Join USCIS, America's frontline defense against illegal foreign infiltration and fraud. This entry-level role requires no college degree and offers up to $50,000 in signing and retention bonuses. If you're driven and ready to serve with pride, join USCIS and become a vital part of homeland security!","$50420-$81198 PA","Anywhere in the U.S. (remote job)","Protect your homeland and defend your culture. Join USCIS, America's frontline defense against illegal foreign infiltration and fraud. This entry-level role requires no college degree and offers up to $50,000 in signing and retention bonuses. If you're driven and ready to serve with pride, join USCIS and become a vital part of homeland security!","","","","2026-08-10T09:36:00.541266+00:00"
"USAJOBS","AIRCRAFT ORDNANCE SYSTEMS MECHANIC","Air National Guard Units","https://www.usajobs.gov:443/job/847048400","This National Guard position is for an AIRCRAFT ORDNANCE SYSTEMS MECHANIC, Position Description Number D0115000 and is part of the Oregon Air National Guard 142nd Wing, National Guard.","$32.42-$42.68 PH","Portland, Oregon","This National Guard position is for an AIRCRAFT ORDNANCE SYSTEMS MECHANIC, Position Description Number D0115000 and is part of the Oregon Air National Guard 142nd Wing, National Guard.","","","","2026-08-10T09:36:00.542127+00:00"
"USAJOBS","Heavy Mobile Equipment Repairer","U.S. Army Reserve Command","https://www.usajobs.gov:443/job/847075600","This is a Direct Hire Authority (DHA) solicitation utilizing the DHA for Certain Personnel of the DoD Workforce to recruit and appoint qualified candidates to positions in the competitive service. About the Position: These military technician positions are with the 88th Readiness Division, Equipment Concentration Site (ECS) 33, located at Fort Riley, Kansas.","$26.78-$31.29 PH","Fort Riley, Kansas","This is a Direct Hire Authority (DHA) solicitation utilizing the DHA for Certain Personnel of the DoD Workforce to recruit and appoint qualified candidates to positions in the competitive service. About the Position: These military technician positions are with the 88th Readiness Division, Equipment Concentration Site (ECS) 33, located at Fort Riley, Kansas.","","","","2026-08-10T09:36:00.542687+00:00"
"USAJOBS","COMPUTER ENGINEER","Air Force Civilian Career Training","https://www.usajobs.gov:443/job/847080100","Force Renewal Programs are designed to attract students & recent graduates with management/leadership potential to careers as Federal employees with the Air Force Civilian Service. This is accomplished by recruiting & selecting high-caliber candidates & training them to become competent, effective, & productive employees in a variety of career fields; providing training & developmental opportunities, & preparing them to successfully complete required training & developmental assignments.","$56763-$88225 PA","Location Negotiable After Selection","Force Renewal Programs are designed to attract students & recent graduates with management/leadership potential to careers as Federal employees with the Air Force Civilian Service. This is accomplished by recruiting & selecting high-caliber candidates & training them to become competent, effective, & productive employees in a variety of career fields; providing training & developmental opportunities, & preparing them to successfully complete required training & developmental assignments.","","","","2026-08-10T09:36:00.543596+00:00"
"USAJOBS","ARCHITECT/ENGINEER (Title 32)","Air National Guard Units","https://www.usajobs.gov:443/job/847094000","THIS IS A NATIONAL GUARD TITLE 32 EXCEPTED SERVICE POSITION. This National Guard position is for a ARCHITECT/ENGINEER (Title 32), Position Description Number D1551000 and is part of the IL 182 AW, National Guard.","$89508-$116362 PA","Peoria, Illinois","THIS IS A NATIONAL GUARD TITLE 32 EXCEPTED SERVICE POSITION. This National Guard position is for a ARCHITECT/ENGINEER (Title 32), Position Description Number D1551000 and is part of the IL 182 AW, National Guard.","","","","2026-08-10T09:36:00.544623+00:00"
"USAJOBS","IT SPECIALIST","Air Force Civilian Career Training","https://www.usajobs.gov:443/job/847096900","Force Renewal Programs are designed to attract students & recent graduates with management/leadership potential to careers as Federal employees with the Air Force Civilian Service. This is accomplished by recruiting & selecting high-caliber candidates & training them to become competent, effective, & productive employees in a variety of career fields; providing training & developmental opportunities, & preparing them to successfully complete required training & developmental assignments.","$56763-$88225 PA","Location Negotiable After Selection","Force Renewal Programs are designed to attract students & recent graduates with management/leadership potential to careers as Federal employees with the Air Force Civilian Service. This is accomplished by recruiting & selecting high-caliber candidates & training them to become competent, effective, & productive employees in a variety of career fields; providing training & developmental opportunities, & preparing them to successfully complete required training & developmental assignments.","","","","2026-08-10T09:36:00.545279+00:00"
"USAJOBS","Electronic Engineer","Air Force Civilian Career Training","https://www.usajobs.gov:443/job/847097100","Force Renewal Programs are designed to attract students & recent graduates with management/leadership potential to careers as Federal employees with the Air Force Civilian Service. This is accomplished by recruiting & selecting high-caliber candidates & training them to become competent, effective, & productive employees in a variety of career fields; providing training & developmental opportunities and preparing them to successfully complete required training & developmental assignments.","$55486-$83525 PA","Location Negotiable After Selection","Force Renewal Programs are designed to attract students & recent graduates with management/leadership potential to careers as Federal employees with the Air Force Civilian Service. This is accomplished by recruiting & selecting high-caliber candidates & training them to become competent, effective, & productive employees in a variety of career fields; providing training & developmental opportunities and preparing them to successfully complete required training & developmental assignments.","","","","2026-08-10T09:36:00.546425+00:00"
"USAJOBS","Educational Aid/Technician (Flexible)","Commander, Navy Installations Command","https://www.usajobs.gov:443/job/847125800","Educational Aids/Technicians (CYP Assistants) work directly with children and youth, keeping them actively engaged, well-cared for, and safe while participating in the CYP. The CYP Assistant's day includes helping children develop social skills such as making friends and conflict resolution; make healthy choices whether it be choosing nutritional snacks or appropriate recreational activities; build self-help and school readiness skills; and explore the environment around them.","$18.71-$21.87 PH","Sigonella Sicily, Italy","Educational Aids/Technicians (CYP Assistants) work directly with children and youth, keeping them actively engaged, well-cared for, and safe while participating in the CYP. The CYP Assistant's day includes helping children develop social skills such as making friends and conflict resolution; make healthy choices whether it be choosing nutritional snacks or appropriate recreational activities; build self-help and school readiness skills; and explore the environment around them.","","","","2026-08-10T09:36:00.547541+00:00"
"USAJOBS","Recreation Aid (Fitness) - Flexible","Commander, Navy Installations Command","https://www.usajobs.gov:443/job/847126800","This position is located at the Fitness Centers of the Morale, Welfare and Recreation (MWR) Department, NAS Sigonella. The primary purpose of this position is to provide assistance in the operation and maintenance of the Fitness program.","$15-$15 PH","Sigonella Sicily, Italy","This position is located at the Fitness Centers of the Morale, Welfare and Recreation (MWR) Department, NAS Sigonella. The primary purpose of this position is to provide assistance in the operation and maintenance of the Fitness program.","","","","2026-08-10T09:36:00.548632+00:00"
"USAJOBS","Recreation Assistant (Water Safety Instructor) - Flexible","Commander, Navy Installations Command","https://www.usajobs.gov:443/job/847127300","This position is located at NAS Sigonella, Aquatics Section, Fitness Branch, Morale, Welfare and Recreation (MWR) Department. The primary purpose of this position is to act as pool lifeguard and swimming instructor.","$17.25-$17.25 PH","Sigonella Sicily, Italy","This position is located at NAS Sigonella, Aquatics Section, Fitness Branch, Morale, Welfare and Recreation (MWR) Department. The primary purpose of this position is to act as pool lifeguard and swimming instructor.","","","","2026-08-10T09:36:00.549253+00:00"
"USAJOBS","Recreation Aid (Liberty/Augusta Bay) - Flexible","Commander, Navy Installations Command","https://www.usajobs.gov:443/job/847127700","This position is located in the Recreation Centers, Liberty/Deployed Forces Support Branch, Community Activities Division, Morale, Welfare and Recreation (MWR) Department, U.S. Naval Air Station, Sigonella, Italy. The Recreation Centers are intended to provide a comprehensive social recreation environment and snack bar operation. The primary purpose of the position is to assist in the general operations of the recreation center, event planning, administration and promotion of the facility.","$15-$15 PH","Sigonella Sicily, Italy","This position is located in the Recreation Centers, Liberty/Deployed Forces Support Branch, Community Activities Division, Morale, Welfare and Recreation (MWR) Department, U.S. Naval Air Station, Sigonella, Italy. The Recreation Centers are intended to provide a comprehensive social recreation environment and snack bar operation. The primary purpose of the position is to assist in the general operations of the recreation center, event planning, administration and promotion of the facility.","","","","2026-08-10T09:36:00.549934+00:00"
"USAJOBS","Physician, Vascular Surgeon (Part-Time)","Veterans Health Administration","https://www.usajobs.gov:443/job/847212000","The 2-page Resume requirement does not apply to this occupational series. For more information, refer to Required Documents below. The Amarillo VA Health Care System, Amarillo, Texas is seeking a part-time Physician (Vascular Surgeon) to manage patient population with surgical conditions, assessments and medication management within the agency.","$300000-$375000 PA","Amarillo, Texas","The 2-page Resume requirement does not apply to this occupational series. For more information, refer to Required Documents below. The Amarillo VA Health Care System, Amarillo, Texas is seeking a part-time Physician (Vascular Surgeon) to manage patient population with surgical conditions, assessments and medication management within the agency.","","","","2026-08-10T09:36:00.551045+00:00"
"USAJOBS","Supervisory Physician (Family Practice)","Defense Health Agency","https://www.usajobs.gov:443/job/847277000","About the Position: This position is at Richmond Hill Medical Home near Fort Stewart, GA. This is a Direct Hire Solicitation. This is an open continuous announcement. Applications are reviewed and referred weekly over the duration of the announcement. Multiple vacancies exist and may be filled from this announcement at any of the locations listed. We accept applications on an ongoing basis; qualified applicants will be considered as vacancies become available","$145000-$320000 PA","Fort Stewart, Georgia","About the Position: This position is at Richmond Hill Medical Home near Fort Stewart, GA. This is a Direct Hire Solicitation. This is an open continuous announcement. Applications are reviewed and referred weekly over the duration of the announcement. Multiple vacancies exist and may be filled from this announcement at any of the locations listed. We accept applications on an ongoing basis; qualified applicants will be considered as vacancies become available","","","","2026-08-10T09:36:00.552590+00:00"
"USAJOBS","Police Officer","Defense Logistics Agency","https://www.usajobs.gov:443/job/847297900","This is an open-continuous announcement with an established initial cut-off date of 11/02/2025. Please see the ""How You Will Be Evaluated"" section for more information. This position has been designated as an Essential Position (e.g., snow emergency days, holidays, increased security periods, national emergency). The position cannot be vacated during war or national emergency without seriously impairing the mission. Assignments may be performed at any job site within the organization.","$56635-$84719 PA","Multiple Locations","This is an open-continuous announcement with an established initial cut-off date of 11/02/2025. Please see the ""How You Will Be Evaluated"" section for more information. This position has been designated as an Essential Position (e.g., snow emergency days, holidays, increased security periods, national emergency). The position cannot be vacated during war or national emergency without seriously impairing the mission. Assignments may be performed at any job site within the organization.","","","","2026-08-10T09:36:00.553648+00:00"
"USAJOBS","HELPER TRAINEE (VARIOUS TRADES)","U.S. Pacific Fleet","https://www.usajobs.gov:443/job/847325600","This is a public notice flyer to notify interested applicants of anticipated vacancies. Applications will not be accepted through this flyer. Interested applicants must follow the directions in the ""How to Apply"" section of this flyer to be considered. There may or may not be actual vacancies filled from this flyer. Notice of Result letters will not be sent to applicants who respond to this flyer.","$20.76-$24.23 PH","Bremerton, Washington","This is a public notice flyer to notify interested applicants of anticipated vacancies. Applications will not be accepted through this flyer. Interested applicants must follow the directions in the ""How to Apply"" section of this flyer to be considered. There may or may not be actual vacancies filled from this flyer. Notice of Result letters will not be sent to applicants who respond to this flyer.","","","","2026-08-10T09:36:00.554769+00:00"
"USAJOBS","Physician (Anesthesiology) - Recruitment Incentive","Veterans Health Administration","https://www.usajobs.gov:443/job/847327000","This position is eligible for the Education Debt Reduction Program (EDRP), a student loan payment reimbursement program. You must meet specific eligibility requirements per VHA policy and submit your EDRP application within four months of appointment. Program Approval, award amount (up to $200,000) & eligibility period (one to five years) are determined by the VHA Education Loan Repayment Services program office after review of the EDRP application. Former EDRP participants ineligible to apply.","$300000-$400000 PA","Madison, Wisconsin","This position is eligible for the Education Debt Reduction Program (EDRP), a student loan payment reimbursement program. You must meet specific eligibility requirements per VHA policy and submit your EDRP application within four months of appointment. Program Approval, award amount (up to $200,000) & eligibility period (one to five years) are determined by the VHA Education Loan Repayment Services program office after review of the EDRP application. Former EDRP participants ineligible to apply.","","","","2026-08-10T09:36:00.555788+00:00"
"USAJOBS","Public Notice for Air Traffic Control Specialist (Direct Hire)","Federal Aviation Administration","https://www.usajobs.gov:443/job/847375100","This is a public notice for direct hiring authority for Experienced Air Traffic Control Specialists, 2152 series positions. These positions are responsible for controlling live air traffic in support of public safety and our national air space. This announcement will serve as a resume repository that may be used to fill positions.","$47026-$177543 PA","FAA - Air Traffic Locations","This is a public notice for direct hiring authority for Experienced Air Traffic Control Specialists, 2152 series positions. These positions are responsible for controlling live air traffic in support of public safety and our national air space. This announcement will serve as a resume repository that may be used to fill positions.","","","","2026-08-10T09:36:00.556923+00:00"
"USAJOBS","Air Traffic Control Specialist (Direct Hire Enhanced CTI Program/E-CTI)","Federal Aviation Administration","https://www.usajobs.gov:443/job/847388600","This is an Air Traffic Control Specialist public notice for direct hiring authority for Enhanced Collegiate Training Initiative (E-CTI) program graduates only, or E-CTI students who are within 12 months of graduation. This announcement will serve as a resume repository that may be used to fill positions.","$47026-$177543 PA","FAA - Air Traffic Locations","This is an Air Traffic Control Specialist public notice for direct hiring authority for Enhanced Collegiate Training Initiative (E-CTI) program graduates only, or E-CTI students who are within 12 months of graduation. This announcement will serve as a resume repository that may be used to fill positions.","","","","2026-08-10T09:36:00.557790+00:00"
"USAJOBS","Transportation Security Officer","Transportation Security Administration","https://www.usajobs.gov:443/job/847394000","Transportation Security Officers are responsible for providing security and protection of travelers across all transportation sectors in a courteous and professional manner. Their duties may also extend to securing high-profile events, important figures and/or anything that includes or impacts our transportation systems.","$48410-$59686 PA","Grand Forks, North Dakota","Transportation Security Officers are responsible for providing security and protection of travelers across all transportation sectors in a courteous and professional manner. Their duties may also extend to securing high-profile events, important figures and/or anything that includes or impacts our transportation systems.","","","","2026-08-10T09:36:00.558597+00:00"
"USAJOBS","POLICE OFFICER","U.S. Marine Corps","https://www.usajobs.gov:443/job/847419300","This is a public notice flyer to notify interested applicants of anticipated vacancies. Applications will not be accepted through this flyer. Interested applicants must follow the directions in the ""How to Apply"" section of this flyer to be considered. There may or may not be actual vacancies filled from this flyer. Notice of Result letters will not be sent to applicants who respond to this flyer.","$44959-$64952 PA","Albany Marine Corps Logistics Base, Georgia","This is a public notice flyer to notify interested applicants of anticipated vacancies. Applications will not be accepted through this flyer. Interested applicants must follow the directions in the ""How to Apply"" section of this flyer to be considered. There may or may not be actual vacancies filled from this flyer. Notice of Result letters will not be sent to applicants who respond to this flyer.","","","","2026-08-10T09:36:00.559690+00:00"
"USAJOBS","Physician (Psychiatry)","Military Treatment Facilities under DHA","https://www.usajobs.gov:443/job/847427000","About the Position: This position falls under the Defense Health Agency Atlantic Network at the Naval Medical Center Portsmouth, Directorate of Behavioral Health-Mental Health, providing comprehensive psychiatric medical care to a broad range of patients of all ages with common and complex medical concerns. Care includes, but is not limited to, prevention, diagnosis, and treatment of psychiatric and substance abuse disorders, and serving on boards/committees. This is a Direct Hire Solicitation","$145000-$335000 PA","Naval Medical Center, Portsmouth, Virginia","About the Position: This position falls under the Defense Health Agency Atlantic Network at the Naval Medical Center Portsmouth, Directorate of Behavioral Health-Mental Health, providing comprehensive psychiatric medical care to a broad range of patients of all ages with common and complex medical concerns. Care includes, but is not limited to, prevention, diagnosis, and treatment of psychiatric and substance abuse disorders, and serving on boards/committees. This is a Direct Hire Solicitation","","","","2026-08-10T09:36:00.560711+00:00"
"USAJOBS","Physician (Obstetrics-Gynecology)","Military Treatment Facilities under DHA","https://www.usajobs.gov:443/job/847429700","About the Position: This position is located at the Martin Army Community Hospital at Fort Benning, Georgia. This is a Direct Hire Solicitation This is an open continuous announcement. Multiple vacancies exist and may be filled from this announcement at any of the locations listed. We accept applications on an ongoing basis; qualified applicants will be considered as vacancies become available.","$200000-$400000 PA","Fort Benning, Georgia","About the Position: This position is located at the Martin Army Community Hospital at Fort Benning, Georgia. This is a Direct Hire Solicitation This is an open continuous announcement. Multiple vacancies exist and may be filled from this announcement at any of the locations listed. We accept applications on an ongoing basis; qualified applicants will be considered as vacancies become available.","","","","2026-08-10T09:36:00.561885+00:00"
"USAJOBS","ICU fee basis Physician","Veterans Health Administration","https://www.usajobs.gov:443/job/847434900","The Staff Physician serves as a practicing Pulmonary service/Critical care provider that performs a full range of professional procedures in connection with the treatment of commonly encountered inpatient work load. This Position is a FEE BASIS - salary is paid by CPT codes performed per shift","$3200-$3200 FB","Albuquerque, New Mexico","The Staff Physician serves as a practicing Pulmonary service/Critical care provider that performs a full range of professional procedures in connection with the treatment of commonly encountered inpatient work load. This Position is a FEE BASIS - salary is paid by CPT codes performed per shift","","","","2026-08-10T09:36:00.562856+00:00"
"USAJOBS","Health Technician (Hearing Instrument Specialist)","Veterans Health Administration","https://www.usajobs.gov:443/job/847467600","This announcement is an Open Continuous Announcement and will remain open until all position(s) are filled. The first cut-off will be October 15, 2025. Applications received after this will be sent to management upon request until the position(s) are fulfilled. The 2-page Resume requirement does not apply to this occupational series. For more information, refer to Required Documents below.","$40142-$58174 PA","San Antonio, Texas","This announcement is an Open Continuous Announcement and will remain open until all position(s) are filled. The first cut-off will be October 15, 2025. Applications received after this will be sent to management upon request until the position(s) are fulfilled. The 2-page Resume requirement does not apply to this occupational series. For more information, refer to Required Documents below.","","","","2026-08-10T09:36:00.563666+00:00"
"USAJOBS","Food Service Worker","Defense Commissary Agency","https://www.usajobs.gov:443/job/847505700","About the Position: If you decline a position covered in this announcement and want to be considered at a later time, you must reapply. This announcement may be used to fill full-time or part-time work schedules.","$17.78-$20.75 PH","Multiple Locations","About the Position: If you decline a position covered in this announcement and want to be considered at a later time, you must reapply. This announcement may be used to fill full-time or part-time work schedules.","","","","2026-08-10T09:36:00.564554+00:00"
"USAJOBS","Store Worker","Defense Commissary Agency","https://www.usajobs.gov:443/job/847505800","About the Position: This announcement may be used to fill full-time or part-time work schedules. If you decline a position covered in this announcement and want to be considered at a later time, you must reapply.","$20.65-$24.11 PH","Multiple Locations","About the Position: This announcement may be used to fill full-time or part-time work schedules. If you decline a position covered in this announcement and want to be considered at a later time, you must reapply.","","","","2026-08-10T09:36:00.565101+00:00"
"USAJOBS","Sales Store Checker","Defense Commissary Agency","https://www.usajobs.gov:443/job/847505900","About the Position: This announcement may be used to fill full-time or part-time work schedules. If you decline a position covered in this announcement and want to be considered at a later time, you must reapply.","$36464-$44780 PA","Multiple Locations","About the Position: This announcement may be used to fill full-time or part-time work schedules. If you decline a position covered in this announcement and want to be considered at a later time, you must reapply.","","","","2026-08-10T09:36:00.565645+00:00"
"USAJOBS","Teller","Defense Commissary Agency","https://www.usajobs.gov:443/job/847506000","About the Position: This announcement may be used to fill full-time or part-time work schedules. If you decline a position covered in this announcement and want to be considered at a later time, you must reapply.","$37193-$46526 PA","Multiple Locations","About the Position: This announcement may be used to fill full-time or part-time work schedules. If you decline a position covered in this announcement and want to be considered at a later time, you must reapply.","","","","2026-08-10T09:36:00.566197+00:00"
"USAJOBS","Store Associate","Defense Commissary Agency","https://www.usajobs.gov:443/job/847506100","About the Position: This announcement may be used to fill full-time or part-time work schedules. If you decline a position covered in this announcement and want to be considered at a later time, you must reapply.","$37193-$46526 PA","Multiple Locations","About the Position: This announcement may be used to fill full-time or part-time work schedules. If you decline a position covered in this announcement and want to be considered at a later time, you must reapply.","","","","2026-08-10T09:36:00.566734+00:00"
"USAJOBS","Commissary Support Clerk","Defense Commissary Agency","https://www.usajobs.gov:443/job/847506200","About the Position: This announcement may be used to fill full-time or part-time work schedules. If you decline a position covered in this announcement and want to be considered at a later time, you must reapply.","$37193-$46526 PA","Multiple Locations","About the Position: This announcement may be used to fill full-time or part-time work schedules. If you decline a position covered in this announcement and want to be considered at a later time, you must reapply.","","","","2026-08-10T09:36:00.567291+00:00"
"USAJOBS","Physician (Ophthalmologist)","Veterans Health Administration","https://www.usajobs.gov:443/job/847512000","The 2-page Resume requirement does not apply to this occupational series. For more information, refer to Required Documents below. We are seeking an Ophthalmologist to join our team in Columbia, MO. At the VA, your work will carry purpose as you provide care to Veterans while enjoying strong federal benefits and stability.","$300000-$375000 PA","Columbia, Missouri","The 2-page Resume requirement does not apply to this occupational series. For more information, refer to Required Documents below. We are seeking an Ophthalmologist to join our team in Columbia, MO. At the VA, your work will carry purpose as you provide care to Veterans while enjoying strong federal benefits and stability.","","","","2026-08-10T09:36:00.567887+00:00"
"USAJOBS","Intermediate Care Technician","Veterans Health Administration","https://www.usajobs.gov:443/job/847548000","The Department of Veterans Affairs (VA) Intermediate Care Technician (ICT) Program is a program designed to hire transitioning service, National Guard, Reserve, and Veteran corpsmen, combat medics and medical technicians into positions at VA Medical Centers as an integral part of the medical team. Candidates generally qualify based on U.S. Armed Forces experience or equivalent education.","$49960-$64952 PA","Carrollton, Kentucky","The Department of Veterans Affairs (VA) Intermediate Care Technician (ICT) Program is a program designed to hire transitioning service, National Guard, Reserve, and Veteran corpsmen, combat medics and medical technicians into positions at VA Medical Centers as an integral part of the medical team. Candidates generally qualify based on U.S. Armed Forces experience or equivalent education.","","","","2026-08-10T09:36:00.568699+00:00"
"USAJOBS","Physician - Full Time Radiologist - 25 percent Incentive","Veterans Health Administration","https://www.usajobs.gov:443/job/847588200","The 2-page Resume does not apply to this position. For more information, refer to Required Documents below. This is an OPEN CONTINUOUS ANNOUNCEMENT. Qualified candidates will referred to the selecting official. A 25 percent incentive may be authorized to a highly qualified candidate. Phoenix Radiology provides inpatient, outpatient, emergency services to central Arizona Veterans and has Vascular & Interventional, CT, Nuclear Medicine, Ultrasound, Breast Imaging, Diagnostic, and MRI.","$300000-$400000 PA","Phoenix, Arizona","The 2-page Resume does not apply to this position. For more information, refer to Required Documents below. This is an OPEN CONTINUOUS ANNOUNCEMENT. Qualified candidates will referred to the selecting official. A 25 percent incentive may be authorized to a highly qualified candidate. Phoenix Radiology provides inpatient, outpatient, emergency services to central Arizona Veterans and has Vascular & Interventional, CT, Nuclear Medicine, Ultrasound, Breast Imaging, Diagnostic, and MRI.","","","","2026-08-10T09:36:00.569658+00:00"
"USAJOBS","Psychologist - Program Manager","Veterans Health Administration","https://www.usajobs.gov:443/job/847676100","The VA New York Harbor Healthcare System (NYHHCS) is a multi-site medical system that includes a major medical facility in Manhattan, Brooklyn (including the St. Albans campus in Queens), and two Community Based Outpatient Clinics (CBOCs). VA NYHHCS is an academic facility with teaching and research programs.","$168764-$219393 PA","Kings, New York","The VA New York Harbor Healthcare System (NYHHCS) is a multi-site medical system that includes a major medical facility in Manhattan, Brooklyn (including the St. Albans campus in Queens), and two Community Based Outpatient Clinics (CBOCs). VA NYHHCS is an academic facility with teaching and research programs.","","","","2026-08-10T09:36:00.570752+00:00"
"USAJOBS","Assistant United States Attorney (AUSA) - Open Continuous","Executive Office for U.S. Attorneys and the Office of the U.S. Attorneys","https://www.usajobs.gov:443/job/847677900","The United States Attorney's Office for the District of Columbia is accepting applications for attorneys to serve as Assistant United States Attorneys (AUSAs) in the Office's Civil Division. AUSAs in the Civil Division represent the U.S. Government in both affirmative and defensive civil litigation in both trial and appellate courts.","$87815-$197100 PA","Washington, District of Columbia","The United States Attorney's Office for the District of Columbia is accepting applications for attorneys to serve as Assistant United States Attorneys (AUSAs) in the Office's Civil Division. AUSAs in the Civil Division represent the U.S. Government in both affirmative and defensive civil litigation in both trial and appellate courts.","","","","2026-08-10T09:36:00.571522+00:00"
"USAJOBS","Physician Assistant-Spinal Cord Injury-Open Continuous Announcement","Veterans Health Administration","https://www.usajobs.gov:443/job/847684900","The Physician Assistant will be selected to provide daily support for the activities of an established outpatient clinic in SCI/D center, the emerging Telehealth Program, expanding Home Health program and potentially to support on-going research projects for a major SCI/D treatment center. Based on interest and skillset of incumbent and service needs, cross coverage for SCI/D inpatient unit may also be a part of the responsibilities. Ongoing collaboration with physicians, and nursing staff.","$110108-$203898 PA","San Antonio, Texas","The Physician Assistant will be selected to provide daily support for the activities of an established outpatient clinic in SCI/D center, the emerging Telehealth Program, expanding Home Health program and potentially to support on-going research projects for a major SCI/D treatment center. Based on interest and skillset of incumbent and service needs, cross coverage for SCI/D inpatient unit may also be a part of the responsibilities. Ongoing collaboration with physicians, and nursing staff.","","","","2026-08-10T09:36:00.572431+00:00"
"USAJOBS","PRIMARY CARE PHYSICIAN-WAYNESVILLE","Veterans Health Administration","https://www.usajobs.gov:443/job/847699600","This position is eligible for the Education Debt Reduction Program (EDRP), a student loan payment reimbursement program. You must meet specific eligibility requirements per VHA policy and submit your EDRP application within four months of appointment. Program Approval, award amount (up to $200,000) & eligibility period (one to five years) are determined by the VHA Education Loan Repayment Services program office after review of the EDRP application. Former EDRP participants ineligible to apply.","$250000-$258000 PA","Waynesville, Missouri","This position is eligible for the Education Debt Reduction Program (EDRP), a student loan payment reimbursement program. You must meet specific eligibility requirements per VHA policy and submit your EDRP application within four months of appointment. Program Approval, award amount (up to $200,000) & eligibility period (one to five years) are determined by the VHA Education Loan Repayment Services program office after review of the EDRP application. Former EDRP participants ineligible to apply.","","","","2026-08-10T09:36:00.573591+00:00"
"USAJOBS","AIRCRAFT MECHANIC","Air National Guard Units","https://www.usajobs.gov:443/job/847709800","Opened Area(s) of Consideration: 1, 2, 3 DEFINITION OF AREA(S) OF CONSIDERATION: Area 1 - AKNG Permanent or Indefinite technicians. Area 2 - All AKNG members. Area 3 - All other current military members who are eligible to join the Alaska Air National Guard. PDCN: D1366000 MPCN: 3400884259 Selecting Supervisor: Austin Greenway","$36.45-$48.1 PH","Eielson AFB, Alaska","Opened Area(s) of Consideration: 1, 2, 3 DEFINITION OF AREA(S) OF CONSIDERATION: Area 1 - AKNG Permanent or Indefinite technicians. Area 2 - All AKNG members. Area 3 - All other current military members who are eligible to join the Alaska Air National Guard. PDCN: D1366000 MPCN: 3400884259 Selecting Supervisor: Austin Greenway","","","","2026-08-10T09:36:00.574707+00:00"
"USAJOBS","AIRCRAFT MECHANIC","Air National Guard Units","https://www.usajobs.gov:443/job/847710200","Opened Area(s) of Consideration: 1, 2, 3 DEFINITION OF AREA(S) OF CONSIDERATION: Area 1 - AKNG Permanent or Indefinite technicians. Area 2 - All AKNG members. Area 3 - All other current military members who are eligible to join the Alaska Air National Guard. PDCN: D1366000 MPCN: 3400860637 Selecting Supervisor: Austin Greenway","$36.45-$48.1 PH","Eielson AFB, Alaska","Opened Area(s) of Consideration: 1, 2, 3 DEFINITION OF AREA(S) OF CONSIDERATION: Area 1 - AKNG Permanent or Indefinite technicians. Area 2 - All AKNG members. Area 3 - All other current military members who are eligible to join the Alaska Air National Guard. PDCN: D1366000 MPCN: 3400860637 Selecting Supervisor: Austin Greenway","","","","2026-08-10T09:36:00.575826+00:00"
"USAJOBS","Second Mate Pipeline Dredge Class I (Dual Rate)","U.S. Army Corps of Engineers","https://www.usajobs.gov:443/job/847794200","This is a Direct Hire Authority (DHA) solicitation utilizing the DHA for Certain Personnel of the DoD Workforce to recruit and appoint qualified candidates to positions in the competitive service. About the Position: As a Watch Mate, stands regular watch on self propelled hydraulic, diesel-electric dustpan type dredge with 32 inch discharge pipeline.","$42.28-$49.43 PH","Saint Louis, Missouri","This is a Direct Hire Authority (DHA) solicitation utilizing the DHA for Certain Personnel of the DoD Workforce to recruit and appoint qualified candidates to positions in the competitive service. About the Position: As a Watch Mate, stands regular watch on self propelled hydraulic, diesel-electric dustpan type dredge with 32 inch discharge pipeline.","","","","2026-08-10T09:36:00.576942+00:00"
"USAJOBS","HEALTH PHYSICIST","U.S. Pacific Fleet","https://www.usajobs.gov:443/job/847806800","This is a public notice flyer to notify interested applicants of anticipated vacancies. Applications will not be accepted through this flyer. Interested applicants must follow the directions in the ""How to Apply"" section of this flyer to be considered. There may or may not be actual vacancies filled from this flyer. Notice of Result letters will not be sent to applicants who respond to this flyer. You will serve as a Health Physicist for PSNS & IMF","$45331-$73003 PA","Bremerton, Washington","This is a public notice flyer to notify interested applicants of anticipated vacancies. Applications will not be accepted through this flyer. Interested applicants must follow the directions in the ""How to Apply"" section of this flyer to be considered. There may or may not be actual vacancies filled from this flyer. Notice of Result letters will not be sent to applicants who respond to this flyer. You will serve as a Health Physicist for PSNS & IMF","","","","2026-08-10T09:36:00.577841+00:00"
"USAJOBS","Materials Handler (Forklift Operator)","Defense Commissary Agency","https://www.usajobs.gov:443/job/847826400","About the Position: This is an open continuous announcement. The initial cutoff date for referral is 23 October 2025. After this date additional referral lists will be created as vacancies are available. If you are referred and not selected or receive a letter indicating you were ineligible because of missing documents you must complete a new application package for this vacancy to receive further consideration.","$22.33-$26.04 PH","Germersheim, Germany","About the Position: This is an open continuous announcement. The initial cutoff date for referral is 23 October 2025. After this date additional referral lists will be created as vacancies are available. If you are referred and not selected or receive a letter indicating you were ineligible because of missing documents you must complete a new application package for this vacancy to receive further consideration.","","","","2026-08-10T09:36:00.578947+00:00"
"USAJOBS","Physician-Dermatology","Veterans Health Administration","https://www.usajobs.gov:443/job/847853800","Located in historic downtown Charleston, SC, the Ralph Hl Johnson VA Medical Center is a tertiary care teaching hospital providing the highest-level quality for more than 75,000 Veterans along the South Carolina and Georgia coast. The Ralph H. Johnson VA is the second fastest growing VA in the U.S. for percentage patient growth. For the past three years, the Charleston VA has been rated a 5-Star medical center for quality and efficiency.","$123077-$400000 PA","Charleston, South Carolina","Located in historic downtown Charleston, SC, the Ralph Hl Johnson VA Medical Center is a tertiary care teaching hospital providing the highest-level quality for more than 75,000 Veterans along the South Carolina and Georgia coast. The Ralph H. Johnson VA is the second fastest growing VA in the U.S. for percentage patient growth. For the past three years, the Charleston VA has been rated a 5-Star medical center for quality and efficiency.","","","","2026-08-10T09:36:00.579975+00:00"
"USAJOBS","Health Technician - Emergency Department","Veterans Health Administration","https://www.usajobs.gov:443/job/847857100","This is an OPEN CONTINUOUS ANNOUNCEMENT and will remain open until 10/08/2026. Qualified applicants will be considered and referred as vacancies become available. The initial cut-off date for referral of eligible applications will be 10/20/2025, with subsequent cut-off dates on the 1st of each month.","$48877-$63537 PA","Dallas, Texas","This is an OPEN CONTINUOUS ANNOUNCEMENT and will remain open until 10/08/2026. Qualified applicants will be considered and referred as vacancies become available. The initial cut-off date for referral of eligible applications will be 10/20/2025, with subsequent cut-off dates on the 1st of each month.","","","","2026-08-10T09:36:00.581450+00:00"
"USAJOBS","Physician - DEPUTY CHIEF OF STAFF","Veterans Health Administration","https://www.usajobs.gov:443/job/847862300","This full-time position is based at the Ralph H. Johnson VA Health Care System. The position reports directly to the Chief of Staff (COS). The Deputy Chief of Staff is responsible for the clinical operations at Ralph H. Johnson VA Health Care System. This position will work collaboratively with members of the Chief of Staff office, service line leaders, and clinical staff to maximize operational efficiencies.","$300000-$375000 PA","Charleston, South Carolina","This full-time position is based at the Ralph H. Johnson VA Health Care System. The position reports directly to the Chief of Staff (COS). The Deputy Chief of Staff is responsible for the clinical operations at Ralph H. Johnson VA Health Care System. This position will work collaboratively with members of the Chief of Staff office, service line leaders, and clinical staff to maximize operational efficiencies.","","","","2026-08-10T09:36:00.582549+00:00"
"USAJOBS","AIRCRAFT MECHANIC","Air National Guard Units","https://www.usajobs.gov:443/job/847894800","This National Guard position is for a AIRCRAFT MECHANIC, Position Description Number D1366000 and is part of the Oregon Air National Guard 142nd Wing, National Guard.","$37.36-$43.57 PH","Portland, Oregon","This National Guard position is for a AIRCRAFT MECHANIC, Position Description Number D1366000 and is part of the Oregon Air National Guard 142nd Wing, National Guard.","","","","2026-08-10T09:36:00.583463+00:00"
"USAJOBS","COMPOSITE FABRICATOR (TITLE 32)","Air National Guard Units","https://www.usajobs.gov:443/job/847902800","This is a National Guard Title 32 Excepted Service Position. This position is an Indefinite WG-4352-05/07/10 COMPOSITE FABRICATOR (TITLE 32), Position Description Number D250100 (WG-05), D2502000 (WG-07) or D2503000 (WG-10) and is part of the MO 131st Bomb Wing. This is a bargaining position. SEE NOTES UNDER CONDITIONS OF EMPLOYMENT BELOW.","$27.1-$43.16 PH","Whiteman AFB, Missouri","This is a National Guard Title 32 Excepted Service Position. This position is an Indefinite WG-4352-05/07/10 COMPOSITE FABRICATOR (TITLE 32), Position Description Number D250100 (WG-05), D2502000 (WG-07) or D2503000 (WG-10) and is part of the MO 131st Bomb Wing. This is a bargaining position. SEE NOTES UNDER CONDITIONS OF EMPLOYMENT BELOW.","","","","2026-08-10T09:36:00.583964+00:00"
"USAJOBS","EMERGENCY RESPONSE DISPATCHER","Commander, Navy Installations Command","https://www.usajobs.gov:443/job/847928400","This is a public notice flyer to notify interested applicants of anticipated vacancies. Applications will not be accepted through this flyer. Interested applicants must follow the directions in the ""How to Apply"" section of this flyer to be considered. There may or may not be actual vacancies filled from this flyer. Notice of Result letters will not be sent to applicants who respond to this flyer.","$36584-$65917 PA","Naval Base, Norfolk, Virginia","This is a public notice flyer to notify interested applicants of anticipated vacancies. Applications will not be accepted through this flyer. Interested applicants must follow the directions in the ""How to Apply"" section of this flyer to be considered. There may or may not be actual vacancies filled from this flyer. Notice of Result letters will not be sent to applicants who respond to this flyer.","","","","2026-08-10T09:36:00.584840+00:00"
"USAJOBS","Staff Psychologist (BHIP) - EDRP, Recruitment/Relocation Incentive Authorized","Veterans Health Administration","https://www.usajobs.gov:443/job/847931400","This position is eligible for the Education Debt Reduction Program (EDRP), a student loan payment reimbursement program. You must meet specific individual eligibility requirements in accordance with VHA policy and submit your EDRP application within four months of appointment. Program Approval, award amount (up to $200,000) and eligibility period (one to five years) are determined by the VHA Education Loan Repayment Services program office after complete review of the EDRP application.","$83280-$154309 PA","Multiple Locations","This position is eligible for the Education Debt Reduction Program (EDRP), a student loan payment reimbursement program. You must meet specific individual eligibility requirements in accordance with VHA policy and submit your EDRP application within four months of appointment. Program Approval, award amount (up to $200,000) and eligibility period (one to five years) are determined by the VHA Education Loan Repayment Services program office after complete review of the EDRP application.","","","","2026-08-10T09:36:00.585869+00:00"
"USAJOBS","WELDER","Department of the Navy Headquarters","https://www.usajobs.gov:443/job/847975300","You will serve as a WELDER in the DEPARTMENT OF THE NAVY to include work sites of Portsmouth Naval Shipyard, Puget Sound Naval Shipyard, Norfolk Naval Shipyard, Trident Refit Facility Bangor and Pearl Harbor Naval Shipyard and Intermediate Maintenance Facility. Applicants will only be considered for positions within their own UIC. For example: if you are within UIC 4523A, you will only be considered for positions within 4523A.","$28.73-$48.45 PH","Multiple Locations","You will serve as a WELDER in the DEPARTMENT OF THE NAVY to include work sites of Portsmouth Naval Shipyard, Puget Sound Naval Shipyard, Norfolk Naval Shipyard, Trident Refit Facility Bangor and Pearl Harbor Naval Shipyard and Intermediate Maintenance Facility. Applicants will only be considered for positions within their own UIC. For example: if you are within UIC 4523A, you will only be considered for positions within 4523A.","","","","2026-08-10T09:36:00.587013+00:00"
"USAJOBS","PAINTER","Department of the Navy Headquarters","https://www.usajobs.gov:443/job/847975700","You will serve as a PAINTER in the DEPARTMENT OF THE NAVY to include work sites of Pearl Harbor naval Shipyard, Puget Sound Naval Shipyard, and Trident Refit Facility Bangor. Applicants will only be considered for positions within their own UIC. For example: If you are within UIC 4523A, you will only be considered for positions within 4523A.","$37.29-$45.79 PH","Multiple Locations","You will serve as a PAINTER in the DEPARTMENT OF THE NAVY to include work sites of Pearl Harbor naval Shipyard, Puget Sound Naval Shipyard, and Trident Refit Facility Bangor. Applicants will only be considered for positions within their own UIC. For example: If you are within UIC 4523A, you will only be considered for positions within 4523A.","","","","2026-08-10T09:36:00.588384+00:00"
"USAJOBS","SHIPFITTER","Department of the Navy Headquarters","https://www.usajobs.gov:443/job/847976000","You will serve as a SHIPFITTER in the DEPARTMENT OF NAVY to include work sites of Portsmouth Naval Shipyard, Puget Sound Naval Shipyard, Norfolk Naval Shipyard, Trident Refit Facility Bangor and Pearl Harbor Naval Shipyard and Intermediate Maintenance Facility. Applicants will only be considered for positions within their own UIC. For example: If you are within UIC 4523A, you will only be considered for positions within 4523A.","$27.35-$45.79 PH","Multiple Locations","You will serve as a SHIPFITTER in the DEPARTMENT OF NAVY to include work sites of Portsmouth Naval Shipyard, Puget Sound Naval Shipyard, Norfolk Naval Shipyard, Trident Refit Facility Bangor and Pearl Harbor Naval Shipyard and Intermediate Maintenance Facility. Applicants will only be considered for positions within their own UIC. For example: If you are within UIC 4523A, you will only be considered for positions within 4523A.","","","","2026-08-10T09:36:00.589564+00:00"
"USAJOBS","SHIPFITTER LEADER","Department of the Navy Headquarters","https://www.usajobs.gov:443/job/847976500","You will serve as a SHIPFITTER LEADER in the DEPARTMENT OF NAVY to include work sites of Portsmouth Naval Shipyard, Puget Sound Naval Shipyard, Norfolk Naval Shipyard, Trident Refit Facility Bangor, and Pearl Harbor Naval Shipyard and Intermediate Maintenance Facility. Applicants will only be considered for positions within their own UIC. For example: If you're within UIC 4523A, you will only be considered for positions within 4523A.","$30.11-$50.37 PH","Multiple Locations","You will serve as a SHIPFITTER LEADER in the DEPARTMENT OF NAVY to include work sites of Portsmouth Naval Shipyard, Puget Sound Naval Shipyard, Norfolk Naval Shipyard, Trident Refit Facility Bangor, and Pearl Harbor Naval Shipyard and Intermediate Maintenance Facility. Applicants will only be considered for positions within their own UIC. For example: If you're within UIC 4523A, you will only be considered for positions within 4523A.","","","","2026-08-10T09:36:00.590972+00:00"
"USAJOBS","COMBINED TRADES SUPERVISOR II","Department of the Navy Headquarters","https://www.usajobs.gov:443/job/847977400","You will serve as a Combined Trades Supervisor II in the DEPARTMENT OF NAVY to include work sites of Portsmouth Naval Shipyard, Puget Sound Naval Shipyard, Norfolk Naval Shipyard, Trident Refit Facility Bangor, and Pearl Harbor Naval Shipyard and Intermediate Maintenance Facility. Applicants will only be considered for positions within their own UIC. For example: if you are within UIC 4523A, you will only be considered for positions within 4523A.","$41.92-$64.13 PH","Multiple Locations","You will serve as a Combined Trades Supervisor II in the DEPARTMENT OF NAVY to include work sites of Portsmouth Naval Shipyard, Puget Sound Naval Shipyard, Norfolk Naval Shipyard, Trident Refit Facility Bangor, and Pearl Harbor Naval Shipyard and Intermediate Maintenance Facility. Applicants will only be considered for positions within their own UIC. For example: if you are within UIC 4523A, you will only be considered for positions within 4523A.","","","","2026-08-10T09:36:00.592424+00:00"
"USAJOBS","PRODUCTION SHOP PLANNER (GENERAL)","Department of the Navy Headquarters","https://www.usajobs.gov:443/job/847977600","You will serve as a PRODUCTION SHOP PLANNER (GENERAL) in the DEPARTMENT OF NAVY to include work sites of Portsmouth Naval Shipyard, Puget Sound Naval Shipyard, Norfolk Naval Shipyard, Trident Refit Facility Bangor and Pearl Harbor Naval Shipyard and Intermediate Maintenance Facility. Applicants will only be considered for positions within their own UIC. For example: if you are within UIC 4523A, you will only be considered for positions within 4523A.","$34.07-$51.32 PH","Multiple Locations","You will serve as a PRODUCTION SHOP PLANNER (GENERAL) in the DEPARTMENT OF NAVY to include work sites of Portsmouth Naval Shipyard, Puget Sound Naval Shipyard, Norfolk Naval Shipyard, Trident Refit Facility Bangor and Pearl Harbor Naval Shipyard and Intermediate Maintenance Facility. Applicants will only be considered for positions within their own UIC. For example: if you are within UIC 4523A, you will only be considered for positions within 4523A.","","","","2026-08-10T09:36:00.593892+00:00"
"USAJOBS","RIGGING WORKER","Department of the Navy Headquarters","https://www.usajobs.gov:443/job/847979900","You will serve as a RIGGING WORKER in the DEPARTMENT OF NAVY to include work sites of Portsmouth Naval Shipyard, Puget Sound Naval Shipyard, Norfolk Naval Shipyard, Trident Refit Facility Bangor and Pearl Harbor Naval Shipyard and Intermediate Maintenance Facility. Applicants will only be considered for positions within their own UIC. For example: if you are within UIC 4523A, you will only be considered for positions within 4523A.","$24.71-$38.53 PH","Multiple Locations","You will serve as a RIGGING WORKER in the DEPARTMENT OF NAVY to include work sites of Portsmouth Naval Shipyard, Puget Sound Naval Shipyard, Norfolk Naval Shipyard, Trident Refit Facility Bangor and Pearl Harbor Naval Shipyard and Intermediate Maintenance Facility. Applicants will only be considered for positions within their own UIC. For example: if you are within UIC 4523A, you will only be considered for positions within 4523A.","","","","2026-08-10T09:36:00.595392+00:00"
"USAJOBS","RIGGER","Department of the Navy Headquarters","https://www.usajobs.gov:443/job/847980600","You will serve as a RIGGER in the DEPARTMENT OF NAVY to include work sites of Portsmouth Naval Shipyard, Puget Sound Naval Shipyard, Norfolk Naval Shipyard, Trident Refit Facility Bangor, and Pearl Harbor Naval Shipyard and Intermediate Maintenance Facility. Applicants will only be considered for positions within their own UIC. For example: if you are within UIC 4523A, you will only be considered for positions within 4523A.","$27.38-$45.79 PH","Multiple Locations","You will serve as a RIGGER in the DEPARTMENT OF NAVY to include work sites of Portsmouth Naval Shipyard, Puget Sound Naval Shipyard, Norfolk Naval Shipyard, Trident Refit Facility Bangor, and Pearl Harbor Naval Shipyard and Intermediate Maintenance Facility. Applicants will only be considered for positions within their own UIC. For example: if you are within UIC 4523A, you will only be considered for positions within 4523A.","","","","2026-08-10T09:36:00.596800+00:00"
"USAJOBS","RIGGER LEADER","Department of the Navy Headquarters","https://www.usajobs.gov:443/job/847982000","You will serve as a RIGGER LEADER in the DEPARTMENT OF NAVY to include work sites of Portsmouth Naval Shipyard, Puget Sound Naval Shipyard, Norfolk Naval Shipyard, Trident Refit Facility Bangor and Pearl Harbor Naval Shipyard and Intermediate Maintenance Facility. Applicants will only be considered for positions within their own UIC. For example: if you are within UIC 4523A, you will only be considered for positions within 4523A.","$28.59-$50.37 PH","Multiple Locations","You will serve as a RIGGER LEADER in the DEPARTMENT OF NAVY to include work sites of Portsmouth Naval Shipyard, Puget Sound Naval Shipyard, Norfolk Naval Shipyard, Trident Refit Facility Bangor and Pearl Harbor Naval Shipyard and Intermediate Maintenance Facility. Applicants will only be considered for positions within their own UIC. For example: if you are within UIC 4523A, you will only be considered for positions within 4523A.","","","","2026-08-10T09:36:00.598182+00:00"
"USAJOBS","MARINE MACHINERY MECHANIC LEADER","Department of the Navy Headquarters","https://www.usajobs.gov:443/job/847982300","You will serve as a MARINE MACHINERY MECHANIC LEADER in the DEPARTMENT OF NAVY to include work sites of Portsmouth Naval Shipyard, Puget Sound Naval Shipyard, Norfolk Naval Shipyard, Trident Refit Facility Bangor and Pearl Harbor Naval Shipyard and Intermediate Maintenance Facility. Applicants will only be considered for positions within their own UIC. For example: if you are within UIC 4523A, you will only be considered for positions within 4523A.","$30.11-$50.37 PH","Multiple Locations","You will serve as a MARINE MACHINERY MECHANIC LEADER in the DEPARTMENT OF NAVY to include work sites of Portsmouth Naval Shipyard, Puget Sound Naval Shipyard, Norfolk Naval Shipyard, Trident Refit Facility Bangor and Pearl Harbor Naval Shipyard and Intermediate Maintenance Facility. Applicants will only be considered for positions within their own UIC. For example: if you are within UIC 4523A, you will only be considered for positions within 4523A.","","","","2026-08-10T09:36:00.599599+00:00"
"USAJOBS","MARINE MACHINERY MECHANIC SUPERVISOR I","Department of the Navy Headquarters","https://www.usajobs.gov:443/job/847982500","You will serve as a MARINE MACHINERY MECHANIC SUPERVISOR I in the DEPARTMENT OF NAVY to include work sites of Portsmouth Naval Shipyard, Puget Sound Naval Shipyard, Norfolk Naval Shipyard, Trident Refit Facility Bangor and Pearl Harbor Naval Shipyard and Intermediate Maintenance Facility. Applicants will only be considered for positions within their own UIC. For example: if you are within UIC 4523A, you will only be considered for positions within 4523A.","$36.59-$59.52 PH","Multiple Locations","You will serve as a MARINE MACHINERY MECHANIC SUPERVISOR I in the DEPARTMENT OF NAVY to include work sites of Portsmouth Naval Shipyard, Puget Sound Naval Shipyard, Norfolk Naval Shipyard, Trident Refit Facility Bangor and Pearl Harbor Naval Shipyard and Intermediate Maintenance Facility. Applicants will only be considered for positions within their own UIC. For example: if you are within UIC 4523A, you will only be considered for positions within 4523A.","","","","2026-08-10T09:36:00.601098+00:00"
"USAJOBS","WELDER LEADER","Department of the Navy Headquarters","https://www.usajobs.gov:443/job/847983100","You will serve as a WELDER LEADER in the DEPARTMENT OF NAVY to include work sites of Portsmouth Naval Shipyard, Puget Sound Naval Shipyard, Norfolk Naval Shipyard, Trident Refit Facility Bangor and Pearl Harbor Naval Shipyard and Intermediate Maintenance Facility. Applicants will only be considered for positions within their own UIC. For example: if you are within UIC 4523A, you will only be considered for positions within 4523A.","$30.11-$50.37 PH","Multiple Locations","You will serve as a WELDER LEADER in the DEPARTMENT OF NAVY to include work sites of Portsmouth Naval Shipyard, Puget Sound Naval Shipyard, Norfolk Naval Shipyard, Trident Refit Facility Bangor and Pearl Harbor Naval Shipyard and Intermediate Maintenance Facility. Applicants will only be considered for positions within their own UIC. For example: if you are within UIC 4523A, you will only be considered for positions within 4523A.","","","","2026-08-10T09:36:00.602612+00:00"
"USAJOBS","WELDER LEADER","Department of the Navy Headquarters","https://www.usajobs.gov:443/job/847983700","You will serve as a WELDER LEADER in the DEPARTMENT OF NAVY to include work sites of Portsmouth Naval Shipyard, Puget Sound Naval Shipyard, Norfolk Naval Shipyard, Trident Refit Facility Bangor and Pearl Harbor Naval Shipyard and Intermediate Maintenance Facility. Applicants will only be considered for positions within their own UIC. For example: if you are within UIC 4523A, you will only be considered for positions within 4523A.","$31.6-$53.3 PH","Multiple Locations","You will serve as a WELDER LEADER in the DEPARTMENT OF NAVY to include work sites of Portsmouth Naval Shipyard, Puget Sound Naval Shipyard, Norfolk Naval Shipyard, Trident Refit Facility Bangor and Pearl Harbor Naval Shipyard and Intermediate Maintenance Facility. Applicants will only be considered for positions within their own UIC. For example: if you are within UIC 4523A, you will only be considered for positions within 4523A.","","","","2026-08-10T09:36:00.604015+00:00"
"USAJOBS","PIPEFITTER LEADER","Department of the Navy Headquarters","https://www.usajobs.gov:443/job/847984700","You will serve as a PIPEFITTER LEADER in the DEPARTMENT OF THE NAVY to include work sites of Portsmouth Naval Shipyard, Puget Sound Naval Shipyard, Norfolk Naval Shipyard, Trident Refit Facility Bangor, and Pearl Harbor Naval Shipyard and Intermediate Maintenance Facility. Applicants will only be considered for positions within their own UIC. For example: if you are within UIC 4523A, you will only be considered for positions within 4523A.","$30.11-$50.37 PH","Multiple Locations","You will serve as a PIPEFITTER LEADER in the DEPARTMENT OF THE NAVY to include work sites of Portsmouth Naval Shipyard, Puget Sound Naval Shipyard, Norfolk Naval Shipyard, Trident Refit Facility Bangor, and Pearl Harbor Naval Shipyard and Intermediate Maintenance Facility. Applicants will only be considered for positions within their own UIC. For example: if you are within UIC 4523A, you will only be considered for positions within 4523A.","","","","2026-08-10T09:36:00.605437+00:00"
"USAJOBS","MACHINIST LEADER","Department of the Navy Headquarters","https://www.usajobs.gov:443/job/847985500","You will serve as a MACHINIST LEADER in the DEPARTMENT OF NAVY to include work sites of Portsmouth Naval Shipyard, Puget Sound Naval Shipyard, Norfolk Naval Shipyard, Trident Refit Facility Bangor and Pearl Harbor Naval Shipyard and Intermediate Maintenance Facility. Applicants will only be considered for positions within their own UIC. For example: if you are within UIC 4523A, you will only be considered for positions within 4523A.","$33.3-$50.37 PH","Multiple Locations","You will serve as a MACHINIST LEADER in the DEPARTMENT OF NAVY to include work sites of Portsmouth Naval Shipyard, Puget Sound Naval Shipyard, Norfolk Naval Shipyard, Trident Refit Facility Bangor and Pearl Harbor Naval Shipyard and Intermediate Maintenance Facility. Applicants will only be considered for positions within their own UIC. For example: if you are within UIC 4523A, you will only be considered for positions within 4523A.","","","","2026-08-10T09:36:00.606917+00:00"
"USAJOBS","MACHINIST SUPERVISOR I","Department of the Navy Headquarters","https://www.usajobs.gov:443/job/847985700","You will serve as a MACHINIST SUPERVISOR I in the DEPARTMENT OF NAVY to include work sites of Portsmouth Naval Shipyard, Puget Sound Naval Shipyard, Norfolk Naval Shipyard, Trident Refit Facility Bangor and Pearl Harbor Naval Shipyard and Intermediate Maintenance Facility. Applicants will only be considered for positions within their own UIC. For example: if you are within UIC 4523A, you will only be considered for positions within 4523A.","$47.44-$59.52 PH","Multiple Locations","You will serve as a MACHINIST SUPERVISOR I in the DEPARTMENT OF NAVY to include work sites of Portsmouth Naval Shipyard, Puget Sound Naval Shipyard, Norfolk Naval Shipyard, Trident Refit Facility Bangor and Pearl Harbor Naval Shipyard and Intermediate Maintenance Facility. Applicants will only be considered for positions within their own UIC. For example: if you are within UIC 4523A, you will only be considered for positions within 4523A.","","","","2026-08-10T09:36:00.608410+00:00"
"USAJOBS","ELECTRICIAN LEADER","Department of the Navy Headquarters","https://www.usajobs.gov:443/job/847986200","You will serve as a ELECTRICIAN LEADER in the DEPARTMENT OF THE NAVY to include work sites of Portsmouth Naval Shipyard, Puget Sound Naval Shipyard, Norfolk Naval Shipyard, Trident Refit Facility Bangor and Pearl Harbor Naval Shipyard and Intermediate Maintenance Facility. Applicants will only be considered for positions within their own UIC. For example: If you are within UIC 4523A, you will only be considered for positions within 4523A.","$30.11-$50.37 PH","Multiple Locations","You will serve as a ELECTRICIAN LEADER in the DEPARTMENT OF THE NAVY to include work sites of Portsmouth Naval Shipyard, Puget Sound Naval Shipyard, Norfolk Naval Shipyard, Trident Refit Facility Bangor and Pearl Harbor Naval Shipyard and Intermediate Maintenance Facility. Applicants will only be considered for positions within their own UIC. For example: If you are within UIC 4523A, you will only be considered for positions within 4523A.","","","","2026-08-10T09:36:00.609880+00:00"
"USAJOBS","RIGGING WORK (FORKLIFT OPERATOR)","Department of the Navy Headquarters","https://www.usajobs.gov:443/job/847988100","You will serve as a RIGGING WORK (FORKLIFT OPERATOR) in the DEPARTMENT OF THE NAVY to include work sites of Portsmouth Naval Shipyard, Puget Sound Naval Shipyard, Norfolk Naval Shipyard, Trident Refit Facility Bangor and Pearl Harbor Naval Shipyard and Intermediate Maintenance Facility. Applicants will only be considered for positions within their own UIC. For example: If you are within UIC 4523A, you will only be considered for positions within 4523A.","$22.23-$34.33 PH","Multiple Locations","You will serve as a RIGGING WORK (FORKLIFT OPERATOR) in the DEPARTMENT OF THE NAVY to include work sites of Portsmouth Naval Shipyard, Puget Sound Naval Shipyard, Norfolk Naval Shipyard, Trident Refit Facility Bangor and Pearl Harbor Naval Shipyard and Intermediate Maintenance Facility. Applicants will only be considered for positions within their own UIC. For example: If you are within UIC 4523A, you will only be considered for positions within 4523A.","","","","2026-08-10T09:36:00.611325+00:00"
"USAJOBS","ELECTRONICS MECHANIC LEADER","Department of the Navy Headquarters","https://www.usajobs.gov:443/job/847989200","You will serve as a ELECTRONICS MECHANIC LEADER in the DEPARTMENT OF THE NAVY to include work sites of Portsmouth Naval Shipyard, Puget Sound Naval Shipyard, Norfolk Naval Shipyard, Trident Refit Facility Bangor and Pearl Harbor Naval Shipyard and Intermediate Maintenance Facility. Applicants will only be considered for positions within their own UIC. For example: if you are within UIC 4523A, you will only be considered for positions within 4523A.","$34.97-$53.3 PH","Multiple Locations","You will serve as a ELECTRONICS MECHANIC LEADER in the DEPARTMENT OF THE NAVY to include work sites of Portsmouth Naval Shipyard, Puget Sound Naval Shipyard, Norfolk Naval Shipyard, Trident Refit Facility Bangor and Pearl Harbor Naval Shipyard and Intermediate Maintenance Facility. Applicants will only be considered for positions within their own UIC. For example: if you are within UIC 4523A, you will only be considered for positions within 4523A.","","","","2026-08-10T09:36:00.612816+00:00"
"USAJOBS","PIPEFITTER SUPERVISOR I","Department of the Navy Headquarters","https://www.usajobs.gov:443/job/847991800","You will serve as a PIPEFITTER SUPERVISOR I in the DEPARTMENT OF THE NAVY to include work sites of Portsmouth Naval Shipyard, Puget Sound Naval Shipyard, Norfolk Naval Shipyard, Trident Refit Facility Bangor, and Pearl Harbor Naval Shipyard and Intermediate Maintenance Facility. Applicants will only be considered for positions within their own UIC. For example: if you are within UIC 4523A, you will only be considered for positions within 4523A.","$36.59-$59.52 PH","Multiple Locations","You will serve as a PIPEFITTER SUPERVISOR I in the DEPARTMENT OF THE NAVY to include work sites of Portsmouth Naval Shipyard, Puget Sound Naval Shipyard, Norfolk Naval Shipyard, Trident Refit Facility Bangor, and Pearl Harbor Naval Shipyard and Intermediate Maintenance Facility. Applicants will only be considered for positions within their own UIC. For example: if you are within UIC 4523A, you will only be considered for positions within 4523A.","","","","2026-08-10T09:36:00.614333+00:00"
"USAJOBS","ELECTRONICS MECHANIC LEADER","Department of the Navy Headquarters","https://www.usajobs.gov:443/job/847993800","You will serve as an ELECTRONICS MECHANIC LEADER (EXPERT) in the DEPARTMENT OF THE NAVY to include work sites of Portsmouth Naval Shipyard, Puget Sound Naval Shipyard, Norfolk Naval Shipyard, and Pearl Harbor Naval Shipyard and Intermediate Maintenance Facility. Applicants will only be considered for positions within their own UIC. For example: if you are within UIC 4523A, you will only be considered for positions within 4523A.","$34.97-$53.3 PH","Multiple Locations","You will serve as an ELECTRONICS MECHANIC LEADER (EXPERT) in the DEPARTMENT OF THE NAVY to include work sites of Portsmouth Naval Shipyard, Puget Sound Naval Shipyard, Norfolk Naval Shipyard, and Pearl Harbor Naval Shipyard and Intermediate Maintenance Facility. Applicants will only be considered for positions within their own UIC. For example: if you are within UIC 4523A, you will only be considered for positions within 4523A.","","","","2026-08-10T09:36:00.616967+00:00"
"USAJOBS","SHEET METAL MECHANIC LEADER (EXPERT)","Department of the Navy Headquarters","https://www.usajobs.gov:443/job/847994300","You will serve as a SHEET METAL MECHANIC LEADER (EXPERT) in the DEPARTMENT OF NAVY to include work sites of Portsmouth Naval Shipyard, Puget Sound Naval Shipyard, Norfolk Naval Shipyard, and Pearl Harbor Naval Shipyard and Intermediate Maintenance Facility. This position is located in Shop 17. Applicants will only be considered for positions within their own UIC. For example: If you are within UIC 4523A, you will only be considered for positions within 4523A.","$30.11-$50.37 PH","Multiple Locations","You will serve as a SHEET METAL MECHANIC LEADER (EXPERT) in the DEPARTMENT OF NAVY to include work sites of Portsmouth Naval Shipyard, Puget Sound Naval Shipyard, Norfolk Naval Shipyard, and Pearl Harbor Naval Shipyard and Intermediate Maintenance Facility. This position is located in Shop 17. Applicants will only be considered for positions within their own UIC. For example: If you are within UIC 4523A, you will only be considered for positions within 4523A.","","","","2026-08-10T09:36:00.618386+00:00"
"USAJOBS","SHIPFITTER LEADER (EXPERT)","Department of the Navy Headquarters","https://www.usajobs.gov:443/job/847994800","You will serve as a SHIPFITTER LEADER (EXPERT) in the DEPARTMENT OF NAVY to include work sites of Portsmouth Naval Shipyard, Puget Sound Naval Shipyard, Norfolk Naval Shipyard, and Pearl Harbor Naval Shipyard and Intermediate Maintenance Facility. Applicants will only be considered for positions within their own UIC. For example: If you are within UIC 4523A, you will only be considered for positions within 4523A.","$30.11-$50.37 PH","Multiple Locations","You will serve as a SHIPFITTER LEADER (EXPERT) in the DEPARTMENT OF NAVY to include work sites of Portsmouth Naval Shipyard, Puget Sound Naval Shipyard, Norfolk Naval Shipyard, and Pearl Harbor Naval Shipyard and Intermediate Maintenance Facility. Applicants will only be considered for positions within their own UIC. For example: If you are within UIC 4523A, you will only be considered for positions within 4523A.","","","","2026-08-10T09:36:00.619515+00:00"
"USAJOBS","MACHINIST LEADER (EXPERT)","Department of the Navy Headquarters","https://www.usajobs.gov:443/job/847995300","You will serve as a MACHINIST LEADER (EXPERT) in the DEPARTMENT OF NAVY to include work sites of Portsmouth Naval Shipyard, Puget Sound Naval Shipyard, Norfolk Naval Shipyard, and Pearl Harbor Naval Shipyard and Intermediate Maintenance Facility. This position is located in Shop 31. Applicants will only be considered for positions within their own UIC. For example: If you are within UIC 4523A, you will only be considered for positions within 4523A.","$30.11-$50.37 PH","Multiple Locations","You will serve as a MACHINIST LEADER (EXPERT) in the DEPARTMENT OF NAVY to include work sites of Portsmouth Naval Shipyard, Puget Sound Naval Shipyard, Norfolk Naval Shipyard, and Pearl Harbor Naval Shipyard and Intermediate Maintenance Facility. This position is located in Shop 31. Applicants will only be considered for positions within their own UIC. For example: If you are within UIC 4523A, you will only be considered for positions within 4523A.","","","","2026-08-10T09:36:00.620884+00:00"
"USAJOBS","WELDER LEADER (EXPERT)","Department of the Navy Headquarters","https://www.usajobs.gov:443/job/847995400","You will serve as a WELDER LEADER (EXPERT) in the DEPARTMENT OF NAVY to include work sites of Portsmouth Naval Shipyard, Puget Sound Naval Shipyard, Norfolk Naval Shipyard, and Pearl Harbor Naval Shipyard and Intermediate Maintenance Facility. This position is located in the Structural Shop (Shop 26). Applicants will only be considered for positions within their own UIC. For example: If you are within UIC 4523A, you will only be considered for positions within 4523A.","$30.11-$50.37 PH","Multiple Locations","You will serve as a WELDER LEADER (EXPERT) in the DEPARTMENT OF NAVY to include work sites of Portsmouth Naval Shipyard, Puget Sound Naval Shipyard, Norfolk Naval Shipyard, and Pearl Harbor Naval Shipyard and Intermediate Maintenance Facility. This position is located in the Structural Shop (Shop 26). Applicants will only be considered for positions within their own UIC. For example: If you are within UIC 4523A, you will only be considered for positions within 4523A.","","","","2026-08-10T09:36:00.621991+00:00"
"USAJOBS","PIPEFITTER LEADER (EXPERT)","Department of the Navy Headquarters","https://www.usajobs.gov:443/job/847995700","You will serve as a PIPEFITTER LEADER (EXPERT) in the DEPARTMENT OF THE NAVY to include work sites of Portsmouth Naval Shipyard, Puget Sound Naval Shipyard, Norfolk Naval Shipyard, and Pearl Harbor Naval Shipyard and Intermediate Maintenance Facility. This position is located in the Pipe Shop (Shop 56). Applicants will only be considered for positions within their own UIC. For example: If you are within UIC 4523A, you will only be considered for positions within 4523A.","$30.11-$50.37 PH","Multiple Locations","You will serve as a PIPEFITTER LEADER (EXPERT) in the DEPARTMENT OF THE NAVY to include work sites of Portsmouth Naval Shipyard, Puget Sound Naval Shipyard, Norfolk Naval Shipyard, and Pearl Harbor Naval Shipyard and Intermediate Maintenance Facility. This position is located in the Pipe Shop (Shop 56). Applicants will only be considered for positions within their own UIC. For example: If you are within UIC 4523A, you will only be considered for positions within 4523A.","","","","2026-08-10T09:36:00.623126+00:00"
"USAJOBS","ELECTRICIAN LEADER (EXPERT)","Department of the Navy Headquarters","https://www.usajobs.gov:443/job/847996000","You will serve as an ELECTRICIAN LEADER (EXPERT) in the DEPARTMENT OF THE NAVY to include work sites of Portsmouth Naval Shipyard, Puget Sound Naval Shipyard, Norfolk Naval Shipyard, and Pearl Harbor Naval Shipyard and Intermediate Maintenance Facility. Applicants will only be considered for positions within their own UIC. For example: If you are within UIC 4523A, you will only be considered for positions within 4523A.","$30.11-$50.37 PH","Multiple Locations","You will serve as an ELECTRICIAN LEADER (EXPERT) in the DEPARTMENT OF THE NAVY to include work sites of Portsmouth Naval Shipyard, Puget Sound Naval Shipyard, Norfolk Naval Shipyard, and Pearl Harbor Naval Shipyard and Intermediate Maintenance Facility. Applicants will only be considered for positions within their own UIC. For example: If you are within UIC 4523A, you will only be considered for positions within 4523A.","","","","2026-08-10T09:36:00.624269+00:00"
"USAJOBS","Staff Psychologist - Recruitment/Relocation Incentive - EDRP","Veterans Health Administration","https://www.usajobs.gov:443/job/847996100","This position is eligible for the Education Debt Reduction Program (EDRP), a student loan payment reimbursement program. You must meet specific individual eligibility requirements in accordance with VHA policy and submit your EDRP application within four months of appointment. Program Approval, award amount (up to $200,000) and eligibility period (one to five years) are determined by the VHA Education Loan Repayment Services program office after complete review of the EDRP application.","$99779-$184879 PA","Dallas, Texas","This position is eligible for the Education Debt Reduction Program (EDRP), a student loan payment reimbursement program. You must meet specific individual eligibility requirements in accordance with VHA policy and submit your EDRP application within four months of appointment. Program Approval, award amount (up to $200,000) and eligibility period (one to five years) are determined by the VHA Education Loan Repayment Services program office after complete review of the EDRP application.","","","","2026-08-10T09:36:00.625720+00:00"
"USAJOBS","RIGGER SUPERVISOR I","Department of the Navy Headquarters","https://www.usajobs.gov:443/job/847996300","You will serve as a RIGGER SUPERVISOR I in the DEPARTMENT OF THE NAVY to include work sites of Portsmouth Naval Shipyard, Puget Sound Naval Shipyard, Norfolk Naval Shipyard, Trident Refit Facility Bangor and Pearl Harbor Naval Shipyard and Intermediate Maintenance Facility. Applicants will only be considered for positions within their own UIC. For example: if you are within UIC 4523A, you will only be considered for positions within 4523A.","$36.59-$59.52 PH","Multiple Locations","You will serve as a RIGGER SUPERVISOR I in the DEPARTMENT OF THE NAVY to include work sites of Portsmouth Naval Shipyard, Puget Sound Naval Shipyard, Norfolk Naval Shipyard, Trident Refit Facility Bangor and Pearl Harbor Naval Shipyard and Intermediate Maintenance Facility. Applicants will only be considered for positions within their own UIC. For example: if you are within UIC 4523A, you will only be considered for positions within 4523A.","","","","2026-08-10T09:36:00.626853+00:00"
"USAJOBS","Healthcare Engineer","Veterans Health Administration","https://www.usajobs.gov:443/job/848058700","Serves as a Project Engineer at an assigned Department of Veterans Affairs (VA) Healthcare System at Memphis Tennessee. This position performs project planning, produces designs, manages designs, manages construction, and provides construction administration for Minor Construction Projects, Non-Recurring Maintenance (NRM) Projects, Station Level Projects, and Leases at an assigned medical center and associated Community Based Outpatient Clinic (CBOC)'s.","$57617-$127949 PA","Memphis, Tennessee","Serves as a Project Engineer at an assigned Department of Veterans Affairs (VA) Healthcare System at Memphis Tennessee. This position performs project planning, produces designs, manages designs, manages construction, and provides construction administration for Minor Construction Projects, Non-Recurring Maintenance (NRM) Projects, Station Level Projects, and Leases at an assigned medical center and associated Community Based Outpatient Clinic (CBOC)'s.","","","","2026-08-10T09:36:00.628378+00:00"
"USAJOBS","Marine Engineer (Assistant/Associate) Professor","Maritime Administration","https://www.usajobs.gov:443/job/848149900","This is a Full-Time Faculty Tenure-Track appointment in the Excepted Service, with an initial term not-to exceed two years. Reappointments to additional one- or two-year terms are possible. If Tenure is achieved (after four to six years), employment will be made permanent, provided a satisfactory performance appraisal is received annually.","$84896-$146699 PA","Kings Point, New York","This is a Full-Time Faculty Tenure-Track appointment in the Excepted Service, with an initial term not-to exceed two years. Reappointments to additional one- or two-year terms are possible. If Tenure is achieved (after four to six years), employment will be made permanent, provided a satisfactory performance appraisal is received annually.","","","","2026-08-10T09:36:00.629403+00:00"
"USAJOBS","Recreation Assistant (Fitness/Sports/Aquatics)","Commander, Navy Installations Command","https://www.usajobs.gov:443/job/848198800","This position is assigned to the Non-Appropriated Fund (NAF) Fitness, Sports, and Deployed Forces Support Branch; Fleet Readiness; CNIC. The primary function of the position is to ensure proper usage of the facility, assist in the operation of the recreation activity and provide proper collection and disposition of revenues generated at the assigned facility.","$18.6-$18.6 PH","Colts Neck, New Jersey","This position is assigned to the Non-Appropriated Fund (NAF) Fitness, Sports, and Deployed Forces Support Branch; Fleet Readiness; CNIC. The primary function of the position is to ensure proper usage of the facility, assist in the operation of the recreation activity and provide proper collection and disposition of revenues generated at the assigned facility.","","","","2026-08-10T09:36:00.630245+00:00"
"USAJOBS","Marine Equipment Repairer/Operator (Dual Rate)","U.S. Army Corps of Engineers","https://www.usajobs.gov:443/job/848246200","This is a Standing Register [Open Continuous] Job Announcement using a Direct Hire Authority 5 U.S.C. 9905, dated 12/22/2023 that is expected to be used to fill full time positions when requested. The initial cut-off for referral consideration is 10/30/2025; applications received by this date will have the first opportunity for review. Applications received after this date will be considered as additional vacancies become available. Referrals will be pulled as needed by management.","$30.14-$39.46 PH","Portland, Oregon","This is a Standing Register [Open Continuous] Job Announcement using a Direct Hire Authority 5 U.S.C. 9905, dated 12/22/2023 that is expected to be used to fill full time positions when requested. The initial cut-off for referral consideration is 10/30/2025; applications received by this date will have the first opportunity for review. Applications received after this date will be considered as additional vacancies become available. Referrals will be pulled as needed by management.","","","","2026-08-10T09:36:00.631186+00:00"
"USAJOBS","Diagnostic Radiologic Technologist (MRI)","Defense Health Agency","https://www.usajobs.gov:443/job/848254000","About the Position: This is a Diagnostic Radiologic Technologist (MRI) at Guthrie Army Health Clinic, Ft. Drum, New York. This is a Direct Hire Solicitation. This is an open continuous announcement. Multiple vacancies exist and may be filled from this announcement at any of the locations listed. We accept applications on an ongoing basis; qualified applicants will be considered as vacancies become available.","$63648-$77967 PA","Fort Drum, New York","About the Position: This is a Diagnostic Radiologic Technologist (MRI) at Guthrie Army Health Clinic, Ft. Drum, New York. This is a Direct Hire Solicitation. This is an open continuous announcement. Multiple vacancies exist and may be filled from this announcement at any of the locations listed. We accept applications on an ongoing basis; qualified applicants will be considered as vacancies become available.","","","","2026-08-10T09:36:00.632392+00:00"
"USAJOBS","Nurse (PACT, Outpatient)","Veterans Health Administration","https://www.usajobs.gov:443/job/848288200","The Patient Aligned Care Team (PACT) Outpatient Staff Registered Nurse (RN) executes position responsibilities that demonstrate leadership, experience, and creative approaches to management of complex primary care. This nurse provides gender-specific direct Veteran care and care coordination, as it pertains, to Veterans and their care within the Primary Care Department. Manages assigned panel(s), utilizes registries, and ensures appropriate evaluation and access is provided to patient panels.","$95284-$160200 PA","Multiple Locations","The Patient Aligned Care Team (PACT) Outpatient Staff Registered Nurse (RN) executes position responsibilities that demonstrate leadership, experience, and creative approaches to management of complex primary care. This nurse provides gender-specific direct Veteran care and care coordination, as it pertains, to Veterans and their care within the Primary Care Department. Manages assigned panel(s), utilizes registries, and ensures appropriate evaluation and access is provided to patient panels.","","","","2026-08-10T09:36:00.633427+00:00"
"USAJOBS","Marriage and Family Therapist (BHIP) - EDRP Approved","Veterans Health Administration","https://www.usajobs.gov:443/job/848309500","This position is eligible for the Education Debt Reduction Program (EDRP), a student loan payment reimbursement program. You must meet specific eligibility requirements per VHA policy and submit your application within four months of appointment. Program Approval, award amount (up to $200,000) & eligibility period (one to five years) are determined by the VHA Education Loan Repayment Services program office after review of the EDRP application. Former EDRP participants ineligible to apply.","$63476-$99835 PA","Multiple Locations","This position is eligible for the Education Debt Reduction Program (EDRP), a student loan payment reimbursement program. You must meet specific eligibility requirements per VHA policy and submit your application within four months of appointment. Program Approval, award amount (up to $200,000) & eligibility period (one to five years) are determined by the VHA Education Loan Repayment Services program office after review of the EDRP application. Former EDRP participants ineligible to apply.","","","","2026-08-10T09:36:00.634563+00:00"
"USAJOBS","Licensed Professional Mental Health Counselor (BHIP) - EDRP Approved","Veterans Health Administration","https://www.usajobs.gov:443/job/848309600","This position is eligible for the Education Debt Reduction Program (EDRP), a student loan payment reimbursement program. You must meet specific eligibility requirements per VHA policy and submit your application within four months of appointment. Program Approval, award amount (up to $200,000) & eligibility period (one to five years) are determined by the VHA Education Loan Repayment Services program office after review of the EDRP application. Former EDRP participants ineligible to apply.","$63476-$99835 PA","Multiple Locations","This position is eligible for the Education Debt Reduction Program (EDRP), a student loan payment reimbursement program. You must meet specific eligibility requirements per VHA policy and submit your application within four months of appointment. Program Approval, award amount (up to $200,000) & eligibility period (one to five years) are determined by the VHA Education Loan Repayment Services program office after review of the EDRP application. Former EDRP participants ineligible to apply.","","","","2026-08-10T09:36:00.635726+00:00"
"USAJOBS","Clinical Chaplain Pastoral Educator (CPE)","Veterans Health Administration","https://www.usajobs.gov:443/job/848359100","The incumbent serves as a Chaplain Clinical Pastoral Educator (CPE) performing senior-level clinical assignments. The incumbent provides comprehensive religious, spiritual, and pastoral care to all persons that are commensurate with the needs, desires, and voluntary consent of the Veteran, caregiver, or staff. The incumbent addresses the spiritual component of health and wellness in every patient care setting to ensure that pastoral care is fully integrated into all aspects of chaplain services.","$91627-$119120 PA","Aspinwall, Pennsylvania","The incumbent serves as a Chaplain Clinical Pastoral Educator (CPE) performing senior-level clinical assignments. The incumbent provides comprehensive religious, spiritual, and pastoral care to all persons that are commensurate with the needs, desires, and voluntary consent of the Veteran, caregiver, or staff. The incumbent addresses the spiritual component of health and wellness in every patient care setting to ensure that pastoral care is fully integrated into all aspects of chaplain services.","","","","2026-08-10T09:36:00.636886+00:00"
"USAJOBS","Chief Hematology/Oncology","Veterans Health Administration","https://www.usajobs.gov:443/job/848426700","This position is eligible for the Education Debt Reduction Program (EDRP), a student loan payment reimbursement program. You must meet specific eligibility requirements per VHA policy and submit your EDRP application within four months of appointment. Program Approval, award amount (up to $200,000) & eligibility period (one to five years) are determined by the VHA Education Loan Repayment Services program office after review of the EDRP application. Former EDRP participants ineligible to apply.","$285000-$315000 PA","Bronx, New York","This position is eligible for the Education Debt Reduction Program (EDRP), a student loan payment reimbursement program. You must meet specific eligibility requirements per VHA policy and submit your EDRP application within four months of appointment. Program Approval, award amount (up to $200,000) & eligibility period (one to five years) are determined by the VHA Education Loan Repayment Services program office after review of the EDRP application. Former EDRP participants ineligible to apply.","","","","2026-08-10T09:36:00.638488+00:00"
"USAJOBS","Registered Nurse-Community Living Center-EDRP-Open Continuous Announcement","Veterans Health Administration","https://www.usajobs.gov:443/job/848431300","This position is eligible for the Education Debt Reduction Program (EDRP), a student loan payment reimbursement program. You must meet specific eligibility requirements per VHA policy and submit your EDRP application within four months of appointment. Program Approval, award amount (up to $200,000) & eligibility period (one to five years) are determined by the VHA Education Loan Repayment Services program office after review of the EDRP application. Former EDRP participants ineligible to apply.","$79533-$147284 PA","Big Spring, Texas","This position is eligible for the Education Debt Reduction Program (EDRP), a student loan payment reimbursement program. You must meet specific eligibility requirements per VHA policy and submit your EDRP application within four months of appointment. Program Approval, award amount (up to $200,000) & eligibility period (one to five years) are determined by the VHA Education Loan Repayment Services program office after review of the EDRP application. Former EDRP participants ineligible to apply.","","","","2026-08-10T09:36:00.639622+00:00"
"USAJOBS","Physician (Psychiatrist)","Veterans Health Administration","https://www.usajobs.gov:443/job/848464600","The 2-page Resume requirement does not apply to this occupational series and therefore CVs will continue to be required and accepted.","$250000-$325000 PA","Portland, Maine","The 2-page Resume requirement does not apply to this occupational series and therefore CVs will continue to be required and accepted.","","","","2026-08-10T09:36:00.640709+00:00"
"USAJOBS","COOPERATIVE ENGAGEMENT CAPABILITY SYSTEMS ENGINEER","Naval Sea Systems Command","https://www.usajobs.gov:443/job/848468700","This is a public notice flyer to notify interested applicants of anticipated vacancies. Applications will not be accepted through this flyer. Interested applicants must follow the directions in the ""How to Apply"" section of this flyer to be considered. There may or may not be actual vacancies filled from this flyer. Notice of Result letters will not be sent to applicants who respond to this flyer.","$69923-$156755 PA","Dahlgren, Virginia","This is a public notice flyer to notify interested applicants of anticipated vacancies. Applications will not be accepted through this flyer. Interested applicants must follow the directions in the ""How to Apply"" section of this flyer to be considered. There may or may not be actual vacancies filled from this flyer. Notice of Result letters will not be sent to applicants who respond to this flyer.","","","","2026-08-10T09:36:00.641197+00:00"
"USAJOBS","ENGINEER/SCIENTIST","Naval Sea Systems Command","https://www.usajobs.gov:443/job/848470100","This is a public notice flyer to notify interested applicants of anticipated vacancies. Applications will not be accepted through this flyer. Interested applicants must follow the directions in the ""How to Apply"" section of this flyer to be considered. There may or may not be actual vacancies filled from this flyer. Notice of Result letters will not be sent to applicants who respond to this flyer.","$69923-$156755 PA","Dahlgren, Virginia","This is a public notice flyer to notify interested applicants of anticipated vacancies. Applications will not be accepted through this flyer. Interested applicants must follow the directions in the ""How to Apply"" section of this flyer to be considered. There may or may not be actual vacancies filled from this flyer. Notice of Result letters will not be sent to applicants who respond to this flyer.","","","","2026-08-10T09:36:00.642168+00:00"
"USAJOBS","Physician - Anesthesiology","Veterans Health Administration","https://www.usajobs.gov:443/job/848502700","This position is eligible for Education Debt Reduction Program (EDRP), a student loan payment reimbursement program. You must meet specific eligibility requirements per VHA policy and submit your EDRP application within four months of appointment. Program Approval, award amount (up to $200,000) & eligibility period (one to five years) are determined by the VHA Education Loan Repayment Services program office after review of the EDRP application. Former EDRP participants ineligible to apply.","$350000-$400000 PA","Columbia, South Carolina","This position is eligible for Education Debt Reduction Program (EDRP), a student loan payment reimbursement program. You must meet specific eligibility requirements per VHA policy and submit your EDRP application within four months of appointment. Program Approval, award amount (up to $200,000) & eligibility period (one to five years) are determined by the VHA Education Loan Repayment Services program office after review of the EDRP application. Former EDRP participants ineligible to apply.","","","","2026-08-10T09:36:00.643116+00:00"
"USAJOBS","AIRCRAFT ORDNANCE SYSTEMS MECHANIC T32","Air National Guard Units","https://www.usajobs.gov:443/job/848508200","THIS IS A NATIONAL GUARD TITLE 32 EXCEPTED SERVICE POSITION. This National Guard position is for a AIRCRAFT ORDNANCE SYSTEMS MECHANIC T32, PDD1736P01 and is part of the AZ 162nd Wing, National Guard.","$38.42-$44.82 PH","Fort Huachuca, Arizona","THIS IS A NATIONAL GUARD TITLE 32 EXCEPTED SERVICE POSITION. This National Guard position is for a AIRCRAFT ORDNANCE SYSTEMS MECHANIC T32, PDD1736P01 and is part of the AZ 162nd Wing, National Guard.","","","","2026-08-10T09:36:00.644159+00:00"
"USAJOBS","SOFTWARE DEVELOPER","Naval Sea Systems Command","https://www.usajobs.gov:443/job/848520700","This is a public notice flyer to notify interested applicants of anticipated vacancies. Applications will not be accepted through this flyer. Interested applicants must follow the directions in the ""How to Apply"" section of this flyer to be considered. There may or may not be actual vacancies filled from this flyer. Notice of Result letters will not be sent to applicants who respond to this flyer.","$101401-$156755 PA","Dahlgren, Virginia","This is a public notice flyer to notify interested applicants of anticipated vacancies. Applications will not be accepted through this flyer. Interested applicants must follow the directions in the ""How to Apply"" section of this flyer to be considered. There may or may not be actual vacancies filled from this flyer. Notice of Result letters will not be sent to applicants who respond to this flyer.","","","","2026-08-10T09:36:00.644778+00:00"
"USAJOBS","Assistant United States Attorney (Criminal)","Executive Office for U.S. Attorneys and the Office of the U.S. Attorneys","https://www.usajobs.gov:443/job/848528700","The United States Attorney's Office for the Eastern District of Pennsylvania is seeking federal prosecutors to join one of the largest and most prestigious offices in the country to combat gang violence, cartel networks, and high-dollar corporate and government fraud. As an Assistant United States Attorney (AUSA), you will be leading investigations and prosecutions of serious federal crimes and holding the most dangerous offenders accountable. This is more than a job - it is a calling.","$90000-$197100 PA","Multiple Locations","The United States Attorney's Office for the Eastern District of Pennsylvania is seeking federal prosecutors to join one of the largest and most prestigious offices in the country to combat gang violence, cartel networks, and high-dollar corporate and government fraud. As an Assistant United States Attorney (AUSA), you will be leading investigations and prosecutions of serious federal crimes and holding the most dangerous offenders accountable. This is more than a job - it is a calling.","","","","2026-08-10T09:36:00.645727+00:00"
"USAJOBS","Local Chief Dentist (O-6 Billet) Supervisory","Immigration and Customs Enforcement","https://www.usajobs.gov:443/job/848565500","The Local Chief Dentist, Advanced Clinic oversees dental program management, staff supervision, and patient care at DHS ICE facilities. Responsibilities include supervising dental staff, ensuring access to care, managing clinic operations, maintaining safety protocols, and supporting accreditation reviews. Requires DDS/DMD, unrestricted license, 6+ years clinical, and 2+ years supervisory experience. This position is only open to USPHS officers and Call to Active Duty (CAD) candidates.","$1-$150000 PA","Los Fresnos, Texas","The Local Chief Dentist, Advanced Clinic oversees dental program management, staff supervision, and patient care at DHS ICE facilities. Responsibilities include supervising dental staff, ensuring access to care, managing clinic operations, maintaining safety protocols, and supporting accreditation reviews. Requires DDS/DMD, unrestricted license, 6+ years clinical, and 2+ years supervisory experience. This position is only open to USPHS officers and Call to Active Duty (CAD) candidates.","","","","2026-08-10T09:36:00.646933+00:00"
"USAJOBS","SECURITY GUARD","Naval Air Systems Command","https://www.usajobs.gov:443/job/848568800","This is a public notice flyer to notify interested applicants of anticipated vacancies through the DHA for Domestic Def Ind Base Facilities & Major Range/Test Facilities Base in DOD. Applications will not be accepted through this flyer. Interested applicants must follow the directions in the ""How to Apply"" section of this flyer to be considered. There may or may not be actual vacancies filled from this flyer. Notice of Result letters will not be sent to applicants who respond to this flyer.","$44959-$58445 PA","Multiple Locations","This is a public notice flyer to notify interested applicants of anticipated vacancies through the DHA for Domestic Def Ind Base Facilities & Major Range/Test Facilities Base in DOD. Applications will not be accepted through this flyer. Interested applicants must follow the directions in the ""How to Apply"" section of this flyer to be considered. There may or may not be actual vacancies filled from this flyer. Notice of Result letters will not be sent to applicants who respond to this flyer.","","","","2026-08-10T09:36:00.648195+00:00"
"USAJOBS","Advanced Diagnostic Radiologic Technologist (MRI/CT/X-Ray)","Veterans Health Administration","https://www.usajobs.gov:443/job/848616300","This position is in the Department of Veterans Affairs (VA), Veterans Health Administration (VHA), Fredericksburg Health Care Center (FxHCC), VISN 6. The duties and responsibilities are carried out throughout all clinical and other Veteran care areas Involved with the FxHCC Radiology Section.","$101894-$132457 PA","Fredericksburg, Virginia","This position is in the Department of Veterans Affairs (VA), Veterans Health Administration (VHA), Fredericksburg Health Care Center (FxHCC), VISN 6. The duties and responsibilities are carried out throughout all clinical and other Veteran care areas Involved with the FxHCC Radiology Section.","","","","2026-08-10T09:36:00.649392+00:00"
"USAJOBS","Housekeeping Aid","Veterans Health Administration","https://www.usajobs.gov:443/job/848640100","This position is located within the Environmental Management Services Division of a VA Medical Center. This position is under the direct supervision of the Housekeeping Supervisor or designee. Click the ""Learn more about this agency"" link below to discover the perks and benefits of a Housekeeping - Environmental Service career!","$17.78-$20.54 PH","Multiple Locations","This position is located within the Environmental Management Services Division of a VA Medical Center. This position is under the direct supervision of the Housekeeping Supervisor or designee. Click the ""Learn more about this agency"" link below to discover the perks and benefits of a Housekeeping - Environmental Service career!","","","","2026-08-10T09:36:00.650214+00:00"
"USAJOBS","Assistant United States Attorney (AUSA) Open Continuous","Executive Office for U.S. Attorneys and the Office of the U.S. Attorneys","https://www.usajobs.gov:443/job/848650400","The U.S. Attorney's Office for the District of Columbia (USAO-DC) is unique in the size and the scope of its work. It serves as both the local and the federal prosecutor for the nation's capital. Assistant United States Attorney's (AUSA) assigned to the Criminal Division prosecute a broad range of U.S. Code violations in the United States District Court for the District of Columbia.","$87815-$197100 PA","Washington, District of Columbia","The U.S. Attorney's Office for the District of Columbia (USAO-DC) is unique in the size and the scope of its work. It serves as both the local and the federal prosecutor for the nation's capital. Assistant United States Attorney's (AUSA) assigned to the Criminal Division prosecute a broad range of U.S. Code violations in the United States District Court for the District of Columbia.","","","","2026-08-10T09:36:00.651049+00:00"
"USAJOBS","Food Service Worker","Veterans Health Administration","https://www.usajobs.gov:443/job/848653300","This Food Service Worker position is located within the Nutrition & Food Service for the Eastern Oklahoma VA Health Care System. Some positions will report to Jack C. Montgomery VA Medical Center in Muskogee, Oklahoma until the opening of the new facility at James Mountain Inhofe VA Medical Center in Tulsa, Oklahoma. Applicants willing to relocate should select they are interested in both locations, Muskogee and Tulsa.","$19.89-$23.21 PH","Multiple Locations","This Food Service Worker position is located within the Nutrition & Food Service for the Eastern Oklahoma VA Health Care System. Some positions will report to Jack C. Montgomery VA Medical Center in Muskogee, Oklahoma until the opening of the new facility at James Mountain Inhofe VA Medical Center in Tulsa, Oklahoma. Applicants willing to relocate should select they are interested in both locations, Muskogee and Tulsa.","","","","2026-08-10T09:36:00.652056+00:00"
"USAJOBS","Food Service Worker","Veterans Health Administration","https://www.usajobs.gov:443/job/848714500","This Food Service Worker position is located within the Nutrition & Food Service at the VA Bedford Healthcare System within VISN 1. THIS OPEN & CONTINUOUS ANNOUNCEMENT (OCA) ESTABLISHES A STANDING REGISTER OF ELIGIBLE APPLICANTS. DIRECT HIRE AUTHORITY: This position is being filled using Direct-Hire Authority (5 CFR 337.205 (b) ""(1)-(4)"" for this occupation.","$19.54-$22.79 PH","Bedford, Massachusetts","This Food Service Worker position is located within the Nutrition & Food Service at the VA Bedford Healthcare System within VISN 1. THIS OPEN & CONTINUOUS ANNOUNCEMENT (OCA) ESTABLISHES A STANDING REGISTER OF ELIGIBLE APPLICANTS. DIRECT HIRE AUTHORITY: This position is being filled using Direct-Hire Authority (5 CFR 337.205 (b) ""(1)-(4)"" for this occupation.","","","","2026-08-10T09:36:00.653007+00:00"
"USAJOBS","Staff Physical Therapist - EDRP Approved","Veterans Health Administration","https://www.usajobs.gov:443/job/848765500","This position is eligible for the Education Debt Reduction Program (EDRP), a student loan payment reimbursement program. You must meet specific eligibility requirements per VHA policy and submit your EDRP application within four months of appointment. Program Approval, award amount (up to $200,000) & eligibility period (one to five years) are determined by the VHA Education Loan Repayment Services program office after review of the EDRP application. Former EDRP participants ineligible to apply.","$73939-$115213 PA","Abilene, Texas","This position is eligible for the Education Debt Reduction Program (EDRP), a student loan payment reimbursement program. You must meet specific eligibility requirements per VHA policy and submit your EDRP application within four months of appointment. Program Approval, award amount (up to $200,000) & eligibility period (one to five years) are determined by the VHA Education Loan Repayment Services program office after review of the EDRP application. Former EDRP participants ineligible to apply.","","","","2026-08-10T09:36:00.653909+00:00"
"USAJOBS","Lifeguard","Commander, Navy Installations Command","https://www.usajobs.gov:443/job/848890700","This position is assigned to the Non-Appropriated Fund (NAF) Fitness, Sports, and Deployed Support Branch; Fleet Readiness; Commander, Navy Installations Command (CNIC); NSA Naples, Italy. Incumbent provides lifeguard duties; is responsible for safeguarding the lives of persons at the assigned work area; assists with Aquatic training, education, and general support at the installation.","$15-$17.25 PH","Naples, Italy","This position is assigned to the Non-Appropriated Fund (NAF) Fitness, Sports, and Deployed Support Branch; Fleet Readiness; Commander, Navy Installations Command (CNIC); NSA Naples, Italy. Incumbent provides lifeguard duties; is responsible for safeguarding the lives of persons at the assigned work area; assists with Aquatic training, education, and general support at the installation.","","","","2026-08-10T09:36:00.655017+00:00"
"USAJOBS","Investigator (O-5 Billet) Non-Supervisory - External","Immigration and Customs Enforcement","https://www.usajobs.gov:443/job/848918800","The Investigator position within ICE Health Service Corps (IHSC) involves conducting administrative investigations at detention facilities, including health care complaints, morbidity/mortality incidents, and staff misconduct. Requires a clinical license, investigative skills, knowledge of ICE standards, and travel. This position is only open to current USPHS officers. USPHS Call to Active Duty (CAD) candidates are not eligible for this position.","$1-$150000 PA","Washington, District of Columbia","The Investigator position within ICE Health Service Corps (IHSC) involves conducting administrative investigations at detention facilities, including health care complaints, morbidity/mortality incidents, and staff misconduct. Requires a clinical license, investigative skills, knowledge of ICE standards, and travel. This position is only open to current USPHS officers. USPHS Call to Active Duty (CAD) candidates are not eligible for this position.","","","","2026-08-10T09:36:00.655923+00:00"
"USAJOBS","Investigator (O-5 Billet) Non-Supervisory - Internal","Immigration and Customs Enforcement","https://www.usajobs.gov:443/job/848918900","The Investigator position within ICE Health Service Corps (IHSC) involves conducting administrative investigations at detention facilities, including health care complaints, morbidity/mortality incidents, and staff misconduct. Requires a clinical license, investigative skills, knowledge of ICE standards, and travel. This position is only open to USPHS officers who are currently IHSC employees. USPHS Call to Active Duty (CAD) candidates are not eligible for this position.","$1-$150000 PA","Location Negotiable After Selection","The Investigator position within ICE Health Service Corps (IHSC) involves conducting administrative investigations at detention facilities, including health care complaints, morbidity/mortality incidents, and staff misconduct. Requires a clinical license, investigative skills, knowledge of ICE standards, and travel. This position is only open to USPHS officers who are currently IHSC employees. USPHS Call to Active Duty (CAD) candidates are not eligible for this position.","","","","2026-08-10T09:36:00.656990+00:00"
"USAJOBS","AIRPLANE FLIGHT INSTRUCTOR","Air National Guard Units","https://www.usajobs.gov:443/job/848955900","This AIRPLANE FLIGHT INSTRUCTOR position, is located at the unit level in the Air National Guard (ANG) Aviation Wing, Operations Group at selected units in the ANG and is part of the CA 163 ATKW.","$144040-$187254 PA","March AFB, California","This AIRPLANE FLIGHT INSTRUCTOR position, is located at the unit level in the Air National Guard (ANG) Aviation Wing, Operations Group at selected units in the ANG and is part of the CA 163 ATKW.","","","","2026-08-10T09:36:00.658070+00:00"
"USAJOBS","AIRCRAFT MECHANIC","Air National Guard Units","https://www.usajobs.gov:443/job/848958900","THIS IS A NATIONAL GUARD TITLE 32 EXCEPTED SERVICE POSITION. This National Guard position is for an AIRCRAFT MECHANIC, Position Description Number PDD1366000 and is part of the WY 153d Aircraft Maintenance Squadron, Wyoming Air National Guard. This is a Title 32 Dual Status Technician Excepted Service position. Military affiliation is required. To inquire about joining, visit https://www.airforce.com/ways-to-serve/air-national-guard/wyoming, or call (307) 772-6333 for assistance.","$30.55-$40.35 PH","Cheyenne, Wyoming","THIS IS A NATIONAL GUARD TITLE 32 EXCEPTED SERVICE POSITION. This National Guard position is for an AIRCRAFT MECHANIC, Position Description Number PDD1366000 and is part of the WY 153d Aircraft Maintenance Squadron, Wyoming Air National Guard. This is a Title 32 Dual Status Technician Excepted Service position. Military affiliation is required. To inquire about joining, visit https://www.airforce.com/ways-to-serve/air-national-guard/wyoming, or call (307) 772-6333 for assistance.","","","","2026-08-10T09:36:00.658701+00:00"
"USAJOBS","HEAVY MOBILE EQUIPMENT MECHANIC","Air National Guard Units","https://www.usajobs.gov:443/job/848982000","This National Guard position is for a HEAVY MOBILE EQUIPMENT MECHANIC, Position Description Number D2431000 and is part of 155th LRS, Nebraska Air National Guard. Selected applicant may be eligible for a recruitment or relocation incentive not to exceed 25% of the annual rate of basic pay. A recruitment or relocation incentive must be negotiated prior to acceptance of the official offer","$31.3-$36.52 PH","Lincoln, Nebraska","This National Guard position is for a HEAVY MOBILE EQUIPMENT MECHANIC, Position Description Number D2431000 and is part of 155th LRS, Nebraska Air National Guard. Selected applicant may be eligible for a recruitment or relocation incentive not to exceed 25% of the annual rate of basic pay. A recruitment or relocation incentive must be negotiated prior to acceptance of the official offer","","","","2026-08-10T09:36:00.659801+00:00"
"USAJOBS","Certified Registered Nurse Anesthetist (CRNA)","Veterans Health Administration","https://www.usajobs.gov:443/job/848989800","This is an open continuous announcement until October 26th, 2026. Qualified applicants will be considered and referred as vacancies become available and until positions are filled.","$190128-$275722 PA","Milwaukee, Wisconsin","This is an open continuous announcement until October 26th, 2026. Qualified applicants will be considered and referred as vacancies become available and until positions are filled.","","","","2026-08-10T09:36:00.660672+00:00"
"USAJOBS","SHEET METAL MECHANIC (AIRCRAFT)","Air National Guard Units","https://www.usajobs.gov:443/job/849002400","This National Guard position is for a SHEET METAL MECHANIC (AIRCRAFT), Position Description Number D1371000 and is part of 155TH MXS Nebraska Air National Guard. Selected applicant may be eligible for a recruitment or relocation incentive not to exceed 25% of the annual rate of basic pay. A recruitment or relocation incentive must be negotiated prior to acceptance of the official offer","$28-$36.52 PH","Lincoln, Nebraska","This National Guard position is for a SHEET METAL MECHANIC (AIRCRAFT), Position Description Number D1371000 and is part of 155TH MXS Nebraska Air National Guard. Selected applicant may be eligible for a recruitment or relocation incentive not to exceed 25% of the annual rate of basic pay. A recruitment or relocation incentive must be negotiated prior to acceptance of the official offer","","","","2026-08-10T09:36:00.661417+00:00"
"USAJOBS","Boiler Plant Operator","Veterans Health Administration","https://www.usajobs.gov:443/job/849004500","The employee of this position will perform duties as a Boiler/METASYS Operator/Mechanic in the Utilities Section of Engineering Service at the Central Alabama Veterans Health Care System (CAVHCS), West Campus. The employee will operate and monitor the METASYS energy management system 24 hours a day, seven days a week.","$25.97-$30.29 PH","Montgomery, Alabama","The employee of this position will perform duties as a Boiler/METASYS Operator/Mechanic in the Utilities Section of Engineering Service at the Central Alabama Veterans Health Care System (CAVHCS), West Campus. The employee will operate and monitor the METASYS energy management system 24 hours a day, seven days a week.","","","","2026-08-10T09:36:00.662340+00:00"
"USAJOBS","Physician (Regular Ft) Chief of Diagnostic Services","Veterans Health Administration","https://www.usajobs.gov:443/job/849030000","NOTE: The 2-page Resume requirement does not apply to this occupational series. For more information, refer to Required Documents below. The Louis A. Johnson VA Medical Center is located in Clarksburg, West Virginia and serves a veteran population of approximately 70,000 in north central West Virginia and adjacent counties in Maryland, Ohio and Pennsylvania.","$270000-$400000 PA","Clarksburg, West Virginia","NOTE: The 2-page Resume requirement does not apply to this occupational series. For more information, refer to Required Documents below. The Louis A. Johnson VA Medical Center is located in Clarksburg, West Virginia and serves a veteran population of approximately 70,000 in north central West Virginia and adjacent counties in Maryland, Ohio and Pennsylvania.","","","","2026-08-10T09:36:00.663193+00:00"
"USAJOBS","Physician (Psychiatrist)","Veterans Health Administration","https://www.usajobs.gov:443/job/849031400","This position is eligible for the Education Debt Reduction Program (EDRP) a student loan payment reimbursement program. You must meet specific eligibility requirements per VHA policy and submit your EDRP application within four months of appointment. Program Approval, award amount (up to $200,000) & eligibility period (one to five years) are determined by the VHA Education Loan Repayment Services program office after review of the EDRP application. Former EDRP participants ineligible to apply","$204000-$300000 PA","Madison, Wisconsin","This position is eligible for the Education Debt Reduction Program (EDRP) a student loan payment reimbursement program. You must meet specific eligibility requirements per VHA policy and submit your EDRP application within four months of appointment. Program Approval, award amount (up to $200,000) & eligibility period (one to five years) are determined by the VHA Education Loan Repayment Services program office after review of the EDRP application. Former EDRP participants ineligible to apply","","","","2026-08-10T09:36:00.664244+00:00"
"USAJOBS","EMERGENCY RESPONSE DISPATCHER","Commander, Navy Installations Command","https://www.usajobs.gov:443/job/849034400","This is a public notice flyer to notify interested applicants of anticipated vacancies. Applications will not be accepted through this flyer. Interested applicants must follow the directions in the ""How to Apply"" section of this flyer to be considered. There may or may not be actual vacancies filled from this flyer. Notice of Result letters will not be sent to applicants who respond to this flyer.","$41179-$74196 PA","Point Loma Complex, San Diego, California","This is a public notice flyer to notify interested applicants of anticipated vacancies. Applications will not be accepted through this flyer. Interested applicants must follow the directions in the ""How to Apply"" section of this flyer to be considered. There may or may not be actual vacancies filled from this flyer. Notice of Result letters will not be sent to applicants who respond to this flyer.","","","","2026-08-10T09:36:00.665468+00:00"
"USAJOBS","SECURITY SPECIALIST T32","Air National Guard Units","https://www.usajobs.gov:443/job/849058200","THIS IS A NATIONAL GUARD TITLE 32 EXCEPTED SERVICE POSITION. This National Guard position is for a SECURITY SPECIALIST T32, PDD2641000 and is part of the AZ 162nd Wing, National Guard.","$75341-$97938 PA","Tucson, Arizona","THIS IS A NATIONAL GUARD TITLE 32 EXCEPTED SERVICE POSITION. This National Guard position is for a SECURITY SPECIALIST T32, PDD2641000 and is part of the AZ 162nd Wing, National Guard.","","","","2026-08-10T09:36:00.666456+00:00"
"USAJOBS","Nursing Assistant","Veterans Health Administration","https://www.usajobs.gov:443/job/849073800","This Nursing Assistant position will be in Nursing Operations, Residential Rehabilitation Treatment Program (MHRRTP), Acute Physiocratic Unit (APU), Medical Unit (MED), (CLC), and FLOAT (Float Pool). Provides direct patient/resident care under the direction of a Registered Nurse and/or, Licensed Practical Nurse. Performs assigned duties in a manner that promotes quality healthcare, positive and outstanding customer service, and the maintenance of an environment committed to serving the Veteran.","$41562-$67859 PA","Sheridan, Wyoming","This Nursing Assistant position will be in Nursing Operations, Residential Rehabilitation Treatment Program (MHRRTP), Acute Physiocratic Unit (APU), Medical Unit (MED), (CLC), and FLOAT (Float Pool). Provides direct patient/resident care under the direction of a Registered Nurse and/or, Licensed Practical Nurse. Performs assigned duties in a manner that promotes quality healthcare, positive and outstanding customer service, and the maintenance of an environment committed to serving the Veteran.","","","","2026-08-10T09:36:00.667074+00:00"
"USAJOBS","Electronic Industrial Controls Mechanic (12 Month Register)","Defense Logistics Agency","https://www.usajobs.gov:443/job/849085500","This is an open-continuous announcement with an established initial cut-off date of November 12, 2025. Please see the ""How You Will Be Evaluated"" section for more information. See below for important information regarding this job.","$29.99-$34.99 PH","New Cumberland Defense Logistics Center, Pennsylvania","This is an open-continuous announcement with an established initial cut-off date of November 12, 2025. Please see the ""How You Will Be Evaluated"" section for more information. See below for important information regarding this job.","","","","2026-08-10T09:36:00.668144+00:00"
"USAJOBS","Food Service Worker","Veterans Health Administration","https://www.usajobs.gov:443/job/849106300","This Food Service Worker position is located within the Nutrition & Food Service at the VA Medical Center in Oklahoma City, OK.","$18.95-$22.09 PH","Oklahoma City, Oklahoma","This Food Service Worker position is located within the Nutrition & Food Service at the VA Medical Center in Oklahoma City, OK.","","","","2026-08-10T09:36:00.668840+00:00"
"USAJOBS","Senior Social Worker (Post 9/11 M2VA Military 2 VA Case Manager) - EDRP Approved","Veterans Health Administration","https://www.usajobs.gov:443/job/849114400","This position is eligible for the Education Debt Reduction Program (EDRP), a student loan payment reimbursement program. You must meet specific individual eligibility requirements in accordance with VHA policy and submit your EDRP application within four months of appointment. Program Approval, award amount (up to $200,000) and eligibility period (one to five years) are determined by the VHA Education Loan Repayment Services program office after complete review of the EDRP application.","$92869-$120734 PA","Laredo, Texas","This position is eligible for the Education Debt Reduction Program (EDRP), a student loan payment reimbursement program. You must meet specific individual eligibility requirements in accordance with VHA policy and submit your EDRP application within four months of appointment. Program Approval, award amount (up to $200,000) and eligibility period (one to five years) are determined by the VHA Education Loan Repayment Services program office after complete review of the EDRP application.","","","","2026-08-10T09:36:00.669347+00:00"
"USAJOBS","Housekeeping Aid","Veterans Health Administration","https://www.usajobs.gov:443/job/849117300","This position is located within the Environmental Management Services Division of a VA Medical Center. This position is under the direct supervision of the Housekeeping Supervisor or designee. This position performs both janitorial and custodial services at the VA Medical Center located in Grand Junction, Colorado.","$18.04-$21.05 PH","Grand Junction, Colorado","This position is located within the Environmental Management Services Division of a VA Medical Center. This position is under the direct supervision of the Housekeeping Supervisor or designee. This position performs both janitorial and custodial services at the VA Medical Center located in Grand Junction, Colorado.","","","","2026-08-10T09:36:00.670466+00:00"
"USAJOBS","Housekeeping Aid","Veterans Health Administration","https://www.usajobs.gov:443/job/849117700","This position is located within the Environmental Management Services Division of a VA Medical Center. This position is under the direct supervision of the Housekeeping Supervisor or designee. This position performs both janitorial and custodial services at the VA Medical Center located in Denver and Pueblo, Colorado.","$20.9-$24.38 PH","Multiple Locations","This position is located within the Environmental Management Services Division of a VA Medical Center. This position is under the direct supervision of the Housekeeping Supervisor or designee. This position performs both janitorial and custodial services at the VA Medical Center located in Denver and Pueblo, Colorado.","","","","2026-08-10T09:36:00.671201+00:00"
"USAJOBS","Food Service Worker","Veterans Health Administration","https://www.usajobs.gov:443/job/849121200","Food Service Workers perform tasks with several steps or a sequence of tasks that requires attention to work operations. They follow set procedures in accomplishing repetitive assignments and follow an established sequence of work such as working in the dish room, passing trays, portioning cold foods and dipping hot foods. This position is located at VA Medical Center in Grand Junction, CO.","$18.04-$21.05 PH","Grand Junction, Colorado","Food Service Workers perform tasks with several steps or a sequence of tasks that requires attention to work operations. They follow set procedures in accomplishing repetitive assignments and follow an established sequence of work such as working in the dish room, passing trays, portioning cold foods and dipping hot foods. This position is located at VA Medical Center in Grand Junction, CO.","","","","2026-08-10T09:36:00.671979+00:00"
"USAJOBS","Child and Youth Program Assistant (Leader Level)","U.S. Air Forces, Europe","https://www.usajobs.gov:443/job/849140600","This position is at the Child Development Center, Geilenkirchen AB, Germany. This is a Regular Part-Time position (20-34 hours per week). Work schedule is Monday through Friday, including occasional weekends, nights, and holidays. Military Spouse Preference is lost if selected for this position.","$22.82-$22.82 PH","Geilenkirchen, Germany","This position is at the Child Development Center, Geilenkirchen AB, Germany. This is a Regular Part-Time position (20-34 hours per week). Work schedule is Monday through Friday, including occasional weekends, nights, and holidays. Military Spouse Preference is lost if selected for this position.","","","","2026-08-10T09:36:00.672950+00:00"
"USAJOBS","IT SPECIALIST (NETWORK) (TITLE 32)","Air National Guard Units","https://www.usajobs.gov:443/job/849162500","This is a National Guard Title 32 Excepted Service Position. This position is a Temporary GS-2210-11 IT SPECIALIST (NETWORK) (TITLE 32), Position Description Number D1560P01and is part of the MO 131st Bomb Wing. This is a non-bargaining position. SEE NOTES UNDER CONDITIONS OF EMPLOYMENT BELOW.","$75815-$98554 PA","Jefferson Barracks, Missouri","This is a National Guard Title 32 Excepted Service Position. This position is a Temporary GS-2210-11 IT SPECIALIST (NETWORK) (TITLE 32), Position Description Number D1560P01and is part of the MO 131st Bomb Wing. This is a non-bargaining position. SEE NOTES UNDER CONDITIONS OF EMPLOYMENT BELOW.","","","","2026-08-10T09:36:00.673701+00:00"
"USAJOBS","Primary Care Physician EDRP Authorized","Veterans Health Administration","https://www.usajobs.gov:443/job/849173100","Eligible for the Education Debt Reduction Program (EDRP), student loan payment reimbursement program. You must meet specific eligibility requirements per VHA policy and submit your EDRP application within four months of appointment. Program Approval, award amount (up to $200,000) & eligibility period (one to five years) are determined by the VHA Education Loan Repayment Services office after review of the EDRP application. Former EDRP participants ineligible to apply.","$220000-$250000 PA","Providence, Rhode Island","Eligible for the Education Debt Reduction Program (EDRP), student loan payment reimbursement program. You must meet specific eligibility requirements per VHA policy and submit your EDRP application within four months of appointment. Program Approval, award amount (up to $200,000) & eligibility period (one to five years) are determined by the VHA Education Loan Repayment Services office after review of the EDRP application. Former EDRP participants ineligible to apply.","","","","2026-08-10T09:36:00.674538+00:00"
"USAJOBS","Staff Psychologist (BHIP) - EDRP/Recruitment/Relocation Approved","Veterans Health Administration","https://www.usajobs.gov:443/job/849186600","This position is eligible for the Education Debt Reduction Program (EDRP), a student loan payment reimbursement program. You must meet specific individual eligibility requirements in accordance with VHA policy and submit your EDRP application within four months of appointment. Program Approval, award amount (up to $200,000) and eligibility period (one to five years) are determined by the VHA Education Loan Repayment Services program office after complete review of the EDRP application.","$88479-$163941 PA","El Paso, Texas","This position is eligible for the Education Debt Reduction Program (EDRP), a student loan payment reimbursement program. You must meet specific individual eligibility requirements in accordance with VHA policy and submit your EDRP application within four months of appointment. Program Approval, award amount (up to $200,000) and eligibility period (one to five years) are determined by the VHA Education Loan Repayment Services program office after complete review of the EDRP application.","","","","2026-08-10T09:36:00.675721+00:00"
"USAJOBS","Medical Instrument Technician (Anesthesia)","Veterans Health Administration","https://www.usajobs.gov:443/job/849192200","The Medical Instrument Technician (Anesthesia) at the VA Southern Nevada Healthcare System, Anesthesiology Service, Technical Section provides technical support to anesthesiology staff necessary for the safe and efficient delivery of anesthesiology staff necessary for the safe and efficient delivery of anesthesia services in the operating rooms, recovery room, Special Procedures Unit, Cardiac Catheterization Lab, and Radiology.","$56515-$73475 PA","Las Vegas, Nevada","The Medical Instrument Technician (Anesthesia) at the VA Southern Nevada Healthcare System, Anesthesiology Service, Technical Section provides technical support to anesthesiology staff necessary for the safe and efficient delivery of anesthesiology staff necessary for the safe and efficient delivery of anesthesia services in the operating rooms, recovery room, Special Procedures Unit, Cardiac Catheterization Lab, and Radiology.","","","","2026-08-10T09:36:00.676878+00:00"
"USAJOBS","ENGINEER/SCIENTIST","Naval Sea Systems Command","https://www.usajobs.gov:443/job/849215100","This is a public notice flyer to notify interested applicants of anticipated vacancies. Applications will not be accepted through this flyer. Interested applicants must follow the directions in the ""How to Apply"" section of this flyer to be considered. There may or may not be actual vacancies filled from this flyer. Notice of Result letters will not be sent to applicants who respond to this flyer.","$101401-$156755 PA","Dahlgren, Virginia","This is a public notice flyer to notify interested applicants of anticipated vacancies. Applications will not be accepted through this flyer. Interested applicants must follow the directions in the ""How to Apply"" section of this flyer to be considered. There may or may not be actual vacancies filled from this flyer. Notice of Result letters will not be sent to applicants who respond to this flyer.","","","","2026-08-10T09:36:00.678286+00:00"
"USAJOBS","Housekeeping Aid","Veterans Health Administration","https://www.usajobs.gov:443/job/849218100","This position is located within the Environmental Management Services Division of a VA Medical Center. This position is under the direct supervision of the Housekeeping Supervisor or designee. This position performs both janitorial and custodial services at the VA Medical Center located in Oklahoma City, OK.","$18.95-$22.09 PH","Oklahoma City, Oklahoma","This position is located within the Environmental Management Services Division of a VA Medical Center. This position is under the direct supervision of the Housekeeping Supervisor or designee. This position performs both janitorial and custodial services at the VA Medical Center located in Oklahoma City, OK.","","","","2026-08-10T09:36:00.679182+00:00"
"USAJOBS","SHEET METAL MECHANIC (AIRCRAFT) (Title 32)","Air National Guard Units","https://www.usajobs.gov:443/job/849230300","This position is part of the 149th Maintenance Squadron located in San Antonio, TX. . Its primary purpose is to accomplish the inspection, repair, modification, installation and troubleshooting of sheet metal, fiberglass, bonded honeycomb and other structural materials and components as well as treatment and painting of missiles, aircraft powered and non powered Aerospace Ground Equipment (AGE), and monitoring aircraft and equipment washing. Texas is one of 9 states with NO state income tax.","$31.42-$36.64 PH","Kelly AFB, Texas","This position is part of the 149th Maintenance Squadron located in San Antonio, TX. . Its primary purpose is to accomplish the inspection, repair, modification, installation and troubleshooting of sheet metal, fiberglass, bonded honeycomb and other structural materials and components as well as treatment and painting of missiles, aircraft powered and non powered Aerospace Ground Equipment (AGE), and monitoring aircraft and equipment washing. Texas is one of 9 states with NO state income tax.","","","","2026-08-10T09:36:00.679963+00:00"
"USAJOBS","Physician (Regular FT) Cardiologist Non-Invasive EDRP & Recruitment Incentive Authorized","Veterans Health Administration","https://www.usajobs.gov:443/job/849239600","Eligible for Education Debt Reduction Program (EDRP) a student loan payment reimbursement program. Must meet specific individual eligibility requirements in accordance with VHA policy and submit your EDRP application within four months of appointment. Approval award amount (up to $200,000) and eligibility period (one to five years) are determined by the VHA Education Loan Repayment Services program office after complete review of the EDRP application Recruitment/ Relocation Incentive: Authorized","$350000-$375000 PA","Providence, Rhode Island","Eligible for Education Debt Reduction Program (EDRP) a student loan payment reimbursement program. Must meet specific individual eligibility requirements in accordance with VHA policy and submit your EDRP application within four months of appointment. Approval award amount (up to $200,000) and eligibility period (one to five years) are determined by the VHA Education Loan Repayment Services program office after complete review of the EDRP application Recruitment/ Relocation Incentive: Authorized","","","","2026-08-10T09:36:00.681163+00:00"
"USAJOBS","ENGINEER/SCIENTIST","Naval Sea Systems Command","https://www.usajobs.gov:443/job/849247100","This is a public notice flyer to notify interested applicants of anticipated vacancies. Applications will not be accepted through this flyer. Interested applicants must follow the directions in the ""How to Apply"" section of this flyer to be considered. There may or may not be actual vacancies filled from this flyer. Notice of Result letters will not be sent to applicants who respond to this flyer.","$101401-$156755 PA","Dahlgren, Virginia","This is a public notice flyer to notify interested applicants of anticipated vacancies. Applications will not be accepted through this flyer. Interested applicants must follow the directions in the ""How to Apply"" section of this flyer to be considered. There may or may not be actual vacancies filled from this flyer. Notice of Result letters will not be sent to applicants who respond to this flyer.","","","","2026-08-10T09:36:00.682387+00:00"
"USAJOBS","Food Service Worker","Veterans Health Administration","https://www.usajobs.gov:443/job/849268600","This position is located in the Nutrition and Food Service of the VA Providence Healthcare System. This position is a permanent, full-time position at 40 hours per week. Many Vacancies in Providence, RI DIRECT HIRE AUTHORITY: This position is being filled using Direct-Hire Authority (5 CFR 337.205 (b)""(1)-(4)"" for this occupation. THIS OPEN & CONTINUOUS ANNOUNCEMENT (OCA) ESTABLISHES A STANDING REGISTER OF ELIGIBLE APPLICANTS.","$21.4-$24.96 PH","Providence, Rhode Island","This position is located in the Nutrition and Food Service of the VA Providence Healthcare System. This position is a permanent, full-time position at 40 hours per week. Many Vacancies in Providence, RI DIRECT HIRE AUTHORITY: This position is being filled using Direct-Hire Authority (5 CFR 337.205 (b)""(1)-(4)"" for this occupation. THIS OPEN & CONTINUOUS ANNOUNCEMENT (OCA) ESTABLISHES A STANDING REGISTER OF ELIGIBLE APPLICANTS.","","","","2026-08-10T09:36:00.683312+00:00"
"USAJOBS","Dietitian (Clinical)","Veterans Health Administration","https://www.usajobs.gov:443/job/849285200","Clinical Dietitians providing Home Based Primary Care (HBPC) coordinate nutritional care of Veterans with other health care providers, the Veteran, the Veteran's caregiver, and the community. They interpret research and utilize whole health principles to develop patient-centered goals and improve outcomes. Clinical Dietitians providing HBPC collaborate with the Food Operations Section to enhance the Veterans' dining experience and ensure patient satisfaction.","$50706-$97560 PA","Corpus Christi, Texas","Clinical Dietitians providing Home Based Primary Care (HBPC) coordinate nutritional care of Veterans with other health care providers, the Veteran, the Veteran's caregiver, and the community. They interpret research and utilize whole health principles to develop patient-centered goals and improve outcomes. Clinical Dietitians providing HBPC collaborate with the Food Operations Section to enhance the Veterans' dining experience and ensure patient satisfaction.","","","","2026-08-10T09:36:00.684314+00:00"
"USAJOBS","MANAGEMENT ANALYST T32","Army National Guard Units","https://www.usajobs.gov:443/job/849316000","THIS IS A NATIONAL GUARD TITLE 32 EXCEPTED SERVICE POSITION. This National Guard position is for a MANAGEMENT ANALYST T32, PDD1256000 and is part of the AZ SMM, National Guard.","$64564-$83938 PA","Phoenix, Arizona","THIS IS A NATIONAL GUARD TITLE 32 EXCEPTED SERVICE POSITION. This National Guard position is for a MANAGEMENT ANALYST T32, PDD1256000 and is part of the AZ SMM, National Guard.","","","","2026-08-10T09:36:00.685401+00:00"
"USAJOBS","POLICE OFFICER T32","Air National Guard Units","https://www.usajobs.gov:443/job/849320000","THIS IS A NATIONAL GUARD TITLE 32 EXCEPTED SERVICE POSITION. This National Guard position is for a POLICE OFFICER T32, PDD2156000 and is part of the AZ 162nd Wing, National Guard.","$66171-$86029 PA","Tucson, Arizona","THIS IS A NATIONAL GUARD TITLE 32 EXCEPTED SERVICE POSITION. This National Guard position is for a POLICE OFFICER T32, PDD2156000 and is part of the AZ 162nd Wing, National Guard.","","","","2026-08-10T09:36:00.685887+00:00"
"USAJOBS","POLICE OFFICER T32","Air National Guard Units","https://www.usajobs.gov:443/job/849329400","THIS IS A NATIONAL GUARD TITLE 32 EXCEPTED SERVICE POSITION. This National Guard position is for a POLICE OFFICER T32, PDD2155000 and is part of the AZ 161st Air Refueling Wing, National Guard.","$55690-$72394 PA","Phoenix, Arizona","THIS IS A NATIONAL GUARD TITLE 32 EXCEPTED SERVICE POSITION. This National Guard position is for a POLICE OFFICER T32, PDD2155000 and is part of the AZ 161st Air Refueling Wing, National Guard.","","","","2026-08-10T09:36:00.686397+00:00"
"USAJOBS","Materials Handler (Forklift Operator)","Defense Commissary Agency","https://www.usajobs.gov:443/job/849340100","About the Position: This is an open continuous announcement. The initial cutoff date for referral is 17 November 2025. After this date additional referral lists will be created as vacancies are available. If you are referred and not selected or receive a letter indicating you were ineligible because of missing documents you must complete a new application package for this vacancy to receive further consideration.","$22.1-$25.78 PH","Kaiserslautern, Germany","About the Position: This is an open continuous announcement. The initial cutoff date for referral is 17 November 2025. After this date additional referral lists will be created as vacancies are available. If you are referred and not selected or receive a letter indicating you were ineligible because of missing documents you must complete a new application package for this vacancy to receive further consideration.","","","","2026-08-10T09:36:00.686980+00:00"
"USAJOBS","INDUSTRIAL HYGIENIST/ CHEMICAL ENGINEER (INTERDISCIPLINARY)","U.S. Pacific Fleet","https://www.usajobs.gov:443/job/849350100","This is a public notice flyer to notify interested applicants of anticipated vacancies. Applications will not be accepted through this flyer. Interested applicants must follow the directions in the ""How to Apply"" section of this flyer to be considered. There may or may not be actual vacancies filled from this flyer. Notice of Result letters will not be sent to applicants who respond to this flyer. SALARY RANGES: GS-05: $45,331 - $58,925 GS-07: $56,153 - $73,003","$45331-$73003 PA","Bremerton, Washington","This is a public notice flyer to notify interested applicants of anticipated vacancies. Applications will not be accepted through this flyer. Interested applicants must follow the directions in the ""How to Apply"" section of this flyer to be considered. There may or may not be actual vacancies filled from this flyer. Notice of Result letters will not be sent to applicants who respond to this flyer. SALARY RANGES: GS-05: $45,331 - $58,925 GS-07: $56,153 - $73,003","","","","2026-08-10T09:36:00.687982+00:00"
"USAJOBS","Environmental Services Technician","Veterans Health Administration","https://www.usajobs.gov:443/job/849365900","This position is located within the Environmental Management Services Division of a VA Medical Center. This position is under the direct supervision of the Housekeeping Supervisor or designee. This position performs both janitorial and custodial services at the VA Medical Center located in Charleston, South Carolina.","$18.35-$21.4 PH","Charleston, South Carolina","This position is located within the Environmental Management Services Division of a VA Medical Center. This position is under the direct supervision of the Housekeeping Supervisor or designee. This position performs both janitorial and custodial services at the VA Medical Center located in Charleston, South Carolina.","","","","2026-08-10T09:36:00.689045+00:00"
"USAJOBS","Dental Laboratory Technician","Veterans Health Administration","https://www.usajobs.gov:443/job/849385800","This position is in the Dental Clinic at the Washington DC VA Medical Center (DC VAMC). The Dental clinic provides General Dentistry as well as specialty care in Prosthodontics, Periodontics, Endodontics and Oral Surgery for eligible outpatient, inpatient, community living center (CLC) and homeless Veterans.","$63307-$90898 PA","Washington, District of Columbia","This position is in the Dental Clinic at the Washington DC VA Medical Center (DC VAMC). The Dental clinic provides General Dentistry as well as specialty care in Prosthodontics, Periodontics, Endodontics and Oral Surgery for eligible outpatient, inpatient, community living center (CLC) and homeless Veterans.","","","","2026-08-10T09:36:00.689807+00:00"
"USAJOBS","PTSD Psychologist - Evidence Based Psychotherapy-EDRP-Recruitment/Relocation Incentives","Veterans Health Administration","https://www.usajobs.gov:443/job/849389800","This position is eligible for the Education Debt Reduction Program (EDRP), a student loan payment reimbursement program. You must meet specific individual eligibility requirements in accordance with VHA policy and submit your EDRP application within four months of appointment. Program Approval, award amount (up to $200,000) and eligibility period (one to five years) are determined by the VHA Education Loan Repayment Services program office after complete review of the EDRP application.","$84114-$155852 PA","Corpus Christi, Texas","This position is eligible for the Education Debt Reduction Program (EDRP), a student loan payment reimbursement program. You must meet specific individual eligibility requirements in accordance with VHA policy and submit your EDRP application within four months of appointment. Program Approval, award amount (up to $200,000) and eligibility period (one to five years) are determined by the VHA Education Loan Repayment Services program office after complete review of the EDRP application.","","","","2026-08-10T09:36:00.690617+00:00"
"USAJOBS","PHYSICAL SCIENCE TECHNICIAN","United States Fleet Forces Command","https://www.usajobs.gov:443/job/849440900","This is a public notice flyer to notify interested applicants of anticipated vacancies. Applications will not be accepted through this flyer. Interested applicants must follow the directions in the ""How to Apply"" section of this flyer to be considered. There may or may not be actual vacancies filled from this flyer. Notice of Result letters will not be sent to applicants who respond to this flyer. GS-4: $45,885-$59,657 GS-5: $51,336-$66,731 GS-6: $57,226-$74,391","$45885-$74391 PA","Kittery, Maine","This is a public notice flyer to notify interested applicants of anticipated vacancies. Applications will not be accepted through this flyer. Interested applicants must follow the directions in the ""How to Apply"" section of this flyer to be considered. There may or may not be actual vacancies filled from this flyer. Notice of Result letters will not be sent to applicants who respond to this flyer. GS-4: $45,885-$59,657 GS-5: $51,336-$66,731 GS-6: $57,226-$74,391","","","","2026-08-10T09:36:00.691793+00:00"
"USAJOBS","PHYSICAL SCIENCE TECHNICIAN","United States Fleet Forces Command","https://www.usajobs.gov:443/job/849443100","This is a public notice flyer to notify interested applicants of anticipated vacancies. Applications will not be accepted through this flyer. Interested applicants must follow the directions in the ""How to Apply"" section of this flyer to be considered. There may or may not be actual vacancies filled from this flyer. Notice of Result letters will not be sent to applicants who respond to this flyer. GS-10: $85,659 - $111,352 GS-9: $77,785 - $101,119 GS-8: $70,425 - $91,559 GS-7: $63,592 - $82,674","$63592-$111352 PA","Kittery, Maine","This is a public notice flyer to notify interested applicants of anticipated vacancies. Applications will not be accepted through this flyer. Interested applicants must follow the directions in the ""How to Apply"" section of this flyer to be considered. There may or may not be actual vacancies filled from this flyer. Notice of Result letters will not be sent to applicants who respond to this flyer. GS-10: $85,659 - $111,352 GS-9: $77,785 - $101,119 GS-8: $70,425 - $91,559 GS-7: $63,592 - $82,674","","","","2026-08-10T09:36:00.692989+00:00"
"USAJOBS","Boiler Plant Operator","Veterans Health Administration","https://www.usajobs.gov:443/job/849493100","The Boiler Plant Operator position is located in the Engineering Service of the VA Medical Center in Memphis, TN and is assigned to the operations, maintenance and repair of the Boiler Operator.","$27.41-$31.94 PH","Memphis, Tennessee","The Boiler Plant Operator position is located in the Engineering Service of the VA Medical Center in Memphis, TN and is assigned to the operations, maintenance and repair of the Boiler Operator.","","","","2026-08-10T09:36:00.694155+00:00"
"USAJOBS","ENGINEERING TECHNICIAN","U.S. Pacific Fleet","https://www.usajobs.gov:443/job/849503300","This is a public notice flyer to notify interested applicants of anticipated vacancies. Applications will not be accepted through this flyer. Interested applicants must follow the directions in the ""How to Apply"" section of this flyer to be considered. There may or may not be actual vacancies filled from this flyer. Notice of Result letters will not be sent to applicants who respond to this flyer.","$62187-$108029 PA","Bremerton, Washington","This is a public notice flyer to notify interested applicants of anticipated vacancies. Applications will not be accepted through this flyer. Interested applicants must follow the directions in the ""How to Apply"" section of this flyer to be considered. There may or may not be actual vacancies filled from this flyer. Notice of Result letters will not be sent to applicants who respond to this flyer.","","","","2026-08-10T09:36:00.694731+00:00"
"USAJOBS","Criminal Investigator (Special Agent) (Open Continuous Announcement)","Bureau of Alcohol, Tobacco, Firearms and Explosives","https://www.usajobs.gov:443/job/849529300","ATF is a law enforcement agency in the U.S. Department of Justice that protects our communities from violent criminals/criminal organizations, illegal use/trafficking of firearms, illegal use/storage of explosives, acts of arson/bombings, acts of terrorism, and illegal diversion of alcohol/tobacco products. We partner with communities, industries, law enforcement, and public safety agencies to safeguard the public through information sharing, training, research, & technology. Visit www.atf.gov.","$84601-$156755 PA","Washington, District of Columbia","ATF is a law enforcement agency in the U.S. Department of Justice that protects our communities from violent criminals/criminal organizations, illegal use/trafficking of firearms, illegal use/storage of explosives, acts of arson/bombings, acts of terrorism, and illegal diversion of alcohol/tobacco products. We partner with communities, industries, law enforcement, and public safety agencies to safeguard the public through information sharing, training, research, & technology. Visit www.atf.gov.","","","","2026-08-10T09:36:00.695780+00:00"
"USAJOBS","Staff Psychologist - Recruitment/Relocation - EDRP Approved","Veterans Health Administration","https://www.usajobs.gov:443/job/849567500","The Staff Psychologist will serve in an interdisciplinary outpatient mental health team (Behavioral Health Interdisciplinary Team (BHIP) in which the employee conducts a variety of outpatient services, including provision of evidence-based psychotherapy (individual, group, and couples/family psychotherapy) and completion of psychological screenings and evaluations aimed at serving the needs of Veterans. The responsibilities also involve providing consultation to other disciplines.","$99779-$184879 PA","Bonham, Texas","The Staff Psychologist will serve in an interdisciplinary outpatient mental health team (Behavioral Health Interdisciplinary Team (BHIP) in which the employee conducts a variety of outpatient services, including provision of evidence-based psychotherapy (individual, group, and couples/family psychotherapy) and completion of psychological screenings and evaluations aimed at serving the needs of Veterans. The responsibilities also involve providing consultation to other disciplines.","","","","2026-08-10T09:36:00.697505+00:00"
"USAJOBS","POLICE OFFICER T32","Air National Guard Units","https://www.usajobs.gov:443/job/849604800","THIS IS A NATIONAL GUARD TITLE 32 EXCEPTED SERVICE POSITION. This National Guard position is for a POLICE OFFICER T32, PDD2499P01 and is part of the AZ 162nd Wing, National Guard.","$61885-$80455 PA","Tucson, Arizona","THIS IS A NATIONAL GUARD TITLE 32 EXCEPTED SERVICE POSITION. This National Guard position is for a POLICE OFFICER T32, PDD2499P01 and is part of the AZ 162nd Wing, National Guard.","","","","2026-08-10T09:36:00.698621+00:00"
"USAJOBS","DIAGNOSTIC RADIOLOGIST","Veterans Health Administration","https://www.usajobs.gov:443/job/849647600","This position is eligible for the Education Debt Reduction Program (EDRP), a student loan payment reimbursement program. You must meet specific eligibility requirements per VHA policy and submit your EDRP application within four months of appointment. Program Approval, award amount (up to $200,000) & eligibility period (one to five years) are determined by the VHA Education Loan Repayment Services program office after review of the EDRP application. Former EDRP participants ineligible to apply.","$250000-$400000 PA","Madison, Wisconsin","This position is eligible for the Education Debt Reduction Program (EDRP), a student loan payment reimbursement program. You must meet specific eligibility requirements per VHA policy and submit your EDRP application within four months of appointment. Program Approval, award amount (up to $200,000) & eligibility period (one to five years) are determined by the VHA Education Loan Repayment Services program office after review of the EDRP application. Former EDRP participants ineligible to apply.","","","","2026-08-10T09:36:00.699242+00:00"
"USAJOBS","Environmental Services (EVS) Technician","Veterans Health Administration","https://www.usajobs.gov:443/job/849735300","This position is located within the Environmental Management Services Division at the Harry S. Truman Memorial Veterans' Hospital. This position is under the direct supervision of the EVS Supervisor or designee. This position performs both janitorial and custodial services (e.g., textile distribution and inventory activity, sanitizing and disinfecting, waste removal, cleaning of blinds, replacing curtains, washing windows and walls, dusting and polishing furniture and fixtures, etc.)","$17.78-$20.75 PH","Columbia, Missouri","This position is located within the Environmental Management Services Division at the Harry S. Truman Memorial Veterans' Hospital. This position is under the direct supervision of the EVS Supervisor or designee. This position performs both janitorial and custodial services (e.g., textile distribution and inventory activity, sanitizing and disinfecting, waste removal, cleaning of blinds, replacing curtains, washing windows and walls, dusting and polishing furniture and fixtures, etc.)","","","","2026-08-10T09:36:00.700395+00:00"
"USAJOBS","Staff Dentist","Veterans Health Administration","https://www.usajobs.gov:443/job/849785000","The Staff Dentist serves as a practicing dentist who performs a full range of professional dental procedures in connection with the treatment of commonly encountered dental diseases or dental health problems requiring standard corrective, restorative, or preventive measures.","$123077-$315000 PA","Multiple Locations","The Staff Dentist serves as a practicing dentist who performs a full range of professional dental procedures in connection with the treatment of commonly encountered dental diseases or dental health problems requiring standard corrective, restorative, or preventive measures.","","","","2026-08-10T09:36:00.701470+00:00"
"USAJOBS","Recreation aid (Community)","Commander, Navy Installations Command","https://www.usajobs.gov:443/job/849809400","NAF incumbent's duties in support of the Recreation Program that may include Morale, Welfare, and Recreation (MWR) special events, MWR information/resources, command events, visiting ships or fleet support, community events, trips, tours, outings, party and picnic rental equipment, resale tickets, Library, Liberty, leisure skill classes and outdoor recreation or other similar MWR recreational services including grab-n-go, bowling and movies, fitness and sports.","$15-$15 PH","Naples, Italy","NAF incumbent's duties in support of the Recreation Program that may include Morale, Welfare, and Recreation (MWR) special events, MWR information/resources, command events, visiting ships or fleet support, community events, trips, tours, outings, party and picnic rental equipment, resale tickets, Library, Liberty, leisure skill classes and outdoor recreation or other similar MWR recreational services including grab-n-go, bowling and movies, fitness and sports.","","","","2026-08-10T09:36:00.702433+00:00"
"USAJOBS","Transportation Security Officer","Transportation Security Administration","https://www.usajobs.gov:443/job/849872000","Transportation Security Officers are responsible for providing security and protection of travelers across all transportation sectors in a courteous and professional manner. Their duties may also extend to securing high-profile events, important figures and/or anything that includes or impacts our transportation systems.","$44315-$56844 PA","Little Rock, Arkansas","Transportation Security Officers are responsible for providing security and protection of travelers across all transportation sectors in a courteous and professional manner. Their duties may also extend to securing high-profile events, important figures and/or anything that includes or impacts our transportation systems.","","","","2026-08-10T09:36:00.703886+00:00"
"USAJOBS","Psychologist (Supportive Recovery Services)","Veterans Health Administration","https://www.usajobs.gov:443/job/849901200","This position is eligible for the Education Debt Reduction Program (EDRP), a student loan payment reimbursement program. You must meet specific individual eligibility requirements in accordance with VHA policy and submit your EDRP application within four months of appointment. Program Approval, award amount (up to $200,000) and eligibility period (one to five years) are determined by the VHA Education Loan Repayment Services program office after complete review of the EDRP application.","$87133-$161448 PA","Bronx, New York","This position is eligible for the Education Debt Reduction Program (EDRP), a student loan payment reimbursement program. You must meet specific individual eligibility requirements in accordance with VHA policy and submit your EDRP application within four months of appointment. Program Approval, award amount (up to $200,000) and eligibility period (one to five years) are determined by the VHA Education Loan Repayment Services program office after complete review of the EDRP application.","","","","2026-08-10T09:36:00.704986+00:00"
"USAJOBS","Physician (Urologist)","Veterans Health Administration","https://www.usajobs.gov:443/job/849916100","This is an OPEN CONTINUOUS ANNOUNCEMENT and will remain open until September 30, 2026. The initial cut-off date for referral of eligible applications and subsequent cut-off dates are on the 1st of each month. Eligible applications received after that date will be referred at regular intervals or as additional vacancies occur on an as-needed basis until positions are filled.","$350000-$400000 PA","Augusta, Georgia","This is an OPEN CONTINUOUS ANNOUNCEMENT and will remain open until September 30, 2026. The initial cut-off date for referral of eligible applications and subsequent cut-off dates are on the 1st of each month. Eligible applications received after that date will be referred at regular intervals or as additional vacancies occur on an as-needed basis until positions are filled.","","","","2026-08-10T09:36:00.706081+00:00"
"USAJOBS","Therapeutic Radiologic Technologists (Radiation Oncology Service)","Veterans Health Administration","https://www.usajobs.gov:443/job/849935900","NOTE: The 2-page Resume requirement does not apply to this occupational series. For more information, refer to Required Documents below. Therapeutic Radiologic Technologists (TRT) deliver prescribed high doses of therapeutic radiation for the purpose of treatment of cancer and abnormal cell growths. TRT's assist in the localization of tumors, participate in treatment planning, and deliver high doses of ionizing radiation as prescribed by the radiation oncologists.","$91982-$119573 PA","Seattle, Washington","NOTE: The 2-page Resume requirement does not apply to this occupational series. For more information, refer to Required Documents below. Therapeutic Radiologic Technologists (TRT) deliver prescribed high doses of therapeutic radiation for the purpose of treatment of cancer and abnormal cell growths. TRT's assist in the localization of tumors, participate in treatment planning, and deliver high doses of ionizing radiation as prescribed by the radiation oncologists.","","","","2026-08-10T09:36:00.707380+00:00"
"USAJOBS","Food Service Worker","Veterans Health Administration","https://www.usajobs.gov:443/job/849958600","This is an open continuous announcement until September 30, 2026. Qualified applicants will be considered and referred as vacancies become available. The initial cut-off date for referral of eligible applications will be November 26, 2025, with subsequent cut-off dates on the 1st of each month. Eligible applications received after that date will be referred at regular intervals or as additional vacancies occur on an as-needed basis until positions are filled. May close without prior notice.","$20.21-$23.57 PH","Charleston, South Carolina","This is an open continuous announcement until September 30, 2026. Qualified applicants will be considered and referred as vacancies become available. The initial cut-off date for referral of eligible applications will be November 26, 2025, with subsequent cut-off dates on the 1st of each month. Eligible applications received after that date will be referred at regular intervals or as additional vacancies occur on an as-needed basis until positions are filled. May close without prior notice.","","","","2026-08-10T09:36:00.708562+00:00"
"USAJOBS","Dental Hygienist","Veterans Health Administration","https://www.usajobs.gov:443/job/849976400","This position is in the Atlanta VA Health Care System. The incumbent will function as a Staff Dental Hygienist performing both routine and advanced clinical periodontal procedures and techniques at the Dental Clinic. The hygienist works under the general supervision of a Staff Dentist for all functional duties.","$81427-$105852 PA","Marietta, Georgia","This position is in the Atlanta VA Health Care System. The incumbent will function as a Staff Dental Hygienist performing both routine and advanced clinical periodontal procedures and techniques at the Dental Clinic. The hygienist works under the general supervision of a Staff Dentist for all functional duties.","","","","2026-08-10T09:36:00.710175+00:00"
"USAJOBS","Nursing Assistant","Veterans Health Administration","https://www.usajobs.gov:443/job/850027800","The NA is learning to perform basic nursing duties under close supervision in a variety of health care settings such as outpatient, inpatient, home or community living care, acute, sub-acute. The NA will care for patients/residents with acute to chronic conditions","$33195-$54191 PA","Charleston, South Carolina","The NA is learning to perform basic nursing duties under close supervision in a variety of health care settings such as outpatient, inpatient, home or community living care, acute, sub-acute. The NA will care for patients/residents with acute to chronic conditions","","","","2026-08-10T09:36:00.710915+00:00"
"USAJOBS","Licensed Practical Nurse - Community Living Center","Veterans Health Administration","https://www.usajobs.gov:443/job/850047500","This is an OPEN CONTINUOUS ANNOUNCEMENT for Licensed Practical Nurses (LPN) vacancies in the Community Living Center (CLC) at the Erie VA Medical Center & will remain open until 12/31/2025. The initial cut-off date for referral of eligible applications will be 11/24/2025, with subsequent cut-off dates weekly. (LPN) is responsible for providing competent, evidence-based care to assigned patients and oversight of licensed vocational nurses/nursing assistants, as appropriate to the setting.","$46428-$80755 PA","Erie, Pennsylvania","This is an OPEN CONTINUOUS ANNOUNCEMENT for Licensed Practical Nurses (LPN) vacancies in the Community Living Center (CLC) at the Erie VA Medical Center & will remain open until 12/31/2025. The initial cut-off date for referral of eligible applications will be 11/24/2025, with subsequent cut-off dates weekly. (LPN) is responsible for providing competent, evidence-based care to assigned patients and oversight of licensed vocational nurses/nursing assistants, as appropriate to the setting.","","","","2026-08-10T09:36:00.711628+00:00"
"USAJOBS","HEALTH TECHNICIAN","Air National Guard Units","https://www.usajobs.gov:443/job/850053400","This National Guard position is for a HEALTH TECHNICIAN, Position Description Number D1724000 and is part of the 155 ARW MEDICAL GROUP, Nebraska Air National Guard.","$55882-$72644 PA","Lincoln, Nebraska","This National Guard position is for a HEALTH TECHNICIAN, Position Description Number D1724000 and is part of the 155 ARW MEDICAL GROUP, Nebraska Air National Guard.","","","","2026-08-10T09:36:00.713248+00:00"
"USAJOBS","ACQUISITION PROGRAM MANGEMENT SPECIALIST","Air Force Civilian Career Training","https://www.usajobs.gov:443/job/850080700","The primary purpose of the PALACE Acquire position is to offers you a permanent position upon completion of your formal training plan. As a Palace Acquire Intern you will experience both personal and professional growth while dealing effectively and ethically with change, complexity, and problem solving. The program offers a 3-year formal training plan with yearly salary increases. Promotions and salary increases are based upon your successful performance and supervisory approval.","$49960-$75722 PA","Multiple Locations","The primary purpose of the PALACE Acquire position is to offers you a permanent position upon completion of your formal training plan. As a Palace Acquire Intern you will experience both personal and professional growth while dealing effectively and ethically with change, complexity, and problem solving. The program offers a 3-year formal training plan with yearly salary increases. Promotions and salary increases are based upon your successful performance and supervisory approval.","","","","2026-08-10T09:36:00.713831+00:00"
"USAJOBS","ACQUISITION PROGRAM MANAGEMENT SPECIALIST","Air Force Civilian Career Training","https://www.usajobs.gov:443/job/850080900","The primary purpose of the PALACE Acquire position is to offers you a permanent position upon completion of your formal training plan. As a Palace Acquire Intern you will experience both personal and professional growth while dealing effectively and ethically with change, complexity, and problem solving. The program offers a 3-year formal training plan with yearly salary increases. Promotions and salary increases are based upon your successful performance and supervisory approval.","$61111-$80610 PA","Multiple Locations","The primary purpose of the PALACE Acquire position is to offers you a permanent position upon completion of your formal training plan. As a Palace Acquire Intern you will experience both personal and professional growth while dealing effectively and ethically with change, complexity, and problem solving. The program offers a 3-year formal training plan with yearly salary increases. Promotions and salary increases are based upon your successful performance and supervisory approval.","","","","2026-08-10T09:36:00.714952+00:00"
"USAJOBS","Civil Engineer / Mechancial Engineer / Electrical Engineer","Air Force Civilian Career Training","https://www.usajobs.gov:443/job/850081200","Click on ""Learn more about this agency"" button below to view Eligibilities being considered and other IMPORTANT information. The primary purpose of this position is: This is a formal Air Force intern position, established under the PALACE Acquire (PAQ) program which is under the Pathways Recent Graduate Program. This position is centrally managed and funded by the Air Force Personnel Center, Civilian Career Management Directorate and administered by the Civil Engineer Career Team.","$55486-$83525 PA","Multiple Locations","Click on ""Learn more about this agency"" button below to view Eligibilities being considered and other IMPORTANT information. The primary purpose of this position is: This is a formal Air Force intern position, established under the PALACE Acquire (PAQ) program which is under the Pathways Recent Graduate Program. This position is centrally managed and funded by the Air Force Personnel Center, Civilian Career Management Directorate and administered by the Civil Engineer Career Team.","","","","2026-08-10T09:36:00.716096+00:00"
"USAJOBS","ARCHITECT","Air Force Civilian Career Training","https://www.usajobs.gov:443/job/850081500","Click on ""Learn more about this agency"" button below to view Eligibilities being considered and other IMPORTANT information. The primary purpose of this position is: This is a formal Air Force intern position, established under the PALACE Acquire (PAQ) program which is under the Pathways Recent Graduate Program. This position is centrally managed and funded by the Air Force Personnel Center, Civilian Career Management Directorate and administered by the Civil Engineer Career Team.","$55486-$83525 PA","Seymour Johnson AFB, North Carolina","Click on ""Learn more about this agency"" button below to view Eligibilities being considered and other IMPORTANT information. The primary purpose of this position is: This is a formal Air Force intern position, established under the PALACE Acquire (PAQ) program which is under the Pathways Recent Graduate Program. This position is centrally managed and funded by the Air Force Personnel Center, Civilian Career Management Directorate and administered by the Civil Engineer Career Team.","","","","2026-08-10T09:36:00.717226+00:00"
"USAJOBS","BIOLOGICAL SCIENTIST (ENVIRONMENTAL)","Air Force Civilian Career Training","https://www.usajobs.gov:443/job/850081600","Click on ""Learn more about this agency"" button below for IMPORTANT additional information. The primary purpose of this position is: Under the direct guidance of a higher grade environmental professional, to serve in a developmental capacity in biological science, performing management, execution, and operations for an assigned program element(s). This is a formal Air Force intern position, established under the PALACE Acquire (PAQ) program.","$56490-$89826 PA","Elmendorf AFB, Alaska","Click on ""Learn more about this agency"" button below for IMPORTANT additional information. The primary purpose of this position is: Under the direct guidance of a higher grade environmental professional, to serve in a developmental capacity in biological science, performing management, execution, and operations for an assigned program element(s). This is a formal Air Force intern position, established under the PALACE Acquire (PAQ) program.","","","","2026-08-10T09:36:00.718363+00:00"
"USAJOBS","ACQUISITION PROGRAM MANAGEMENT SPECIALIST","Air Force Civilian Career Training","https://www.usajobs.gov:443/job/850081700","The primary purpose of the PALACE Acquire position is to offers you a permanent position upon completion of your formal training plan. As a Palace Acquire Intern you will experience both personal and professional growth while dealing effectively and ethically with change, complexity, and problem solving. The program offers a 3-year formal training plan with yearly salary increases. Promotions and salary increases are based upon your successful performance and supervisory approval.","$49960-$75722 PA","Multiple Locations","The primary purpose of the PALACE Acquire position is to offers you a permanent position upon completion of your formal training plan. As a Palace Acquire Intern you will experience both personal and professional growth while dealing effectively and ethically with change, complexity, and problem solving. The program offers a 3-year formal training plan with yearly salary increases. Promotions and salary increases are based upon your successful performance and supervisory approval.","","","","2026-08-10T09:36:00.719452+00:00"
"USAJOBS","ACQUISITION PROGRAM MANAGEMENT SPECIALIST","Air Force Civilian Career Training","https://www.usajobs.gov:443/job/850081900","Click on ""Learn more about this agency"" button below to view Eligibilities being considered and other IMPORTANT information.The primary purpose of this position is: This is a formal Air Force intern position, established under the PALACE Acquire (PAQ) program which is under the Pathways Recent Graduate Program. This position is centrally managed and funded by the Air Force Personnel Center, Civilian Career Management Directorate and administered by the Civil Engineer Career Team.","$61111-$92615 PA","Multiple Locations","Click on ""Learn more about this agency"" button below to view Eligibilities being considered and other IMPORTANT information.The primary purpose of this position is: This is a formal Air Force intern position, established under the PALACE Acquire (PAQ) program which is under the Pathways Recent Graduate Program. This position is centrally managed and funded by the Air Force Personnel Center, Civilian Career Management Directorate and administered by the Civil Engineer Career Team.","","","","2026-08-10T09:36:00.720565+00:00"
"USAJOBS","ACQUISITION PROGRAM MANAGEMENT SPECIALIST","Air Force Civilian Career Training","https://www.usajobs.gov:443/job/850082000","The primary purpose of the PALACE Acquire position is to offers you a permanent position upon completion of your formal training plan. As a Palace Acquire Intern you will experience both personal and professional growth while dealing effectively and ethically with change, complexity, and problem solving. The program offers a 3-year formal training plan with yearly salary increases. Promotions and salary increases are based upon your successful performance and supervisory approval.","$49960-$64952 PA","Multiple Locations","The primary purpose of the PALACE Acquire position is to offers you a permanent position upon completion of your formal training plan. As a Palace Acquire Intern you will experience both personal and professional growth while dealing effectively and ethically with change, complexity, and problem solving. The program offers a 3-year formal training plan with yearly salary increases. Promotions and salary increases are based upon your successful performance and supervisory approval.","","","","2026-08-10T09:36:00.721668+00:00"
"USAJOBS","Transportation Security Officer","Transportation Security Administration","https://www.usajobs.gov:443/job/850096500","Transportation Security Officers are responsible for providing security and protection of travelers across all transportation sectors in a courteous and professional manner. Their duties may also extend to securing high-profile events, important figures and/or anything that includes or impacts our transportation systems.","$65273-$80476 PA","Edgartown, Massachusetts","Transportation Security Officers are responsible for providing security and protection of travelers across all transportation sectors in a courteous and professional manner. Their duties may also extend to securing high-profile events, important figures and/or anything that includes or impacts our transportation systems.","","","","2026-08-10T09:36:00.722728+00:00"
"USAJOBS","AUDITOR","Air Force Civilian Career Training","https://www.usajobs.gov:443/job/850122800","Click on ""Learn more about this agency"" button below to view Eligibilities being considered and other IMPORTANT information. To serve as a developmental level professional auditor. This is a formal Air Force intern position, established under the PALACE Acquire (PAQ) program; as such, it is centrally managed and funded by the Air Force Personnel Center, Civilian Career Management Directorate and administered by the Audit Career Program.","$49960-$115213 PA","Multiple Locations","Click on ""Learn more about this agency"" button below to view Eligibilities being considered and other IMPORTANT information. To serve as a developmental level professional auditor. This is a formal Air Force intern position, established under the PALACE Acquire (PAQ) program; as such, it is centrally managed and funded by the Air Force Personnel Center, Civilian Career Management Directorate and administered by the Audit Career Program.","","","","2026-08-10T09:36:00.723806+00:00"
"USAJOBS","COST ANALYST","Air Force Civilian Career Training","https://www.usajobs.gov:443/job/850122900","Click on ""Learn more about this agency"" button below to view Eligibilities being considered and other IMPORTANT information. The primary purpose of this position is to obtain experience and training under the Palace Acquire (PAQ) Program which leads to career development in the field of Financial Management.","$96960-$115213 PA","Multiple Locations","Click on ""Learn more about this agency"" button below to view Eligibilities being considered and other IMPORTANT information. The primary purpose of this position is to obtain experience and training under the Palace Acquire (PAQ) Program which leads to career development in the field of Financial Management.","","","","2026-08-10T09:36:00.724834+00:00"
"USAJOBS","FINANCIAL MANAGEMENT SPECIALIST","Air Force Civilian Career Training","https://www.usajobs.gov:443/job/850124600","Click on ""Learn more about this agency"" button below to view Eligibilities being considered and other IMPORTANT information. The primary purpose of this position is to Executes Component Cost Analysis (CCA) Program Taskings. As a member of a CCA team, observes and participates in a limited manner in cost analysis assignments by performing a variety of routine taskings associated with the preparation of system cost analyses. Assists the project team leader or division chief.","$49960-$115213 PA","Multiple Locations","Click on ""Learn more about this agency"" button below to view Eligibilities being considered and other IMPORTANT information. The primary purpose of this position is to Executes Component Cost Analysis (CCA) Program Taskings. As a member of a CCA team, observes and participates in a limited manner in cost analysis assignments by performing a variety of routine taskings associated with the preparation of system cost analyses. Assists the project team leader or division chief.","","","","2026-08-10T09:36:00.725616+00:00"
"USAJOBS","BUDGET ANALYST","Air Force Civilian Career Training","https://www.usajobs.gov:443/job/850124900","Click on ""Learn more about this agency"" button below to view Eligibilities being considered and other IMPORTANT information. The primary purpose of this position is: This is a formal Air Force intern position, established under the PALACE Acquire (PAQ) program; as such, it is centrally managed and funded by the Air Force Personnel Center, Centrally Managed Programs', AFPC/DPZS and administered by the Financial Management Career Program.","$49960-$115213 PA","Multiple Locations","Click on ""Learn more about this agency"" button below to view Eligibilities being considered and other IMPORTANT information. The primary purpose of this position is: This is a formal Air Force intern position, established under the PALACE Acquire (PAQ) program; as such, it is centrally managed and funded by the Air Force Personnel Center, Centrally Managed Programs', AFPC/DPZS and administered by the Financial Management Career Program.","","","","2026-08-10T09:36:00.726712+00:00"
"USAJOBS","OPERATIONS RESEARCH ANALYST","Air Force Civilian Career Training","https://www.usajobs.gov:443/job/850125300","he PALACE Acquire Program offers you a permanent position upon completion of your formal training plan. As a Palace Acquire Intern you will experience both personal and professional growth while dealing effectively and ethically with change, complexity, and problem solving. The program offers a 2 or 3-year formal training plan with yearly salary increases. Promotions and salary increases are based upon your successful performance and supervisory approval","$49960-$115213 PA","Multiple Locations","he PALACE Acquire Program offers you a permanent position upon completion of your formal training plan. As a Palace Acquire Intern you will experience both personal and professional growth while dealing effectively and ethically with change, complexity, and problem solving. The program offers a 2 or 3-year formal training plan with yearly salary increases. Promotions and salary increases are based upon your successful performance and supervisory approval","","","","2026-08-10T09:36:00.727729+00:00"
"USAJOBS","ACCOUNTANT","Air Force Civilian Career Training","https://www.usajobs.gov:443/job/850125600","Click on ""Learn more about this agency"" button below to view Eligibilities being considered and other IMPORTANT information. The primary purpose of this position is to Executes Component Cost Analysis (CCA) Program Taskings. As a member of a CCA team, observes and participates in a limited manner in cost analysis assignments by performing a variety of routine taskings associated with the preparation of system cost analyses.","$49960-$113213 PA","Multiple Locations","Click on ""Learn more about this agency"" button below to view Eligibilities being considered and other IMPORTANT information. The primary purpose of this position is to Executes Component Cost Analysis (CCA) Program Taskings. As a member of a CCA team, observes and participates in a limited manner in cost analysis assignments by performing a variety of routine taskings associated with the preparation of system cost analyses.","","","","2026-08-10T09:36:00.728831+00:00"
"USAJOBS","HISTORIAN","Air Force Civilian Career Training","https://www.usajobs.gov:443/job/850127300","Click on ""Learn more about this agency"" button below to view Eligibilities being considered and other IMPORTANT information. This is a formal Air Force position, established under the PALACE ACQUIRE program. It is centrally managed and funded by the Civilian Career Management Directorate and administered by the History and Museums Civilian Career Program. Interns receive formal, informal, and/or on-the-job training in the discipline and assignments.","$49960-$115113 PA","Multiple Locations","Click on ""Learn more about this agency"" button below to view Eligibilities being considered and other IMPORTANT information. This is a formal Air Force position, established under the PALACE ACQUIRE program. It is centrally managed and funded by the Civilian Career Management Directorate and administered by the History and Museums Civilian Career Program. Interns receive formal, informal, and/or on-the-job training in the discipline and assignments.","","","","2026-08-10T09:36:00.729919+00:00"
"USAJOBS","FOREIGN AFFAIRS SPECIALIST","Air Force Civilian Career Training","https://www.usajobs.gov:443/job/850128400","Click on ""Learn more about this agency"" button below to view Eligibilities being considered and other IMPORTANT information. This is a formal Air Force civilian training position, established under the PALACE Acquire (PAQ) program. As such, it is centrally managed and funded by the Air Force Personnel Center, Force Renewal and Development Directorate and administered by the International Affairs Administration Career Field Team, HQ AFPC/DPZ, JBSA-Randolph TX 78150-4530.","$49960-$115213 PA","Multiple Locations","Click on ""Learn more about this agency"" button below to view Eligibilities being considered and other IMPORTANT information. This is a formal Air Force civilian training position, established under the PALACE Acquire (PAQ) program. As such, it is centrally managed and funded by the Air Force Personnel Center, Force Renewal and Development Directorate and administered by the International Affairs Administration Career Field Team, HQ AFPC/DPZ, JBSA-Randolph TX 78150-4530.","","","","2026-08-10T09:36:00.731005+00:00"
"USAJOBS","ATTORNEY ADVISOR","Air Force Civilian Career Training","https://www.usajobs.gov:443/job/850129000","The primary purpose of this position in this competitive program offers recent law school graduates an opportunity to serve the Air Force and Space Force as a civilian attorney. Selectees will receive extensive training and work as an Attorney-Advisor (General), supporting the Staff Judge Advocate (SJA), providing legal advice and counsel, as needed, in administrative law, claims, environmental law, contract law, labor law and international law to wing and tenant units.","$73939-$137000 PA","Multiple Locations","The primary purpose of this position in this competitive program offers recent law school graduates an opportunity to serve the Air Force and Space Force as a civilian attorney. Selectees will receive extensive training and work as an Attorney-Advisor (General), supporting the Staff Judge Advocate (SJA), providing legal advice and counsel, as needed, in administrative law, claims, environmental law, contract law, labor law and international law to wing and tenant units.","","","","2026-08-10T09:36:00.732121+00:00"
"USAJOBS","PUBLIC AFFAIRS SPECIALIST","Air Force Civilian Career Training","https://www.usajobs.gov:443/job/850129300","This is a formal Air Force intern position established under the PALACE ACQUIRE (PAQ) program managed and funded by the Air Force Personnel Center, Civilian Career Management Directorate, Public Affairs Career Program. The purpose of this position is to serve as an advanced trainee, to receive formal and on-the-job training in public affairs and to complete developmental assignments and training outlined in the formal training and development plan.","$49910-$115213 PA","Multiple Locations","This is a formal Air Force intern position established under the PALACE ACQUIRE (PAQ) program managed and funded by the Air Force Personnel Center, Civilian Career Management Directorate, Public Affairs Career Program. The purpose of this position is to serve as an advanced trainee, to receive formal and on-the-job training in public affairs and to complete developmental assignments and training outlined in the formal training and development plan.","","","","2026-08-10T09:36:00.733216+00:00"
"USAJOBS","SAFETY ENGINEER","Air Force Civilian Career Training","https://www.usajobs.gov:443/job/850129400","The primary purpose of this position is to: Serve as an advanced trainee professional Safety Engineer, performing duties which are designed to progress the employee in the application of theories and principles to Safety Engineering assignments. This is a formal Air Force intern position, established under the Force Renewal/PALACE ACQUIRE (PAQ) program. This is a GS-07/GS-09 position developmental to the full performance grade level of GS-12. The intern receives formal and informal training.","$91960-$115213 PA","Multiple Locations","The primary purpose of this position is to: Serve as an advanced trainee professional Safety Engineer, performing duties which are designed to progress the employee in the application of theories and principles to Safety Engineering assignments. This is a formal Air Force intern position, established under the Force Renewal/PALACE ACQUIRE (PAQ) program. This is a GS-07/GS-09 position developmental to the full performance grade level of GS-12. The intern receives formal and informal training.","","","","2026-08-10T09:36:00.734292+00:00"
"USAJOBS","OCCUPATIONAL SAFETY AND HEALTH SPECIALIST","Air Force Civilian Career Training","https://www.usajobs.gov:443/job/850129500","Click on ""Learn more about this agency"" button below to view Eligibilities being considered and other IMPORTANT information. The primary purpose of this position is to obtain experience and training under the Palace Acquire (PAQ) Program which leads to career development in the field of Occupational Safety.","$49960-$115213 PA","Multiple Locations","Click on ""Learn more about this agency"" button below to view Eligibilities being considered and other IMPORTANT information. The primary purpose of this position is to obtain experience and training under the Palace Acquire (PAQ) Program which leads to career development in the field of Occupational Safety.","","","","2026-08-10T09:36:00.735425+00:00"
"USAJOBS","Senior Social Work","Veterans Health Administration","https://www.usajobs.gov:443/job/850166100","This position is eligible for the Education Debt Reduction Program (EDRP), a student loan payment reimbursement program. You must meet specific individual eligibility requirements in accordance with VHA policy and submit your EDRP application within four months of appointment. Program Approval, award amount (up to $200,000) and eligibility period (one to five years) are determined by the VHA Education Loan Repayment Services program office after complete review of the EDRP application.","$96344-$124986 PA","Fresno, California","This position is eligible for the Education Debt Reduction Program (EDRP), a student loan payment reimbursement program. You must meet specific individual eligibility requirements in accordance with VHA policy and submit your EDRP application within four months of appointment. Program Approval, award amount (up to $200,000) and eligibility period (one to five years) are determined by the VHA Education Loan Repayment Services program office after complete review of the EDRP application.","","","","2026-08-10T09:36:00.736258+00:00"
"USAJOBS","AIRCRAFT MECHANIC (Title 32)","Air National Guard Units","https://www.usajobs.gov:443/job/850273100","THIS IS A NATIONAL GUARD TITLE 32 EXCEPTED SERVICE POSITION. This National Guard position is for a AIRCRAFT MECHANIC (Title 32), Position Description Number D1366000 and is part of the IL 182 AW, National Guard.","$25.37-$37.11 PH","Peoria, Illinois","THIS IS A NATIONAL GUARD TITLE 32 EXCEPTED SERVICE POSITION. This National Guard position is for a AIRCRAFT MECHANIC (Title 32), Position Description Number D1366000 and is part of the IL 182 AW, National Guard.","","","","2026-08-10T09:36:00.737298+00:00"
"USAJOBS","AIRCRAFT MECHANIC (Title 32)","Air National Guard Units","https://www.usajobs.gov:443/job/850274900","THIS IS A NATIONAL GUARD TITLE 32 EXCEPTED SERVICE POSITION. This National Guard position is for a AIRCRAFT MECHANIC (Title 32), Position Description Number D1366000 and is part of the IL 182 AW, National Guard.","$25.37-$37.11 PH","Peoria, Illinois","THIS IS A NATIONAL GUARD TITLE 32 EXCEPTED SERVICE POSITION. This National Guard position is for a AIRCRAFT MECHANIC (Title 32), Position Description Number D1366000 and is part of the IL 182 AW, National Guard.","","","","2026-08-10T09:36:00.737877+00:00"
"USAJOBS","Physician-Cardiology","Veterans Health Administration","https://www.usajobs.gov:443/job/850353700","The Section of Cardiology at the William S. Middleton Memorial Veterans Hospital located in Madison, WI is searching for a Board Eligible/Board Certified Cardiologist to serve on the staff of a very active academic cardiology section with clinical strengths in electrophysiology, interventional cardiology, advanced heart failure/transplant and imaging. This is an open continuous announcement and applicates will be reviewed every two weeks until position is filled.","$250000-$400000 PA","Madison, Wisconsin","The Section of Cardiology at the William S. Middleton Memorial Veterans Hospital located in Madison, WI is searching for a Board Eligible/Board Certified Cardiologist to serve on the staff of a very active academic cardiology section with clinical strengths in electrophysiology, interventional cardiology, advanced heart failure/transplant and imaging. This is an open continuous announcement and applicates will be reviewed every two weeks until position is filled.","","","","2026-08-10T09:36:00.738523+00:00"
"USAJOBS","Transportation Security Officer","Transportation Security Administration","https://www.usajobs.gov:443/job/850368000","Transportation Security Officers are responsible for providing security and protection of travelers across all transportation sectors in a courteous and professional manner. Their duties may also extend to securing high-profile events, important figures and/or anything that includes or impacts our transportation systems.","$46105-$56844 PA","Jamestown, North Dakota","Transportation Security Officers are responsible for providing security and protection of travelers across all transportation sectors in a courteous and professional manner. Their duties may also extend to securing high-profile events, important figures and/or anything that includes or impacts our transportation systems.","","","","2026-08-10T09:36:00.739639+00:00"
"USAJOBS","Nurse Anesthetist","Veterans Health Administration","https://www.usajobs.gov:443/job/850392200","The VA Sioux Falls HCS is recruiting (2) full-time Nurse Anesthetists. The CRNA is an advanced practice nurse who utilizes specialized education and clinical nursing skills to administer anesthesia care throughout the medical center. This job opportunity announcement may be used to fill additional vacancies. This is an open continuous announcement until May 28, 2026. Qualified applicants will be considered and referred until filled.","$152661-$221313 PA","Sioux Falls, South Dakota","The VA Sioux Falls HCS is recruiting (2) full-time Nurse Anesthetists. The CRNA is an advanced practice nurse who utilizes specialized education and clinical nursing skills to administer anesthesia care throughout the medical center. This job opportunity announcement may be used to fill additional vacancies. This is an open continuous announcement until May 28, 2026. Qualified applicants will be considered and referred until filled.","","","","2026-08-10T09:36:00.740727+00:00"
"USAJOBS","Assistant United States Attorney (Civil - Border Fence)","Executive Office for U.S. Attorneys and the Office of the U.S. Attorneys","https://www.usajobs.gov:443/job/850420700","The U.S. Attorney's Office for the Southern District of Texas is among the largest and busiest in the nation, spanning 43 counties and 44,000 square miles and representing 8.3 million people from the Houston area to the Mexico border. Employment with the U.S. Attorney's Office is a unique, challenging, and rewarding experience for the highly motivated attorney. This position is located in Laredo or McAllen, Texas.","$63163-$195100 PA","Multiple Locations","The U.S. Attorney's Office for the Southern District of Texas is among the largest and busiest in the nation, spanning 43 counties and 44,000 square miles and representing 8.3 million people from the Houston area to the Mexico border. Employment with the U.S. Attorney's Office is a unique, challenging, and rewarding experience for the highly motivated attorney. This position is located in Laredo or McAllen, Texas.","","","","2026-08-10T09:36:00.741788+00:00"
"USAJOBS","Assistant United States Attorney (Civil)","Executive Office for U.S. Attorneys and the Office of the U.S. Attorneys","https://www.usajobs.gov:443/job/850429500","The U.S. Attorney's Office for the Southern District of Texas is among the largest and busiest in the nation, spanning 43 counties and 44,000 square miles and representing 8.3 million people from the Houston area to the Mexico border. Employment with the U.S. Attorney's Office is a unique, challenging, and rewarding experience for the highly motivated attorney. This position is located in Houston, Texas.","$85270-$195100 PA","Houston, Texas","The U.S. Attorney's Office for the Southern District of Texas is among the largest and busiest in the nation, spanning 43 counties and 44,000 square miles and representing 8.3 million people from the Houston area to the Mexico border. Employment with the U.S. Attorney's Office is a unique, challenging, and rewarding experience for the highly motivated attorney. This position is located in Houston, Texas.","","","","2026-08-10T09:36:00.742851+00:00"
"USAJOBS","Assistant United States Attorney - Civil","Executive Office for U.S. Attorneys and the Office of the U.S. Attorneys","https://www.usajobs.gov:443/job/850437600","The U.S. Attorney's Office for the Southern District of Texas is among the largest and busiest in the nation, spanning 43 counties and 44,000 square miles and representing 8.3 million people from the Houston area to the Mexico border. Employment with the U.S. Attorney's Office is a unique, challenging, and rewarding experience for the highly motivated attorney. This position is located in Houston, Texas","$85270-$195100 PA","Houston, Texas","The U.S. Attorney's Office for the Southern District of Texas is among the largest and busiest in the nation, spanning 43 counties and 44,000 square miles and representing 8.3 million people from the Houston area to the Mexico border. Employment with the U.S. Attorney's Office is a unique, challenging, and rewarding experience for the highly motivated attorney. This position is located in Houston, Texas","","","","2026-08-10T09:36:00.743879+00:00"
"USAJOBS","Assistant United States Attorney","Executive Office for U.S. Attorneys and the Office of the U.S. Attorneys","https://www.usajobs.gov:443/job/850445800","This announcement will fill multiple permanent Assistant U.S. Attorney appointments in the Criminal Division. This is an open, continuous announcement that will close no later than Sept. 30, 2026. Applications will be reviewed on a rolling basis, with the first review no earlier than 10 business days after the date this announcement posts. Additional reviews of applications will be conducted periodically, after the initial review, until all positions are filled.","$76748-$197100 PA","Oklahoma City, Oklahoma","This announcement will fill multiple permanent Assistant U.S. Attorney appointments in the Criminal Division. This is an open, continuous announcement that will close no later than Sept. 30, 2026. Applications will be reviewed on a rolling basis, with the first review no earlier than 10 business days after the date this announcement posts. Additional reviews of applications will be conducted periodically, after the initial review, until all positions are filled.","","","","2026-08-10T09:36:00.744904+00:00"
"USAJOBS","Social Worker","HQDA Field Operating Agencies and Staff Support Agencies","https://www.usajobs.gov:443/job/850453900","This is a public notice flyer to notify interested applicants of anticipated vacancies. Applications will NOT be accepted through this flyer. Interested applicants should review the ""How to Apply"" section of this flyer for more information on how to be considered. This flyer will be used as positions become available. This position is included under the provisions of Special Retirement Coverage (SRC) and may have both a maximum entry age and a mandatory retirement date.","$90067-$117093 PA","Fort Leavenworth, Kansas","This is a public notice flyer to notify interested applicants of anticipated vacancies. Applications will NOT be accepted through this flyer. Interested applicants should review the ""How to Apply"" section of this flyer for more information on how to be considered. This flyer will be used as positions become available. This position is included under the provisions of Special Retirement Coverage (SRC) and may have both a maximum entry age and a mandatory retirement date.","","","","2026-08-10T09:36:00.746047+00:00"
"USAJOBS","Physician - Primary Care","Veterans Health Administration","https://www.usajobs.gov:443/job/850540200","This position is eligible for the Education Debt Reduction Program, a student loan payment reimbursement program. You must meet specific eligibility requirements per VHA policy and submit your EDRP application within four months of appointment. Program Approval, award amount (up to $200,000) & eligibility period (one to five years) are determined by the VHA Education Loan Repayment Services program office after review of the EDRP application. Former EDRP participants ineligible to apply.","$240000-$300000 PA","North Charleston, South Carolina","This position is eligible for the Education Debt Reduction Program, a student loan payment reimbursement program. You must meet specific eligibility requirements per VHA policy and submit your EDRP application within four months of appointment. Program Approval, award amount (up to $200,000) & eligibility period (one to five years) are determined by the VHA Education Loan Repayment Services program office after review of the EDRP application. Former EDRP participants ineligible to apply.","","","","2026-08-10T09:36:00.751162+00:00"
"USAJOBS","Investigative Analyst (Criminal Analyst)","Department of Homeland Security Headquarters","https://www.usajobs.gov:443/job/850579200","This assignment is a 1-year non-reimbursable assignment. Homeland Security Investigations (HSI) Investigative Analyst (Criminal Analyst) Series Requested: 0132, 1801, 1802, 1805 Security Clearance: Secret Virtual/Remote: No Only current, full-time federal employees are eligible. Resumes are reviewed every 30 days until selection/closing date. This is a Detail, not a Developmental Rotation. Supervisory approval form must be signed.","$101234-$156498 PA","San Diego, California","This assignment is a 1-year non-reimbursable assignment. Homeland Security Investigations (HSI) Investigative Analyst (Criminal Analyst) Series Requested: 0132, 1801, 1802, 1805 Security Clearance: Secret Virtual/Remote: No Only current, full-time federal employees are eligible. Resumes are reviewed every 30 days until selection/closing date. This is a Detail, not a Developmental Rotation. Supervisory approval form must be signed.","","","","2026-08-10T09:36:00.752263+00:00"
"USAJOBS","Transportation Security Officer","Transportation Security Administration","https://www.usajobs.gov:443/job/850609000","Transportation Security Officers are responsible for providing security and protection of travelers across all transportation sectors in a courteous and professional manner. Their duties may also extend to securing high-profile events, important figures and/or anything that includes or impacts our transportation systems.","$52908-$65232 PA","Fairbanks, Alaska","Transportation Security Officers are responsible for providing security and protection of travelers across all transportation sectors in a courteous and professional manner. Their duties may also extend to securing high-profile events, important figures and/or anything that includes or impacts our transportation systems.","","","","2026-08-10T09:36:00.753260+00:00"
"USAJOBS","Transportation Security Officer","Transportation Security Administration","https://www.usajobs.gov:443/job/850639300","Transportation Security Officers are responsible for providing security and protection of travelers across all transportation sectors in a courteous and professional manner. Their duties may also extend to securing high-profile events, important figures and/or anything that includes or impacts our transportation systems.","$40736-$56844 PA","Alexandria, Louisiana","Transportation Security Officers are responsible for providing security and protection of travelers across all transportation sectors in a courteous and professional manner. Their duties may also extend to securing high-profile events, important figures and/or anything that includes or impacts our transportation systems.","","","","2026-08-10T09:36:00.754334+00:00"
"USAJOBS","Transportation Security Officer","Transportation Security Administration","https://www.usajobs.gov:443/job/850641300","Transportation Security Officers are responsible for providing security and protection of travelers across all transportation sectors in a courteous and professional manner. Their duties may also extend to securing high-profile events, important figures and/or anything that includes or impacts our transportation systems.","$46105-$56844 PA","Lake Charles, Louisiana","Transportation Security Officers are responsible for providing security and protection of travelers across all transportation sectors in a courteous and professional manner. Their duties may also extend to securing high-profile events, important figures and/or anything that includes or impacts our transportation systems.","","","","2026-08-10T09:36:00.755404+00:00"
"USAJOBS","Transportation Security Officer","Transportation Security Administration","https://www.usajobs.gov:443/job/850642500","Transportation Security Officers are responsible for providing security and protection of travelers across all transportation sectors in a courteous and professional manner. Their duties may also extend to securing high-profile events, important figures and/or anything that includes or impacts our transportation systems.","$40736-$56844 PA","Monroe, Louisiana","Transportation Security Officers are responsible for providing security and protection of travelers across all transportation sectors in a courteous and professional manner. Their duties may also extend to securing high-profile events, important figures and/or anything that includes or impacts our transportation systems.","","","","2026-08-10T09:36:00.756461+00:00"
"USAJOBS","SECURITY GUARD","Naval Special Warfare Command","https://www.usajobs.gov:443/job/850711900","This is a public notice flyer to notify interested applicants of anticipated vacancies. Applications will not be accepted through this flyer. Interested applicants must follow the directions in the ""How to Apply"" section of this flyer to be considered. There may or may not be actual vacancies filled from this flyer. Notice of Result letters will not be sent to applicants who respond to this flyer.","$40931-$65917 PA","Dam Neck Naval Facility, Virginia Beach, Virginia","This is a public notice flyer to notify interested applicants of anticipated vacancies. Applications will not be accepted through this flyer. Interested applicants must follow the directions in the ""How to Apply"" section of this flyer to be considered. There may or may not be actual vacancies filled from this flyer. Notice of Result letters will not be sent to applicants who respond to this flyer.","","","","2026-08-10T09:36:00.757538+00:00"
"USAJOBS","INVESTIGATIONS AND INQUIRIES SPECIALIST","Army National Guard Units","https://www.usajobs.gov:443/job/850735100","This position is for a INVESTIGATIONS AND INQUIRIES SPECIALIST, PD# D1165P01, part of the Nevada Air National Guard. This position is located in the Joint Force Headquarters-State (JFHQ-ST), Adjutant General's Personal Staff, Office of the Inspector General. This position will function as a journeyman level Inspector General (IG) with a focus on investigator duties and responsibilities.","$82780-$107620 PA","Carson City, Nevada","This position is for a INVESTIGATIONS AND INQUIRIES SPECIALIST, PD# D1165P01, part of the Nevada Air National Guard. This position is located in the Joint Force Headquarters-State (JFHQ-ST), Adjutant General's Personal Staff, Office of the Inspector General. This position will function as a journeyman level Inspector General (IG) with a focus on investigator duties and responsibilities.","","","","2026-08-10T09:36:00.758511+00:00"
"USAJOBS","Assistant United States Attorney","Executive Office for U.S. Attorneys and the Office of the U.S. Attorneys","https://www.usajobs.gov:443/job/850739400","The United States Attorney's Office prosecutes federal criminal offenses, seeks recovery of government funds fraudulently obtained, litigates affirmative civil fraud and enforcement actions, and defends the U.S. Government's interest in civil cases. The United States Attorney's Office, Middle District of Pennsylvania has staff in three offices: Harrisburg, Scranton, and Williamsport, and maintains an unstaffed office in Wilkes-Barre.","$73938-$195100 PA","Multiple Locations","The United States Attorney's Office prosecutes federal criminal offenses, seeks recovery of government funds fraudulently obtained, litigates affirmative civil fraud and enforcement actions, and defends the U.S. Government's interest in civil cases. The United States Attorney's Office, Middle District of Pennsylvania has staff in three offices: Harrisburg, Scranton, and Williamsport, and maintains an unstaffed office in Wilkes-Barre.","","","","2026-08-10T09:36:00.759468+00:00"
"USAJOBS","POLICE OFFICER","Air National Guard Units","https://www.usajobs.gov:443/job/850742100","THIS IS A NATIONAL GUARD TITLE 32 EXCEPTED SERVICE POSITION. This National Guard position is for a POLICE OFFICER, Position Description Number D2155000 and is part of the ME 101st Security Forces Squadron, National Guard.","$52618-$68400 PA","Bangor, Maine","THIS IS A NATIONAL GUARD TITLE 32 EXCEPTED SERVICE POSITION. This National Guard position is for a POLICE OFFICER, Position Description Number D2155000 and is part of the ME 101st Security Forces Squadron, National Guard.","","","","2026-08-10T09:36:00.760462+00:00"
"USAJOBS","HEAVY MOBILE EQUIPMENT MECHANIC (Title 32)","Air National Guard Units","https://www.usajobs.gov:443/job/850759100","THIS IS A NATIONAL GUARD TITLE 32 EXCEPTED SERVICE POSITION. This National Guard position is for a HEAVY MOBILE EQUIPMENT MECHANIC (Title 32), Position Description Number D2431000 and is part of the IL 182 AW, National Guard.","$31.82-$37.11 PH","Peoria, Illinois","THIS IS A NATIONAL GUARD TITLE 32 EXCEPTED SERVICE POSITION. This National Guard position is for a HEAVY MOBILE EQUIPMENT MECHANIC (Title 32), Position Description Number D2431000 and is part of the IL 182 AW, National Guard.","","","","2026-08-10T09:36:00.761038+00:00"
"USAJOBS","Criminal Investigator (Special Agent) (Open Continuous Announcement)","Bureau of Alcohol, Tobacco, Firearms and Explosives","https://www.usajobs.gov:443/job/850788500","ATF is a law enforcement agency in the U.S. Department of Justice that protects our communities from violent criminals/criminal organizations, illegal use/trafficking of firearms, illegal use/storage of explosives, acts of arson/bombings, acts of terrorism, and illegal diversion of alcohol/tobacco products. We partner with communities, industries, law enforcement, and public safety agencies to safeguard the public through information sharing, training, research, & technology. Visit www.atf.gov.","$73939-$171268 PA","Location Negotiable After Selection","ATF is a law enforcement agency in the U.S. Department of Justice that protects our communities from violent criminals/criminal organizations, illegal use/trafficking of firearms, illegal use/storage of explosives, acts of arson/bombings, acts of terrorism, and illegal diversion of alcohol/tobacco products. We partner with communities, industries, law enforcement, and public safety agencies to safeguard the public through information sharing, training, research, & technology. Visit www.atf.gov.","","","","2026-08-10T09:36:00.761745+00:00"
"USAJOBS","INTERDISCIPLINARY ENGINEER / NAVAL ARCHITECT","U.S. Pacific Fleet","https://www.usajobs.gov:443/job/850807800","This is a public notice flyer to notify interested applicants of anticipated vacancies. Applications will not be accepted through this flyer. Interested applicants must follow the directions in the ""How to Apply"" section of this flyer to be considered. There may or may not be actual vacancies filled from this flyer. Notice of Result letters will not be sent to applicants who respond to this flyer.","$52438-$127854 PA","Pearl Harbor Naval Base, Oahu, Hawaii","This is a public notice flyer to notify interested applicants of anticipated vacancies. Applications will not be accepted through this flyer. Interested applicants must follow the directions in the ""How to Apply"" section of this flyer to be considered. There may or may not be actual vacancies filled from this flyer. Notice of Result letters will not be sent to applicants who respond to this flyer.","","","","2026-08-10T09:36:00.763463+00:00"
"USAJOBS","INTELLIGENCE OPERATIONS SPECIALIST (Title 32)","Air National Guard Units","https://www.usajobs.gov:443/job/850840800","THIS IS A NATIONAL GUARD TITLE 32 EXCEPTED SERVICE POSITION. This National Guard position is for a INTELLIGENCE OPERATIONS SPECIALIST (Title 32), Position Description Number D1659000 and is part of the IL 182 AW, National Guard.","$89508-$116362 PA","Peoria, Illinois","THIS IS A NATIONAL GUARD TITLE 32 EXCEPTED SERVICE POSITION. This National Guard position is for a INTELLIGENCE OPERATIONS SPECIALIST (Title 32), Position Description Number D1659000 and is part of the IL 182 AW, National Guard.","","","","2026-08-10T09:36:00.764415+00:00"
"USAJOBS","Heavy Mobile Equipment Repairer","U.S. Army Reserve Command","https://www.usajobs.gov:443/job/850865200","This is a Direct Hire Authority (DHA) solicitation utilizing the DHA for Certain Personnel of the DoD Workforce to recruit and appoint qualified candidates to positions in the competitive service. About the Position: This is a military technician position with the 99th Readiness Division, Equipment Concentration Site (ECS) 1, located at Fort Drum, New York. This position may offer a $5,000 recruitment bonus (see Additional Information Section).","$26.56-$30.98 PH","Fort Drum, New York","This is a Direct Hire Authority (DHA) solicitation utilizing the DHA for Certain Personnel of the DoD Workforce to recruit and appoint qualified candidates to positions in the competitive service. About the Position: This is a military technician position with the 99th Readiness Division, Equipment Concentration Site (ECS) 1, located at Fort Drum, New York. This position may offer a $5,000 recruitment bonus (see Additional Information Section).","","","","2026-08-10T09:36:00.765101+00:00"
"USAJOBS","AIRCRAFT ORDNANCE SYSTEMS MECHANIC (TITLE 32)","Air National Guard Units","https://www.usajobs.gov:443/job/850865400","District of Columbia Air National Guard Joint Base Andrews, MD AIRCRAFT ORDNANCE SYSTEMS MECHANIC WG-6652-10 Group 3- Current or former uniformed service members (Active, Reserve, Guard) nationwide who are eligible for military membership in the (DCANG) **THIS IS NOT A CIVILIAN POSITION. MILITARY MEMBERSHIP IS REQUIRED**","$41.75-$48.7 PH","Andrews AFB, Maryland","District of Columbia Air National Guard Joint Base Andrews, MD AIRCRAFT ORDNANCE SYSTEMS MECHANIC WG-6652-10 Group 3- Current or former uniformed service members (Active, Reserve, Guard) nationwide who are eligible for military membership in the (DCANG) **THIS IS NOT A CIVILIAN POSITION. MILITARY MEMBERSHIP IS REQUIRED**","","","","2026-08-10T09:36:00.766114+00:00"
"USAJOBS","ADMINISTRATIVE OFFICER","Army National Guard Units","https://www.usajobs.gov:443/job/850868900","This position is for a ADMINISTRATIVE OFFICER, PD# D1268000, part of the Nevada Army National Guard. This position is located in the Joint Force Headquarters - State, Construction and Facilities Management Office, Information Technology and Administrative Services Branch, which provides facility services to numerous installations throughout the state. The primary purpose of this position is to provide continuity in administrative support and management control oversight.","$98236-$127712 PA","Carson City, Nevada","This position is for a ADMINISTRATIVE OFFICER, PD# D1268000, part of the Nevada Army National Guard. This position is located in the Joint Force Headquarters - State, Construction and Facilities Management Office, Information Technology and Administrative Services Branch, which provides facility services to numerous installations throughout the state. The primary purpose of this position is to provide continuity in administrative support and management control oversight.","","","","2026-08-10T09:36:00.767019+00:00"
"USAJOBS","Dental Assistant","Veterans Health Administration","https://www.usajobs.gov:443/job/850893200","The dental assistant position is based at the Greenville, SC outpatient clinic where the incumbent is expected to plan and complete tasks based on established protocols/accepted dental practices. The employee will be required to display a cooperative attitude and will effectively work together to implement the organization's mission and goals.","$38819-$70647 PA","Greenville, South Carolina","The dental assistant position is based at the Greenville, SC outpatient clinic where the incumbent is expected to plan and complete tasks based on established protocols/accepted dental practices. The employee will be required to display a cooperative attitude and will effectively work together to implement the organization's mission and goals.","","","","2026-08-10T09:36:00.768042+00:00"
"USAJOBS","TRAFFIC MANAGEMENT SPECIALIST (TITLE 32)","Air National Guard Units","https://www.usajobs.gov:443/job/850898700","THIS IS A NATIONAL GUARD TITLE 32 EXCEPTED SERVICE POSITION. This National Guard position is for a TRAFFIC MANAGEMENT SPECIALIST (TITLE 32), Position Description Number D2126000 and is part of the IL 126, National Guard.","$51740-$82279 PA","Scott AFB, Illinois","THIS IS A NATIONAL GUARD TITLE 32 EXCEPTED SERVICE POSITION. This National Guard position is for a TRAFFIC MANAGEMENT SPECIALIST (TITLE 32), Position Description Number D2126000 and is part of the IL 126, National Guard.","","","","2026-08-10T09:36:00.768825+00:00"
"USAJOBS","PROGRAM ANALYST (T32)","Air National Guard Units","https://www.usajobs.gov:443/job/850937500","This position is part of the Air Support Operations Squadron on Ellington Field located in Houston, TX. The primary purpose of the position is to provide management with objectively based information to effectively assess the group and squadron ability to meet the operations, training, and readiness missions in support of fielding a complex tactical communications-electronics weapons system. Texas is one of 9 states with NO state income tax.","$85270-$110846 PA","Ellington AFB, Texas","This position is part of the Air Support Operations Squadron on Ellington Field located in Houston, TX. The primary purpose of the position is to provide management with objectively based information to effectively assess the group and squadron ability to meet the operations, training, and readiness missions in support of fielding a complex tactical communications-electronics weapons system. Texas is one of 9 states with NO state income tax.","","","","2026-08-10T09:36:00.769462+00:00"
"USAJOBS","Heavy Mobile Equipment Repairer","U.S. Army Reserve Command","https://www.usajobs.gov:443/job/850951700","This is a Direct Hire Authority (DHA) solicitation utilizing the DHA for Certain Personnel of the DoD Workforce to recruit and appoint qualified candidates to positions in the competitive service. About the Position: This is a Military Technician position with the 88th Readiness Division, Equipment Concentration Site (ECS) 67, located at Fort McCoy, Wisconsin. This position requires an active membership as a Soldier in the Army Reserve before a start date can be set.","$26.5-$30.91 PH","Fort McCoy, Wisconsin","This is a Direct Hire Authority (DHA) solicitation utilizing the DHA for Certain Personnel of the DoD Workforce to recruit and appoint qualified candidates to positions in the competitive service. About the Position: This is a Military Technician position with the 88th Readiness Division, Equipment Concentration Site (ECS) 67, located at Fort McCoy, Wisconsin. This position requires an active membership as a Soldier in the Army Reserve before a start date can be set.","","","","2026-08-10T09:36:00.770469+00:00"
"USAJOBS","Selective Placement Program (Noncompetitive Appointments for Applicants with Disabilities)","Library of Congress","https://www.usajobs.gov:443/job/850999700","The Library of Congress is accepting applications from people who wish to be considered for employment at the Library under its Selective Placement Program (SPP). It is the policy of the Library to recruit and hire qualified applicants with targeted disabilities by assisting these individuals in obtaining employment consistent with their level of skills and abilities and their capacity for safe and efficient job performance.","$29949-$195200 PA","Multiple Locations","The Library of Congress is accepting applications from people who wish to be considered for employment at the Library under its Selective Placement Program (SPP). It is the policy of the Library to recruit and hire qualified applicants with targeted disabilities by assisting these individuals in obtaining employment consistent with their level of skills and abilities and their capacity for safe and efficient job performance.","","","","2026-08-10T09:36:00.771546+00:00"
"USAJOBS","Recreation assistant (Fitness)","Commander, Navy Installations Command","https://www.usajobs.gov:443/job/851052500","This position is located at the Fitness Centers of the Morale, Welfare and Recreation (MWR) Department, NSA Naples. The primary purpose of this position is to promote fitness and educate our patrons in proper equipment utilization and exercise programs.","$17.25-$17.25 PH","Naples, Italy","This position is located at the Fitness Centers of the Morale, Welfare and Recreation (MWR) Department, NSA Naples. The primary purpose of this position is to promote fitness and educate our patrons in proper equipment utilization and exercise programs.","","","","2026-08-10T09:36:00.772839+00:00"
"USAJOBS","Assistant United States Attorney","Executive Office for U.S. Attorneys and the Office of the U.S. Attorneys","https://www.usajobs.gov:443/job/851069300","This is an open continuous announcement that is intended to continually solicit applications in order to fill immediate and future vacancies. Applications will be reviewed and referred as vacancies occur. Applications must be submitted by August 13, 2026. For more information regarding the office, visit https://www.justice.gov/usao-mn. These positions are located in Minneapolis, Minnesota. As needed, additional positions may be filled using this announcement.","$80609-$195100 PA","Minneapolis, Minnesota","This is an open continuous announcement that is intended to continually solicit applications in order to fill immediate and future vacancies. Applications will be reviewed and referred as vacancies occur. Applications must be submitted by August 13, 2026. For more information regarding the office, visit https://www.justice.gov/usao-mn. These positions are located in Minneapolis, Minnesota. As needed, additional positions may be filled using this announcement.","","","","2026-08-10T09:36:00.773543+00:00"
"USAJOBS","SUPERVISORY METEOROLOGICAL TECHNICIAN - TITLE 32","Air National Guard Units","https://www.usajobs.gov:443/job/851076600","THIS IS A NATIONAL GUARD TITLE 32 EXCEPTED SERVICE POSITION. This position is for a Supervisory Meteorological Technician, Position Description Number D1816000 located at 116 OSS, Robins AFB, Georgia This is a full-time, Excepted Permanent, dual status position which requires Georgia Air National Guard Membership. Area of Consideration: Open to current members of the Air National Guard, Air Force Reserve or Air Force Active Duty.","$73939-$96116 PA","Robins AFB, Georgia","THIS IS A NATIONAL GUARD TITLE 32 EXCEPTED SERVICE POSITION. This position is for a Supervisory Meteorological Technician, Position Description Number D1816000 located at 116 OSS, Robins AFB, Georgia This is a full-time, Excepted Permanent, dual status position which requires Georgia Air National Guard Membership. Area of Consideration: Open to current members of the Air National Guard, Air Force Reserve or Air Force Active Duty.","","","","2026-08-10T09:36:00.774631+00:00"
"USAJOBS","Career Law Clerk","U.S. Courts","https://www.usajobs.gov:443/job/851086800","The U.S. District Court for the Eastern District of Virginia seeks a Career Law Clerk for Judge Arenda L. Wright Allen beginning June 1, 2026. Duties include legal research, reviewing filings, drafting memos and orders, and managing chambers operations. Strong writing skills are required; prior federal clerkship experience is preferred.","$106950-$164296 PA","Norfolk, Virginia","The U.S. District Court for the Eastern District of Virginia seeks a Career Law Clerk for Judge Arenda L. Wright Allen beginning June 1, 2026. Duties include legal research, reviewing filings, drafting memos and orders, and managing chambers operations. Strong writing skills are required; prior federal clerkship experience is preferred.","","","","2026-08-10T09:36:00.775632+00:00"
"USAJOBS","PHYSICIAN- PRIMARY CARE COLUMBIA, MO","Veterans Health Administration","https://www.usajobs.gov:443/job/851181700","""The 2-page Resume requirement does not apply to this occupational series. For more information, refer to Required Documents below."" Join Our Team as a Primary Care Physician at Harry S. Truman VAMC in Columbia, MO! Are you a dedicated Primary Care Physician passionate about providing exceptional care to our nation's heroes? Harry S. Truman Veterans Affairs Medical Center in beautiful Columbia, Missouri, is seeking a compassionate and skilled physician to join our dynamic healthcare team.","$250000-$258000 PA","Columbia, Missouri","""The 2-page Resume requirement does not apply to this occupational series. For more information, refer to Required Documents below."" Join Our Team as a Primary Care Physician at Harry S. Truman VAMC in Columbia, MO! Are you a dedicated Primary Care Physician passionate about providing exceptional care to our nation's heroes? Harry S. Truman Veterans Affairs Medical Center in beautiful Columbia, Missouri, is seeking a compassionate and skilled physician to join our dynamic healthcare team.","","","","2026-08-10T09:36:00.776567+00:00"
"USAJOBS","Health Technician (Hearing Instrument Specialist)","Veterans Health Administration","https://www.usajobs.gov:443/job/851202600","The Health Technician (Hearing Instrument Specialist - HIS) position is located in the Audiology Service at the Gulf Coast Veterans Health Care system (GCVHCS) at the Pensacola, FL Outpatient Clinic and serves as a member of the audiology service and hearing health care team.","$40332-$58445 PA","Pensacola, Florida","The Health Technician (Hearing Instrument Specialist - HIS) position is located in the Audiology Service at the Gulf Coast Veterans Health Care system (GCVHCS) at the Pensacola, FL Outpatient Clinic and serves as a member of the audiology service and hearing health care team.","","","","2026-08-10T09:36:00.777685+00:00"
"USAJOBS","METEOROLOGICAL TECHNICIAN - TITLE 32","Air National Guard Units","https://www.usajobs.gov:443/job/851247100","THIS IS A NATIONAL GUARD TITLE 32 EXCEPTED SERVICE POSITION. This National Guard position is for a Meteorological Technician, Position Description D1817000 and is part of the Georgia Air National Guard. This is a full-time, Excepted Permanent, dual status position which requires Georgia Air National Guard Membership. Area of Consideration: Open to current members of the Air National Guard, Air Force Reserve or Air Force Active Duty.","$61111-$79443 PA","Robins AFB, Georgia","THIS IS A NATIONAL GUARD TITLE 32 EXCEPTED SERVICE POSITION. This National Guard position is for a Meteorological Technician, Position Description D1817000 and is part of the Georgia Air National Guard. This is a full-time, Excepted Permanent, dual status position which requires Georgia Air National Guard Membership. Area of Consideration: Open to current members of the Air National Guard, Air Force Reserve or Air Force Active Duty.","","","","2026-08-10T09:36:00.778435+00:00"
"USAJOBS","AVIATION RESOURCE MANAGEMENT SPECIALIST - TITLE 32","Air National Guard Units","https://www.usajobs.gov:443/job/851255500","THIS IS A NATIONAL GUARD TITLE 32 EXCEPTED SERVICE POSITION. This position is for a AVIATION RESOURCE MANAGEMENT SPECIALIST, Position Description Number D2934000 at the 128th ACCS located in Robins AFB, Georgia. This is a full-time, Excepted Permanent, dual status position which requires Georgia Air National Guard Membership. Area of Consideration: Open to current members of the Air National Guard, Air Force Reserve or Air Force Active Duty.","$61111-$79443 PA","Robins AFB, Georgia","THIS IS A NATIONAL GUARD TITLE 32 EXCEPTED SERVICE POSITION. This position is for a AVIATION RESOURCE MANAGEMENT SPECIALIST, Position Description Number D2934000 at the 128th ACCS located in Robins AFB, Georgia. This is a full-time, Excepted Permanent, dual status position which requires Georgia Air National Guard Membership. Area of Consideration: Open to current members of the Air National Guard, Air Force Reserve or Air Force Active Duty.","","","","2026-08-10T09:36:00.779527+00:00"
"USAJOBS","Physician (Primary Care) Hyannis, MA CBOC- EDRP & Recruitment Incentive Authorized","Veterans Health Administration","https://www.usajobs.gov:443/job/851264000","Education Debt Reduction Program (EDRP): Eligible for the EDRP, student loan payment reimbursement program. Eligibility requirements in accordance with VHA policy and submit your EDRP application within four months of your start date. Approval, award amount (up to $200,000) and eligibility period (one to five years) are determined by the VHA Education Loan Repayment Services program office after complete review of the EDRP application. Recruitment/Relocation Incentive Authorized. Salary Updated","$275000-$310000 PA","Hyannis, Massachusetts","Education Debt Reduction Program (EDRP): Eligible for the EDRP, student loan payment reimbursement program. Eligibility requirements in accordance with VHA policy and submit your EDRP application within four months of your start date. Approval, award amount (up to $200,000) and eligibility period (one to five years) are determined by the VHA Education Loan Repayment Services program office after complete review of the EDRP application. Recruitment/Relocation Incentive Authorized. Salary Updated","","","","2026-08-10T09:36:00.780635+00:00"
"USAJOBS","Heavy Mobile Equipment Repairer","U.S. Army Reserve Command","https://www.usajobs.gov:443/job/851327800","This is a Direct Hire Authority (DHA) solicitation utilizing the DHA for Certain Personnel of the DoD Workforce to recruit and appoint qualified candidates to positions in the competitive service. About the Position: This is a Military Technician position with the 88th Readiness Division, Equipment Concentration Site (ECS) 66, located at Fort Leonard Wood, MO. This position requires an active membership as a Soldier in the Army Reserve before a start date can be set.","$24.13-$28.16 PH","Fort Leonard Wood, Missouri","This is a Direct Hire Authority (DHA) solicitation utilizing the DHA for Certain Personnel of the DoD Workforce to recruit and appoint qualified candidates to positions in the competitive service. About the Position: This is a Military Technician position with the 88th Readiness Division, Equipment Concentration Site (ECS) 66, located at Fort Leonard Wood, MO. This position requires an active membership as a Soldier in the Army Reserve before a start date can be set.","","","","2026-08-10T09:36:00.781839+00:00"
"USAJOBS","Heavy Mobile Equipment Repairer","U.S. Army Reserve Command","https://www.usajobs.gov:443/job/851346400","This is a Direct Hire Authority (DHA) solicitation utilizing the DHA for Certain Personnel of the DoD Workforce to recruit and appoint qualified candidates to positions in the competitive service. About the Position: This is a Military Technician position with the 88th Readiness Division, Equipment Concentration Site (ECS) 66, located at Fort Leonard Wood, Missouri. This position requires an active membership as a Soldier in the Army Reserve before a start date can be set.","$25.69-$29.97 PH","Fort Leonard Wood, Missouri","This is a Direct Hire Authority (DHA) solicitation utilizing the DHA for Certain Personnel of the DoD Workforce to recruit and appoint qualified candidates to positions in the competitive service. About the Position: This is a Military Technician position with the 88th Readiness Division, Equipment Concentration Site (ECS) 66, located at Fort Leonard Wood, Missouri. This position requires an active membership as a Soldier in the Army Reserve before a start date can be set.","","","","2026-08-10T09:36:00.782937+00:00"
"USAJOBS","SMALL ARMS REPAIRER","Army National Guard Units","https://www.usajobs.gov:443/job/851369300","This position is for a SMALL ARMS REPAIRER, PD# D0331000, part of the Nevada Army National Guard. This position is located in the National Guard Marksmanship Training Unit. The primary purpose of the position is to rebuild, customize and maintain a variety of small arms used in competitive marksmanship.","$34.45-$40.19 PH","North Las Vegas, Nevada","This position is for a SMALL ARMS REPAIRER, PD# D0331000, part of the Nevada Army National Guard. This position is located in the National Guard Marksmanship Training Unit. The primary purpose of the position is to rebuild, customize and maintain a variety of small arms used in competitive marksmanship.","","","","2026-08-10T09:36:00.783989+00:00"
"USAJOBS","PHYSICAL SCIENCE TECHNICIAN","U.S. Pacific Fleet","https://www.usajobs.gov:443/job/851384700","This is a public notice flyer to notify interested applicants of anticipated vacancies. Applications will not be accepted through this flyer. Interested applicants must follow the directions in the ""How to Apply"" section of this flyer to be considered. There may or may not be actual vacancies filled from this flyer. Notice of Result letters will not be sent to applicants who respond to this flyer.","$43797-$98995 PA","Pearl Harbor, Hawaii","This is a public notice flyer to notify interested applicants of anticipated vacancies. Applications will not be accepted through this flyer. Interested applicants must follow the directions in the ""How to Apply"" section of this flyer to be considered. There may or may not be actual vacancies filled from this flyer. Notice of Result letters will not be sent to applicants who respond to this flyer.","","","","2026-08-10T09:36:00.784753+00:00"
"USAJOBS","POLICE OFFICER","U.S. Marine Corps","https://www.usajobs.gov:443/job/851394000","This is a public notice flyer to notify interested applicants of anticipated vacancies. Applications will not be accepted through this flyer. Interested applicants must follow the directions in the ""How to Apply"" section of this flyer to be considered. There may or may not be actual vacancies filled from this flyer. Notice of Result letters will not be sent to applicants who respond to this flyer.","$49960-$64952 PA","Cherry Point, North Carolina","This is a public notice flyer to notify interested applicants of anticipated vacancies. Applications will not be accepted through this flyer. Interested applicants must follow the directions in the ""How to Apply"" section of this flyer to be considered. There may or may not be actual vacancies filled from this flyer. Notice of Result letters will not be sent to applicants who respond to this flyer.","","","","2026-08-10T09:36:00.785729+00:00"
"USAJOBS","Heavy Mobile Equipment Repairer","U.S. Army Reserve Command","https://www.usajobs.gov:443/job/851472700","This is a Direct Hire Authority (DHA) solicitation utilizing the DHA for Certain Personnel of the DoD Workforce to recruit and appoint qualified candidates to positions in the competitive service. About the Position: This is a Military Technician position with the 88th Readiness Division, Equipment Concentration Site (ECS) 37 located in Ogden, Utah. This position requires an active membership as a Soldier in the Army Reserve before a start date can be set.","$26.97-$31.44 PH","Ogden, Utah","This is a Direct Hire Authority (DHA) solicitation utilizing the DHA for Certain Personnel of the DoD Workforce to recruit and appoint qualified candidates to positions in the competitive service. About the Position: This is a Military Technician position with the 88th Readiness Division, Equipment Concentration Site (ECS) 37 located in Ogden, Utah. This position requires an active membership as a Soldier in the Army Reserve before a start date can be set.","","","","2026-08-10T09:36:00.786706+00:00"
"USAJOBS","SHEET METAL MECHANIC (AIRCRAFT) (TEMP-INDEF) (TITLE 32)","Air National Guard Units","https://www.usajobs.gov:443/job/851489300","This National Guard position is for a SHEET METAL MECHANIC (AIRCRAFT) (TEMP-INDEF) (TITLE 32), Position Description Number D1371000 and is part of the 151 MXS located in Salt Lake City, with the Utah Air National Guard. This vacancy is OPEN to current members of the National Guard, and members of the public willing to join the Utah Air National Guard. The selecting supervisor for this vacancy is SMSgt Raymon Miller. This is a Temporary-Indefinite Appointment","$26.44-$37.65 PH","Salt Lake City, Utah","This National Guard position is for a SHEET METAL MECHANIC (AIRCRAFT) (TEMP-INDEF) (TITLE 32), Position Description Number D1371000 and is part of the 151 MXS located in Salt Lake City, with the Utah Air National Guard. This vacancy is OPEN to current members of the National Guard, and members of the public willing to join the Utah Air National Guard. The selecting supervisor for this vacancy is SMSgt Raymon Miller. This is a Temporary-Indefinite Appointment","","","","2026-08-10T09:36:00.787768+00:00"
"USAJOBS","Physician Assistant - General Surgery","Veterans Health Administration","https://www.usajobs.gov:443/job/851496400","This is an Open Continuous Announcement. Applications will be accepted on an ongoing basis and qualified candidates will be considered as vacancies become available. Applications will remain on file until September 30, 2026.","$84223-$127243 PA","Columbia, South Carolina","This is an Open Continuous Announcement. Applications will be accepted on an ongoing basis and qualified candidates will be considered as vacancies become available. Applications will remain on file until September 30, 2026.","","","","2026-08-10T09:36:00.788809+00:00"
"USAJOBS","Heavy Mobile Equipment Repairer","U.S. Army Reserve Command","https://www.usajobs.gov:443/job/851505300","About the Position: This is a Military Technician position with the 88th Readiness Division, Equipment Concentration Site (ECS) 37 located in Ogden, Utah. This position requires an active membership as a Soldier in the Army Reserve before a start date can be set. To learn more about minimum qualifications to join the Army Reserve, visit http://www.goarmy.com/reserve/jobs.html","$28.81-$33.6 PH","Ogden, Utah","About the Position: This is a Military Technician position with the 88th Readiness Division, Equipment Concentration Site (ECS) 37 located in Ogden, Utah. This position requires an active membership as a Soldier in the Army Reserve before a start date can be set. To learn more about minimum qualifications to join the Army Reserve, visit http://www.goarmy.com/reserve/jobs.html","","","","2026-08-10T09:36:00.789435+00:00"
"USAJOBS","Food Service Worker","Veterans Health Administration","https://www.usajobs.gov:443/job/851524700","This Food Service Worker position is located within the Nutrition & Food Service at the VA Medical Center in Sheridan, WY. The incumbent will perform tasks that requires attention to work operations. The incumbent will work in one or more functional areas of the kitchen such as food preparation, dish and pot washing, serving area, portioning cold food, dipping hot food, and passing trays. A retention incentive of 15% of gross is offered after 90 days of successful performance on this position.","$20.64-$23.87 PH","Sheridan, Wyoming","This Food Service Worker position is located within the Nutrition & Food Service at the VA Medical Center in Sheridan, WY. The incumbent will perform tasks that requires attention to work operations. The incumbent will work in one or more functional areas of the kitchen such as food preparation, dish and pot washing, serving area, portioning cold food, dipping hot food, and passing trays. A retention incentive of 15% of gross is offered after 90 days of successful performance on this position.","","","","2026-08-10T09:36:00.790365+00:00"
"USAJOBS","Transportation Security Officer","Transportation Security Administration","https://www.usajobs.gov:443/job/851537700","Transportation Security Officers are responsible for providing security and protection of travelers across all transportation sectors in a courteous and professional manner. Their duties may also extend to securing high-profile events, important figures and/or anything that includes or impacts our transportation systems.","$40736-$56844 PA","Ithaca, New York","Transportation Security Officers are responsible for providing security and protection of travelers across all transportation sectors in a courteous and professional manner. Their duties may also extend to securing high-profile events, important figures and/or anything that includes or impacts our transportation systems.","","","","2026-08-10T09:36:00.791452+00:00"
"USAJOBS","Senior Psychologist Program Manager","Veterans Health Administration","https://www.usajobs.gov:443/job/851573200","This position is eligible for the Education Debt Reduction Program (EDRP), a student loan payment reimbursement program. You must meet specific individual eligibility requirements in accordance with VHA policy and submit your EDRP application within four months of appointment. Program Approval, award amount (up to $200,000) and eligibility period (one to five years) are determined by the VHA Education Loan Repayment Services program office after complete review of the EDRP application.","$146481-$190424 PA","Augusta, Georgia","This position is eligible for the Education Debt Reduction Program (EDRP), a student loan payment reimbursement program. You must meet specific individual eligibility requirements in accordance with VHA policy and submit your EDRP application within four months of appointment. Program Approval, award amount (up to $200,000) and eligibility period (one to five years) are determined by the VHA Education Loan Repayment Services program office after complete review of the EDRP application.","","","","2026-08-10T09:36:00.792566+00:00"
"USAJOBS","Social Work Program Manager","Veterans Health Administration","https://www.usajobs.gov:443/job/851573500","This position is eligible for the Education Debt Reduction Program (EDRP), a student loan payment reimbursement program. You must meet specific individual eligibility requirements in accordance with VHA policy and submit your EDRP application within four months of appointment. Program Approval, award amount (up to $200,000) and eligibility period (one to five years) are determined by the VHA Education Loan Repayment Services program office after complete review of the EDRP application.","$146481-$190424 PA","Augusta, Georgia","This position is eligible for the Education Debt Reduction Program (EDRP), a student loan payment reimbursement program. You must meet specific individual eligibility requirements in accordance with VHA policy and submit your EDRP application within four months of appointment. Program Approval, award amount (up to $200,000) and eligibility period (one to five years) are determined by the VHA Education Loan Repayment Services program office after complete review of the EDRP application.","","","","2026-08-10T09:36:00.793694+00:00"
"USAJOBS","SUPERVISORY NAVIGATOR (INSTRUCTOR) - TITLE 32","Air National Guard Units","https://www.usajobs.gov:443/job/851574400","THIS IS A NATIONAL GUARD TITLE 32 EXCEPTED SERVICE POSITION. This position is for a Supervisory Navigator (Instructor), Position Description Number D2310000 located in the 128th ACCS. This is a full-time, Excepted Permanent, dual status position which requires Georgia Air National Guard Membership. Area of Consideration: Open to current members of the Air National Guard, Air Force Reserve or Air Force Active Duty.","$105383-$137000 PA","Robins AFB, Georgia","THIS IS A NATIONAL GUARD TITLE 32 EXCEPTED SERVICE POSITION. This position is for a Supervisory Navigator (Instructor), Position Description Number D2310000 located in the 128th ACCS. This is a full-time, Excepted Permanent, dual status position which requires Georgia Air National Guard Membership. Area of Consideration: Open to current members of the Air National Guard, Air Force Reserve or Air Force Active Duty.","","","","2026-08-10T09:36:00.794807+00:00"
"USAJOBS","Heavy Mobile Equipment Repairer","U.S. Army Reserve Command","https://www.usajobs.gov:443/job/851607600","This is a Direct Hire Authority (DHA) solicitation utilizing the DHA for Certain Personnel of the DoD Workforce to recruit and appoint qualified candidates to positions in the competitive service. About the Position: This is a military technician position with the 99th Readiness Division, Equipment Concentration Site (ECS) 24, located at Fort Indiantown Gap, Pennsylvania. This position may offer a $5,000 recruitment bonus (see Additional Information Section).","$25.35-$29.57 PH","Indiantown Gap, Pennsylvania","This is a Direct Hire Authority (DHA) solicitation utilizing the DHA for Certain Personnel of the DoD Workforce to recruit and appoint qualified candidates to positions in the competitive service. About the Position: This is a military technician position with the 99th Readiness Division, Equipment Concentration Site (ECS) 24, located at Fort Indiantown Gap, Pennsylvania. This position may offer a $5,000 recruitment bonus (see Additional Information Section).","","","","2026-08-10T09:36:00.795821+00:00"
"USAJOBS","ORDNANCE EQUIPMENT MECHANIC - TITLE 32","Air National Guard Units","https://www.usajobs.gov:443/job/851624800","THIS IS A NATIONAL GUARD TITLE 32 EXCEPTED SERVICE POSITION. This position is for a Ordnance Equipment Mechanic, Position Description Number D2573000 located in the 116th MXS. This is a full-time, Excepted Permanent, dual status position which requires Georgia Air National Guard Membership. Area of Consideration: Open to current members of the Air National Guard, Air Force Reserve or Air Force Active Duty.","$29.03-$33.85 PH","Robins AFB, Georgia","THIS IS A NATIONAL GUARD TITLE 32 EXCEPTED SERVICE POSITION. This position is for a Ordnance Equipment Mechanic, Position Description Number D2573000 located in the 116th MXS. This is a full-time, Excepted Permanent, dual status position which requires Georgia Air National Guard Membership. Area of Consideration: Open to current members of the Air National Guard, Air Force Reserve or Air Force Active Duty.","","","","2026-08-10T09:36:00.796871+00:00"
"USAJOBS","Medical/Health & Psychology Careers","Central Intelligence Agency","https://www.usajobs.gov:443/job/851628800","We are an Agency where medical, health and psychology professionals help drive our mission. Few organizations can offer comparable experiences in such a wide range of disciplines. By coordinating and utilizing expertise within every field, we can advance the CIA mission. Please visit cia.gov/careers, to view all job opportunities currently available.","$93000-$320000 PA","Washington, District of Columbia","We are an Agency where medical, health and psychology professionals help drive our mission. Few organizations can offer comparable experiences in such a wide range of disciplines. By coordinating and utilizing expertise within every field, we can advance the CIA mission. Please visit cia.gov/careers, to view all job opportunities currently available.","","","","2026-08-10T09:36:00.797841+00:00"
"USAJOBS","Political Analyst","Central Intelligence Agency","https://www.usajobs.gov:443/job/851633800","Political Analysts support US policymakers by producing written and oral assessments of the domestic politics, foreign policy, stability, and social issues of foreign governments and entities.","$63940-$158322 PA","Washington, District of Columbia","Political Analysts support US policymakers by producing written and oral assessments of the domestic politics, foreign policy, stability, and social issues of foreign governments and entities.","","","","2026-08-10T09:36:00.798755+00:00"
"USAJOBS","Military Analyst","Central Intelligence Agency","https://www.usajobs.gov:443/job/851639900","Military Analysts provide US policymakers with unique insights on foreign military forces' structure, capabilities, doctrine, weapons systems, plans, and tactics. They also explore global strategic military trends.","$63940-$158322 PA","Washington, District of Columbia","Military Analysts provide US policymakers with unique insights on foreign military forces' structure, capabilities, doctrine, weapons systems, plans, and tactics. They also explore global strategic military trends.","","","","2026-08-10T09:36:00.799246+00:00"
"USAJOBS","Heavy Mobile Equipment Repairer","U.S. Army Reserve Command","https://www.usajobs.gov:443/job/851647200","This is a Direct Hire Authority (DHA) solicitation utilizing the DHA for Certain Personnel of the DoD Workforce to recruit and appoint qualified candidates to positions in the competitive service. About the Position: This is a Military Technician position is with the 88th Readiness Division, Equipment Concentration Site (ECS) 67, located at Fort McCoy, Wisconsin. This position requires an active membership as a Soldier in the Army Reserve before a start date can be set.","$27.75-$32.38 PH","Fort McCoy, Wisconsin","This is a Direct Hire Authority (DHA) solicitation utilizing the DHA for Certain Personnel of the DoD Workforce to recruit and appoint qualified candidates to positions in the competitive service. About the Position: This is a Military Technician position is with the 88th Readiness Division, Equipment Concentration Site (ECS) 67, located at Fort McCoy, Wisconsin. This position requires an active membership as a Soldier in the Army Reserve before a start date can be set.","","","","2026-08-10T09:36:00.799853+00:00"
"USAJOBS","Heavy Mobile Equipment Repairer","U.S. Army Reserve Command","https://www.usajobs.gov:443/job/851647300","About the Position: This is a Military Technician position is with the 88th Readiness Division, Equipment Concentration Site (ECS) 67, located at Fort McCoy, Wisconsin. This position requires an active membership as a Soldier in the Army Reserve before a start date can be set. To learn more about minimum qualifications to join the Army Reserve, visit http://www.goarmy.com/reserve/jobs.html.","$27.75-$32.38 PH","Fort McCoy, Wisconsin","About the Position: This is a Military Technician position is with the 88th Readiness Division, Equipment Concentration Site (ECS) 67, located at Fort McCoy, Wisconsin. This position requires an active membership as a Soldier in the Army Reserve before a start date can be set. To learn more about minimum qualifications to join the Army Reserve, visit http://www.goarmy.com/reserve/jobs.html.","","","","2026-08-10T09:36:00.800917+00:00"
"USAJOBS","ACOS (Psychiatrist) Mental Health","Veterans Health Administration","https://www.usajobs.gov:443/job/851647900","This position is eligible for the Education Debt Reduction Program EDRP a student loan payment reimbursement program. You must meet specific eligibility requirements per VHA policy and submit your EDRP application within four months of appointment. Program Approval, award amount (up to $200,000) & eligibility period (one to five years) are determined by the VHA Education Loan Repayment Services program office after review of the EDRP application. Former EDRP participants ineligible to apply.","$165000-$336000 PA","Augusta, Georgia","This position is eligible for the Education Debt Reduction Program EDRP a student loan payment reimbursement program. You must meet specific eligibility requirements per VHA policy and submit your EDRP application within four months of appointment. Program Approval, award amount (up to $200,000) & eligibility period (one to five years) are determined by the VHA Education Loan Repayment Services program office after review of the EDRP application. Former EDRP participants ineligible to apply.","","","","2026-08-10T09:36:00.801874+00:00"
"USAJOBS","Dentist - Oral Surgeon","Veterans Health Administration","https://www.usajobs.gov:443/job/851665900","Columbia Veterans Health Administration is recruiting for a general practice dental officer, who will perform a full range of professional dental procedures in connection with the treatment of commonly encountered dental diseases or dental health problems requiring standard corrective, restorative, or preventive measures.","$350000-$400000 PA","Columbia, South Carolina","Columbia Veterans Health Administration is recruiting for a general practice dental officer, who will perform a full range of professional dental procedures in connection with the treatment of commonly encountered dental diseases or dental health problems requiring standard corrective, restorative, or preventive measures.","","","","2026-08-10T09:36:00.802945+00:00"
"USAJOBS","METEOROLOGIST","Air Force Civilian Career Training","https://www.usajobs.gov:443/job/851700900","Click on ""Learn more about this agency"" button below to view Eligibilities being considered and other IMPORTANT information. This is a formal Air Force intern position, established under the PALACE ACQUIRE (PAQ) program; as such, it is centrally managed and funded by the Air Force Personnel Center, Civilian Career Management Directorate and administered by the Weather Career Program, HQ AFPC/DPZ, 550 C Street, Randolph AFB Texas 78150.","$49960-$49960 PA","Multiple Locations","Click on ""Learn more about this agency"" button below to view Eligibilities being considered and other IMPORTANT information. This is a formal Air Force intern position, established under the PALACE ACQUIRE (PAQ) program; as such, it is centrally managed and funded by the Air Force Personnel Center, Civilian Career Management Directorate and administered by the Weather Career Program, HQ AFPC/DPZ, 550 C Street, Randolph AFB Texas 78150.","","","","2026-08-10T09:36:00.804019+00:00"
"USAJOBS","Physician (HBPC Medical Director)","Veterans Health Administration","https://www.usajobs.gov:443/job/851777600","The Home-Based Primary Care (HBPC) program, under the Geriatrics and Extended Care (GEC)service, targets frail, chronically ill Veterans who require care by interdisciplinary health care teams to provide continuity and coordination/integration of diverse services to address complex medical, social, rehabilitative and behavioral care needs. Education and length of practice are considered through a formal pay-setting process to determine the final compensable salary (Base Pay + Market Pay).","$200000-$320000 PA","Tuskegee, Alabama","The Home-Based Primary Care (HBPC) program, under the Geriatrics and Extended Care (GEC)service, targets frail, chronically ill Veterans who require care by interdisciplinary health care teams to provide continuity and coordination/integration of diverse services to address complex medical, social, rehabilitative and behavioral care needs. Education and length of practice are considered through a formal pay-setting process to determine the final compensable salary (Base Pay + Market Pay).","","","","2026-08-10T09:36:00.805072+00:00"
"USAJOBS","Analytic Careers","Central Intelligence Agency","https://www.usajobs.gov:443/job/851782400","Use your expertise, critical thinking skills, and creativity to begin a career in analysis. Our officers provide timely and objective insight to U.S. officials making critical foreign policy decisions. Our unique accesses and ability to leverage emerging technology help protect our nation's interests in a fast-changing world. Please visit cia.gov/careers, to view all job opportunities currently available.","$78083-$170820 PA","Washington, District of Columbia","Use your expertise, critical thinking skills, and creativity to begin a career in analysis. Our officers provide timely and objective insight to U.S. officials making critical foreign policy decisions. Our unique accesses and ability to leverage emerging technology help protect our nation's interests in a fast-changing world. Please visit cia.gov/careers, to view all job opportunities currently available.","","","","2026-08-10T09:36:00.806154+00:00"
"USAJOBS","Transportation Security Officer","Transportation Security Administration","https://www.usajobs.gov:443/job/851796700","Transportation Security Officers are responsible for providing security and protection of travelers across all transportation sectors in a courteous and professional manner. Their duties may also extend to securing high-profile events, important figures and/or anything that includes or impacts our transportation systems.","$40736-$56844 PA","Elmira, New York","Transportation Security Officers are responsible for providing security and protection of travelers across all transportation sectors in a courteous and professional manner. Their duties may also extend to securing high-profile events, important figures and/or anything that includes or impacts our transportation systems.","","","","2026-08-10T09:36:00.807157+00:00"
"USAJOBS","Transportation Security Officer","Transportation Security Administration","https://www.usajobs.gov:443/job/851796900","Transportation Security Officers are responsible for providing security and protection of travelers across all transportation sectors in a courteous and professional manner. Their duties may also extend to securing high-profile events, important figures and/or anything that includes or impacts our transportation systems.","$46105-$56844 PA","Plattsburgh, New York","Transportation Security Officers are responsible for providing security and protection of travelers across all transportation sectors in a courteous and professional manner. Their duties may also extend to securing high-profile events, important figures and/or anything that includes or impacts our transportation systems.","","","","2026-08-10T09:36:00.808204+00:00"
"USAJOBS","SECURITY SPECIALIST","Air Force Civilian Career Training","https://www.usajobs.gov:443/job/851804200","Click on ""Learn more about this agency"" button below to view Eligibilities being considered and other IMPORTANT information. The primary purpose of this position is to serve as an advanced trainee to receive formal and on-the-job training in the Security Administration Career Field and to complete developmental assignments and training outlined in the formal training and development plan. The recognized full performance (""target"") grade for this position is GS-0080-11.","$49960-$115113 PA","Multiple Locations","Click on ""Learn more about this agency"" button below to view Eligibilities being considered and other IMPORTANT information. The primary purpose of this position is to serve as an advanced trainee to receive formal and on-the-job training in the Security Administration Career Field and to complete developmental assignments and training outlined in the formal training and development plan. The recognized full performance (""target"") grade for this position is GS-0080-11.","","","","2026-08-10T09:36:00.809292+00:00"
"USAJOBS","Supervisory Diagnostic Radiologic Technologist (IR)","Veterans Health Administration","https://www.usajobs.gov:443/job/851808700","This Advanced Diagnostic Radiologic Technologist (DRT), Interventional Radiology (IR), position is assigned to the Memphis Veterans Affairs Healthcare System, Medical Imaging Service in the IR section. The Memphis Veterans Affairs Healthcare System is a complex facility that provides services in specialized and complex areas of diagnostic imaging and a comprehensive interventional radiology program,","$79967-$103954 PA","Memphis, Tennessee","This Advanced Diagnostic Radiologic Technologist (DRT), Interventional Radiology (IR), position is assigned to the Memphis Veterans Affairs Healthcare System, Medical Imaging Service in the IR section. The Memphis Veterans Affairs Healthcare System is a complex facility that provides services in specialized and complex areas of diagnostic imaging and a comprehensive interventional radiology program,","","","","2026-08-10T09:36:00.810356+00:00"
"USAJOBS","Transportation Security Officer","Transportation Security Administration","https://www.usajobs.gov:443/job/851819300","Transportation Security Officers are responsible for providing security and protection of travelers across all transportation sectors in a courteous and professional manner. Their duties may also extend to securing high-profile events, important figures and/or anything that includes or impacts our transportation systems.","$46105-$56844 PA","Syracuse, New York","Transportation Security Officers are responsible for providing security and protection of travelers across all transportation sectors in a courteous and professional manner. Their duties may also extend to securing high-profile events, important figures and/or anything that includes or impacts our transportation systems.","","","","2026-08-10T09:36:00.811332+00:00"
"USAJOBS","Waiter","U.S. Air Forces, Europe","https://www.usajobs.gov:443/job/851837300","THIS POSITION OFFERS A SIGN-ON BONUS OF $200.00 & AN EXTRA INCENTIVE BONUS OF $300.00 FOR RETENTION!! About the position: This is a Flexible (Intermittent) category position located at the Stukeley Inn, 423d Force Support Squadron, RAF Alconbury, United Kingdom. There are no guaranteed hours, and the incumbent may be required to work 0-40 hours per week, as needed. This position requires the ability to stand, stoop, bend, and walk for long periods of time.","$16.94-$19.77 PH","Alconbury, United Kingdom","THIS POSITION OFFERS A SIGN-ON BONUS OF $200.00 & AN EXTRA INCENTIVE BONUS OF $300.00 FOR RETENTION!! About the position: This is a Flexible (Intermittent) category position located at the Stukeley Inn, 423d Force Support Squadron, RAF Alconbury, United Kingdom. There are no guaranteed hours, and the incumbent may be required to work 0-40 hours per week, as needed. This position requires the ability to stand, stoop, bend, and walk for long periods of time.","","","","2026-08-10T09:36:00.812503+00:00"
"USAJOBS","Assistant United States Attorney","Executive Office for U.S. Attorneys and the Office of the U.S. Attorneys","https://www.usajobs.gov:443/job/851841500","This announcement will fill multiple permanent Assistant U.S. Attorney appointments in the Civil Division. This is an open, continuous announcement that will close no later than Sept. 30, 2026. Applications will be reviewed on a rolling basis with the first review no earlier than 10 business days after the date this announcement posts. Additional reviews of applications will be conducted periodically, after the initial review, until all positions are filled. Your resume cannot exceed two pages.","$76748-$197100 PA","Oklahoma City, Oklahoma","This announcement will fill multiple permanent Assistant U.S. Attorney appointments in the Civil Division. This is an open, continuous announcement that will close no later than Sept. 30, 2026. Applications will be reviewed on a rolling basis with the first review no earlier than 10 business days after the date this announcement posts. Additional reviews of applications will be conducted periodically, after the initial review, until all positions are filled. Your resume cannot exceed two pages.","","","","2026-08-10T09:36:00.813611+00:00"
"USAJOBS","COOK","U.S. Air Forces, Europe","https://www.usajobs.gov:443/job/851854300","About the position: This position is Non-appropriated Fund (NAF) and is located at the Stukeley Inn, 423rd Force Support Squadron, RAF Alconbury, United Kingdom. There are no guaranteed hours, but the incumbent may be expected to work a varying schedule, from 0-40 hours per week. This position requires regular standing, walking, stooping, bending, and reaching. This Position offers a Sign-On Bonus and an Extra Incentive Bonus for Retention.","$19.48-$19.48 PH","Alconbury, United Kingdom","About the position: This position is Non-appropriated Fund (NAF) and is located at the Stukeley Inn, 423rd Force Support Squadron, RAF Alconbury, United Kingdom. There are no guaranteed hours, but the incumbent may be expected to work a varying schedule, from 0-40 hours per week. This position requires regular standing, walking, stooping, bending, and reaching. This Position offers a Sign-On Bonus and an Extra Incentive Bonus for Retention.","","","","2026-08-10T09:36:00.814841+00:00"
"USAJOBS","POLICE OFFICER","U.S. Marine Corps","https://www.usajobs.gov:443/job/851857000","This is a public notice flyer to notify interested applicants of anticipated vacancies. Applications will not be accepted through this flyer. Interested applicants must follow the directions in the ""How to Apply"" section of this flyer to be considered. There may or may not be actual vacancies filled from this flyer. Notice of Result letters will not be sent to applicants who respond to this flyer.","$42189-$76016 PA","San Diego, California","This is a public notice flyer to notify interested applicants of anticipated vacancies. Applications will not be accepted through this flyer. Interested applicants must follow the directions in the ""How to Apply"" section of this flyer to be considered. There may or may not be actual vacancies filled from this flyer. Notice of Result letters will not be sent to applicants who respond to this flyer.","","","","2026-08-10T09:36:00.815878+00:00"
"USAJOBS","Official Reporter (Stenographer)","House of Representatives","https://www.usajobs.gov:443/job/851880600","Responsible for verbatim reporting of congressional proceedings, including floor activities, business meetings, committee and subcommittee hearings, markups, and caucus meetings; responsible for the general understanding of legislative and parliamentary nuances related to the Congressional Record; produce transcripts in a timely fashion while maintaining the highest degree of confidentiality of secret and top-secret documents.","$157291-$157291 PA","Washington, District of Columbia","Responsible for verbatim reporting of congressional proceedings, including floor activities, business meetings, committee and subcommittee hearings, markups, and caucus meetings; responsible for the general understanding of legislative and parliamentary nuances related to the Congressional Record; produce transcripts in a timely fashion while maintaining the highest degree of confidentiality of secret and top-secret documents.","","","","2026-08-10T09:36:00.816861+00:00"
"USAJOBS","Food Service Worker","Veterans Health Administration","https://www.usajobs.gov:443/job/851930300","Wage Grade 4 Food Service Workers independently perform duties that require proficiency in special procedures. They require a broad knowledge of service operations, such as food and beverage preparation, modified diets, computer proficiency, dishwashing, dry and refrigerated storage, and safety and sanitation. Wage grade 4 workers can do all the duties of a lower grade worker, but also may help with making patient selections, thickening items and checking trays.","$24.59-$28.68 PH","Multiple Locations","Wage Grade 4 Food Service Workers independently perform duties that require proficiency in special procedures. They require a broad knowledge of service operations, such as food and beverage preparation, modified diets, computer proficiency, dishwashing, dry and refrigerated storage, and safety and sanitation. Wage grade 4 workers can do all the duties of a lower grade worker, but also may help with making patient selections, thickening items and checking trays.","","","","2026-08-10T09:36:00.818271+00:00"
"USAJOBS","Health Operation Support Team, Health Service Administrator (O-6 Billet) Supervisory","Immigration and Customs Enforcement","https://www.usajobs.gov:443/job/851938200","The Health Operations Support Team Health Services Administrator supervises healthcare operations in IHSC. Responsibilities include ensuring compliance with policies, managing personnel, overseeing contracts, & providing operational support to IHSC facilities. The role requires leadership, adaptability, & healthcare expertise. This position is only open to USPHS officers who are currently IHSC employees. USPHS Call to Active Duty (CAD) candidates are not eligible for this position.","$1-$150000 PA","Location Negotiable After Selection","The Health Operations Support Team Health Services Administrator supervises healthcare operations in IHSC. Responsibilities include ensuring compliance with policies, managing personnel, overseeing contracts, & providing operational support to IHSC facilities. The role requires leadership, adaptability, & healthcare expertise. This position is only open to USPHS officers who are currently IHSC employees. USPHS Call to Active Duty (CAD) candidates are not eligible for this position.","","","","2026-08-10T09:36:00.819800+00:00"
"USAJOBS","Police Officer (CAT/ERT)","Pentagon Force Protection Agency","https://www.usajobs.gov:443/job/851939900","This position is located in the PFPA, Law Enforcement Directorate, Pentagon Police Division. As a Police Officer, the primary responsibilities are force protection, security, and law enforcement in the NCR for the people, facilities, infrastructure, and other resources at the Pentagon Facilities. The incumbent serves on the Emergency Response Team (ERT) and Counter Assault Team (CAT) performing a full range of police officer functions in addition to ERT and CAT duties and responsibilities.","$79169-$136994 PA","Pentagon, Arlington, Virginia","This position is located in the PFPA, Law Enforcement Directorate, Pentagon Police Division. As a Police Officer, the primary responsibilities are force protection, security, and law enforcement in the NCR for the people, facilities, infrastructure, and other resources at the Pentagon Facilities. The incumbent serves on the Emergency Response Team (ERT) and Counter Assault Team (CAT) performing a full range of police officer functions in addition to ERT and CAT duties and responsibilities.","","","","2026-08-10T09:36:00.820973+00:00"
"USAJOBS","Advanced Diagnostic Radiologic Technologist - Mammography","Veterans Health Administration","https://www.usajobs.gov:443/job/851941700","This Diagnostic Radiologic Technologist (DRT), Mammography Technologist position is assigned to the Michael E. DeBakey VA Medical Center, Radiology Service, Mammography section within the facility.","$88253-$114726 PA","Houston, Texas","This Diagnostic Radiologic Technologist (DRT), Mammography Technologist position is assigned to the Michael E. DeBakey VA Medical Center, Radiology Service, Mammography section within the facility.","","","","2026-08-10T09:36:00.822023+00:00"
"USAJOBS","PROGRAM ANALYST","Air National Guard Units","https://www.usajobs.gov:443/job/851975300","This is a Washington Air National Guard Title 32 Excepted Service Unit Technician position: PROGRAM ANALYST Location: 194th Civil Engineering Flight Camp Murray, Washington 98430 Air National Guard Units Appointment Type: Temporary, indefinite, excepted service *Ensure you read this announcement in its entirety, complete all application requirements, and your USA Jobs profile name is accurate* Certain incentive(s) may be available pending funding and approval but are not guaranteed..","$76395-$99308 PA","Camp Murray, Washington","This is a Washington Air National Guard Title 32 Excepted Service Unit Technician position: PROGRAM ANALYST Location: 194th Civil Engineering Flight Camp Murray, Washington 98430 Air National Guard Units Appointment Type: Temporary, indefinite, excepted service *Ensure you read this announcement in its entirety, complete all application requirements, and your USA Jobs profile name is accurate* Certain incentive(s) may be available pending funding and approval but are not guaranteed..","","","","2026-08-10T09:36:00.822664+00:00"
"USAJOBS","Transportation Security Officer","Transportation Security Administration","https://www.usajobs.gov:443/job/852015100","Transportation Security Officers are responsible for providing security and protection of travelers across all transportation sectors in a courteous and professional manner. Their duties may also extend to securing high-profile events, important figures and/or anything that includes or impacts our transportation systems.","$46105-$56844 PA","Bangor, Maine","Transportation Security Officers are responsible for providing security and protection of travelers across all transportation sectors in a courteous and professional manner. Their duties may also extend to securing high-profile events, important figures and/or anything that includes or impacts our transportation systems.","","","","2026-08-10T09:36:00.823713+00:00"
"USAJOBS","Transportation Security Officer","Transportation Security Administration","https://www.usajobs.gov:443/job/852028400","Transportation Security Officers are responsible for providing security and protection of travelers across all transportation sectors in a courteous and professional manner. Their duties may also extend to securing high-profile events, important figures and/or anything that includes or impacts our transportation systems.","$46105-$56844 PA","Nashville, Tennessee","Transportation Security Officers are responsible for providing security and protection of travelers across all transportation sectors in a courteous and professional manner. Their duties may also extend to securing high-profile events, important figures and/or anything that includes or impacts our transportation systems.","","","","2026-08-10T09:36:00.824771+00:00"
"USAJOBS","Staff Physician - Ophthalmologist (Glaucoma Specialist)","Veterans Health Administration","https://www.usajobs.gov:443/job/852038000","The facility provides care to approximately 91,000 veterans in the midlands and upstate SC. CBOCs are located in Anderson, Greenville, Spartanburg, Florence, Orangeburg, Sumter, and Rock Hill, and provide primary care, mental health, and telemedicine services. Dorn VAMC is affiliated with the University of South Carolina (USC) School of Medicine and provides teaching services for students and residents. USC is the state's flagship research university with Schools of Medicine.","$123077-$400000 PA","Columbia, South Carolina","The facility provides care to approximately 91,000 veterans in the midlands and upstate SC. CBOCs are located in Anderson, Greenville, Spartanburg, Florence, Orangeburg, Sumter, and Rock Hill, and provide primary care, mental health, and telemedicine services. Dorn VAMC is affiliated with the University of South Carolina (USC) School of Medicine and provides teaching services for students and residents. USC is the state's flagship research university with Schools of Medicine.","","","","2026-08-10T09:36:00.825955+00:00"
"USAJOBS","SURFACE MAINTENANCE MECHANIC (TITLE 32)","Army National Guard Units","https://www.usajobs.gov:443/job/852080100","This National Guard position is for a SURFACE MAINTENANCE MECHANIC (TITLE 32), Position Description Number D1994000 in support of multiple FMS Shops with the Utah Army National Guard. This vacancy is OPEN to current members of the National Guard, and members of the public willing to join or transfer to the Utah Army National Guard. This is a 12 month roster used to fill multiple positions throughout the state. When applying, select desired location.","$21.45-$35.74 PH","Multiple Locations","This National Guard position is for a SURFACE MAINTENANCE MECHANIC (TITLE 32), Position Description Number D1994000 in support of multiple FMS Shops with the Utah Army National Guard. This vacancy is OPEN to current members of the National Guard, and members of the public willing to join or transfer to the Utah Army National Guard. This is a 12 month roster used to fill multiple positions throughout the state. When applying, select desired location.","","","","2026-08-10T09:36:00.827143+00:00"
"USAJOBS","POLICE OFFICER","U.S. Marine Corps","https://www.usajobs.gov:443/job/852093000","This is a public notice flyer to notify interested applicants of anticipated vacancies. Applications will not be accepted through this flyer. Interested applicants must follow the directions in the ""How to Apply"" section of this flyer to be considered. There may or may not be actual vacancies filled from this flyer. Notice of Result letters will not be sent to applicants who respond to this flyer.","$36825-$52426 PA","Bridgeport, California","This is a public notice flyer to notify interested applicants of anticipated vacancies. Applications will not be accepted through this flyer. Interested applicants must follow the directions in the ""How to Apply"" section of this flyer to be considered. There may or may not be actual vacancies filled from this flyer. Notice of Result letters will not be sent to applicants who respond to this flyer.","","","","2026-08-10T09:36:00.828341+00:00"
"USAJOBS","Assistant United States Attorney","Executive Office for U.S. Attorneys and the Office of the U.S. Attorneys","https://www.usajobs.gov:443/job/852096100","Please read entire announcement before applying. This is an open continuous announcement to fill current and future vacancies. Applicant lists will be pulled on 1/12/2026 and every thirty days thereafter until the closing date. Applications must be complete at the time when lists are pulled in order to be considered at that time. Announcement will remain open until positions are filled, but no later than August 31, 2026. As needed, additional positions may be filled using this announcement.","$87133-$195200 PA","Multiple Locations","Please read entire announcement before applying. This is an open continuous announcement to fill current and future vacancies. Applicant lists will be pulled on 1/12/2026 and every thirty days thereafter until the closing date. Applications must be complete at the time when lists are pulled in order to be considered at that time. Announcement will remain open until positions are filled, but no later than August 31, 2026. As needed, additional positions may be filled using this announcement.","","","","2026-08-10T09:36:00.829454+00:00"
"USAJOBS","POLICE OFFICER","U.S. Marine Corps","https://www.usajobs.gov:443/job/852115400","This is a public notice flyer to notify interested applicants of anticipated vacancies. Applications will not be accepted through this flyer. Interested applicants must follow the directions in the ""How to Apply"" section of this flyer to be considered. There may or may not be actual vacancies filled from this flyer. Notice of Result letters will not be sent to applicants who respond to this flyer.","$37439-$75722 PA","Barstow, California","This is a public notice flyer to notify interested applicants of anticipated vacancies. Applications will not be accepted through this flyer. Interested applicants must follow the directions in the ""How to Apply"" section of this flyer to be considered. There may or may not be actual vacancies filled from this flyer. Notice of Result letters will not be sent to applicants who respond to this flyer.","","","","2026-08-10T09:36:00.830711+00:00"
"USAJOBS","LEAD POLICE OFFICER","U.S. Marine Corps","https://www.usajobs.gov:443/job/852139400","This is a public notice flyer to notify interested applicants of anticipated vacancies. Applications will not be accepted through this flyer. Interested applicants must follow the directions in the ""How to Apply"" section of this flyer to be considered. There may or may not be actual vacancies filled from this flyer. Notice of Result letters will not be sent to applicants who respond to this flyer.","$55882-$80243 PA","Bridgeport, California","This is a public notice flyer to notify interested applicants of anticipated vacancies. Applications will not be accepted through this flyer. Interested applicants must follow the directions in the ""How to Apply"" section of this flyer to be considered. There may or may not be actual vacancies filled from this flyer. Notice of Result letters will not be sent to applicants who respond to this flyer.","","","","2026-08-10T09:36:00.831781+00:00"
"USAJOBS","NONDESTRUCTIVE TEST EXAMINING WORKER","Department of the Navy Headquarters","https://www.usajobs.gov:443/job/852147800","You will serve as a Nondestructive Test Examining Worker in the NDT Inspection Branch, Non-Nuclear Inspection and NDT Division, Quality Assurance Office of DEPARTMENT OF THE NAVY.","$32.21-$37.58 PH","Multiple Locations","You will serve as a Nondestructive Test Examining Worker in the NDT Inspection Branch, Non-Nuclear Inspection and NDT Division, Quality Assurance Office of DEPARTMENT OF THE NAVY.","","","","2026-08-10T09:36:00.832795+00:00"
"USAJOBS","Surgical Technician - Recruitment Incentive Authorized","Veterans Health Administration","https://www.usajobs.gov:443/job/852158400","Surgical Technician is an integral member of the surgical team and provide assistance to surgeon and other team members during surgical procedures ranging from local anesthesia cases (biopsies and excision) to vascular and micro-vascular surgery; including ear, hand. facial, and vascular reconstruction. Must be prepared to adapt to new procedures in a changing surgical environment participating with surgical team planning and implementing complex procedures under supervision of surgical team.","$54365-$70678 PA","Lexington, Kentucky","Surgical Technician is an integral member of the surgical team and provide assistance to surgeon and other team members during surgical procedures ranging from local anesthesia cases (biopsies and excision) to vascular and micro-vascular surgery; including ear, hand. facial, and vascular reconstruction. Must be prepared to adapt to new procedures in a changing surgical environment participating with surgical team planning and implementing complex procedures under supervision of surgical team.","","","","2026-08-10T09:36:00.833666+00:00"
"USAJOBS","Nurse Anesthetist (Intermittent)","Veterans Health Administration","https://www.usajobs.gov:443/job/852207800","The 2-page Resume requirement does not apply to this occupational series. For more information, refer to Required Documents below. This is an Open Continuous Announcement. Applications in USA Staffing will be qualified based on the resume submitted and qualified candidates will be referred to the hiring manager every 2 weeks until the announcement is closed, cancelled, or filled. Please note this is an Intermittent (as needed) position with the Fargo VA Health Care System in Fargo, ND VA.","$168134-$243733 PA","Fargo, North Dakota","The 2-page Resume requirement does not apply to this occupational series. For more information, refer to Required Documents below. This is an Open Continuous Announcement. Applications in USA Staffing will be qualified based on the resume submitted and qualified candidates will be referred to the hiring manager every 2 weeks until the announcement is closed, cancelled, or filled. Please note this is an Intermittent (as needed) position with the Fargo VA Health Care System in Fargo, ND VA.","","","","2026-08-10T09:36:00.834969+00:00"
"USAJOBS","Physician - Radiologist","Veterans Health Administration","https://www.usajobs.gov:443/job/852208600","This position is eligible for Education Debt Reduction Program (EDRP), a student loan payment reimbursement program. You must meet specific eligibility requirements per VHA policy and submit your EDRP application within four months of appointment. Program Approval, award amount (up to $200,000) & eligibility period (one to five years) are determined by the VHA Education Loan Repayment Services program office after review of the EDRP application. Former EDRP participants ineligible to apply.","$350000-$400000 PA","Columbia, South Carolina","This position is eligible for Education Debt Reduction Program (EDRP), a student loan payment reimbursement program. You must meet specific eligibility requirements per VHA policy and submit your EDRP application within four months of appointment. Program Approval, award amount (up to $200,000) & eligibility period (one to five years) are determined by the VHA Education Loan Repayment Services program office after review of the EDRP application. Former EDRP participants ineligible to apply.","","","","2026-08-10T09:36:00.836157+00:00"
"USAJOBS","Heavy Mobile Equipment Repairer","U.S. Army Reserve Command","https://www.usajobs.gov:443/job/852209100","This is a Direct Hire Authority (DHA) solicitation utilizing the DHA for Certain Personnel of the DoD Workforce to recruit and appoint qualified candidates to positions in the competitive service. About the Position: This is a military technician position with the 99th Readiness Division, Area Maintenance Support Activity (AMSA) 120 located in Wilkes Barre, PA. This position may offer a $5,000 recruitment bonus (see Additional Information Section).","$24.84-$28.99 PH","Wilkes Barre, Pennsylvania","This is a Direct Hire Authority (DHA) solicitation utilizing the DHA for Certain Personnel of the DoD Workforce to recruit and appoint qualified candidates to positions in the competitive service. About the Position: This is a military technician position with the 99th Readiness Division, Area Maintenance Support Activity (AMSA) 120 located in Wilkes Barre, PA. This position may offer a $5,000 recruitment bonus (see Additional Information Section).","","","","2026-08-10T09:36:00.837264+00:00"
"USAJOBS","HUMAN RESOURCES SPECIALIST (MILITARY) T32","Army National Guard Units","https://www.usajobs.gov:443/job/852230800","THIS IS A NATIONAL GUARD TITLE 32 EXCEPTED SERVICE POSITION. This National Guard position is for a HUMAN RESOURCES SPECIALIST (MILITARY) T32, PDD2054000 and is part of the AZ Camp Navajo, National Guard.","$61722-$80243 PA","Bellemont, Arizona","THIS IS A NATIONAL GUARD TITLE 32 EXCEPTED SERVICE POSITION. This National Guard position is for a HUMAN RESOURCES SPECIALIST (MILITARY) T32, PDD2054000 and is part of the AZ Camp Navajo, National Guard.","","","","2026-08-10T09:36:00.838288+00:00"
"USAJOBS","NRO OIG Auditor","Central Intelligence Agency","https://www.usajobs.gov:443/job/852268200","An Inspector General Financial Auditor-NRO conducts and oversees performance and financial-related audits to improve the effectiveness and efficiency of National Reconnaissance Office operations.","$75972-$120579 PA","Washington, District of Columbia","An Inspector General Financial Auditor-NRO conducts and oversees performance and financial-related audits to improve the effectiveness and efficiency of National Reconnaissance Office operations.","","","","2026-08-10T09:36:00.838834+00:00"
"USAJOBS","Public Notice for General Engineer (Direct Hire)","Federal Aviation Administration","https://www.usajobs.gov:443/job/852270000","Direct hiring authority for the 0801 series is being used to fill this position. Public Notices serve as a resume repository, and positions may or may not be filled from this announcement.","$34454-$162672 PA","May be filled in various FAA duty locations","Direct hiring authority for the 0801 series is being used to fill this position. Public Notices serve as a resume repository, and positions may or may not be filled from this announcement.","","","","2026-08-10T09:36:00.839514+00:00"
"USAJOBS","Public Notice for General Engineer (Direct Hire)","Federal Aviation Administration","https://www.usajobs.gov:443/job/852270300","Direct hiring authority for the 0801 series is being used to fill this position. Public Notices serve as a resume repository, and positions may or may not be filled from this announcement.","$52998-$172257 PA","May be filled in various FAA duty locations","Direct hiring authority for the 0801 series is being used to fill this position. Public Notices serve as a resume repository, and positions may or may not be filled from this announcement.","","","","2026-08-10T09:36:00.840066+00:00"
"USAJOBS","Public Notice for Aerospace Engineer (Direct Hire)","Federal Aviation Administration","https://www.usajobs.gov:443/job/852272900","Direct hiring authority for the 0861 series is being used to fill this position. Public Notices serve as a resume repository, and positions may or may not be filled from this announcement.","$34454-$162672 PA","May be filled in various FAA duty locations","Direct hiring authority for the 0861 series is being used to fill this position. Public Notices serve as a resume repository, and positions may or may not be filled from this announcement.","","","","2026-08-10T09:36:00.840622+00:00"
"USAJOBS","Public Notice for Aerospace Engineer (Direct Hire)","Federal Aviation Administration","https://www.usajobs.gov:443/job/852274600","Direct hiring authority for the 0861 series is being used to fill this position. Public Notices serve as a resume repository, and positions may or may not be filled from this announcement.","$52998-$172257 PA","May be filled in various FAA duty locations","Direct hiring authority for the 0861 series is being used to fill this position. Public Notices serve as a resume repository, and positions may or may not be filled from this announcement.","","","","2026-08-10T09:36:00.841173+00:00"
"USAJOBS","Assistant United States Attorney (Civil)","Executive Office for U.S. Attorneys and the Office of the U.S. Attorneys","https://www.usajobs.gov:443/job/852287400","The U.S. Attorney's Office for the Southern District of Texas is among the largest and busiest in the nation, spanning 43 counties and 44,000 square miles and representing 8.3 million people from the Houston area to the Mexico border. Employment with the U.S. Attorney's Office is a unique, challenging, and rewarding experience for the highly motivated attorney. This position is located in Laredo, Brownsville, Corpus Christi or McAllen, Texas.","$63163-$195100 PA","Multiple Locations","The U.S. Attorney's Office for the Southern District of Texas is among the largest and busiest in the nation, spanning 43 counties and 44,000 square miles and representing 8.3 million people from the Houston area to the Mexico border. Employment with the U.S. Attorney's Office is a unique, challenging, and rewarding experience for the highly motivated attorney. This position is located in Laredo, Brownsville, Corpus Christi or McAllen, Texas.","","","","2026-08-10T09:36:00.841799+00:00"
"USAJOBS","Dentist - Oral Surgeon","Veterans Health Administration","https://www.usajobs.gov:443/job/852289900","Columbia Veterans Health Administration is recruiting for a general practice dental officer, who will perform a full range of professional dental procedures in connection with the treatment of commonly encountered dental diseases or dental health problems requiring standard corrective, restorative, or preventive measures.","$123077-$400000 PA","Greenville, South Carolina","Columbia Veterans Health Administration is recruiting for a general practice dental officer, who will perform a full range of professional dental procedures in connection with the treatment of commonly encountered dental diseases or dental health problems requiring standard corrective, restorative, or preventive measures.","","","","2026-08-10T09:36:00.842839+00:00"
"USAJOBS","Transportation Security Officer","Transportation Security Administration","https://www.usajobs.gov:443/job/852312300","Transportation Security Officers are responsible for providing security and protection of travelers across all transportation sectors in a courteous and professional manner. Their duties may also extend to securing high-profile events, important figures and/or anything that includes or impacts our transportation systems.","$50716-$62528 PA","Moab, Utah","Transportation Security Officers are responsible for providing security and protection of travelers across all transportation sectors in a courteous and professional manner. Their duties may also extend to securing high-profile events, important figures and/or anything that includes or impacts our transportation systems.","","","","2026-08-10T09:36:00.843970+00:00"
"USAJOBS","AIRCRAFT MECHANIC","Army National Guard Units","https://www.usajobs.gov:443/job/852322600","This National Guard position is for a AIRCRAFT MECHANIC, Position Description Number D0483000 and is part of AASF 2, Nebraska Army National Guard.","$22.79-$36.15 PH","Grand Island, Nebraska","This National Guard position is for a AIRCRAFT MECHANIC, Position Description Number D0483000 and is part of AASF 2, Nebraska Army National Guard.","","","","2026-08-10T09:36:00.845071+00:00"
"USAJOBS","Food Service (Student Intern)","U.S. Air Force Academy","https://www.usajobs.gov:443/job/852338100","About the position: This position is Non-appropriated Fund (NAF) and will be assigned to the Mitchell Hall Cadet Dining, Air Force Academy, Colorado. This position does include benefits. Complete 180 hours of internship over 15 weeks for spring and 10 weeks for summer. Candidate must be current enrolled in accredited educational institution culinary program.","$17-$17 PH","Air Force Academy, Colorado","About the position: This position is Non-appropriated Fund (NAF) and will be assigned to the Mitchell Hall Cadet Dining, Air Force Academy, Colorado. This position does include benefits. Complete 180 hours of internship over 15 weeks for spring and 10 weeks for summer. Candidate must be current enrolled in accredited educational institution culinary program.","","","","2026-08-10T09:36:00.845581+00:00"
"USAJOBS","Contract Specialist (12 Month Register)","Defense Logistics Agency","https://www.usajobs.gov:443/job/852353600","This is an open-continuous announcement with an established initial cut-off date of Monday, February 02, 2026. Please see the ""How You Will Be Evaluated"" section for more information. See below for important information regarding this job. This position may be filled at grade levels GS-09, GS-11, and/or GS-12. Annual 2026 salary ranges (Steps 01 - 10) are listed below. GS-09: $68,013 - $88,421 GS-11: $82,289 - $106,982 GS-12: $98,630 - $128,221","$68013-$128221 PA","Philadelphia, Pennsylvania","This is an open-continuous announcement with an established initial cut-off date of Monday, February 02, 2026. Please see the ""How You Will Be Evaluated"" section for more information. See below for important information regarding this job. This position may be filled at grade levels GS-09, GS-11, and/or GS-12. Annual 2026 salary ranges (Steps 01 - 10) are listed below. GS-09: $68,013 - $88,421 GS-11: $82,289 - $106,982 GS-12: $98,630 - $128,221","","","","2026-08-10T09:36:00.847263+00:00"
"USAJOBS","NRO OIG Inspector","Central Intelligence Agency","https://www.usajobs.gov:443/job/852368000","This is a CIA position that will be assigned to the National Reconnaissance Offices' (NRO) Office of Inspector General (OIG). As a CIA officer working as a part of the NRO OIG you will report to the NRO OIG's Deputy Assistant Inspector General for Inspections and be responsible for conducting systematic and independent inspections and evaluations of the design, implementation, and results of NRO operations, programs, or policies.","$136658-$180484 PA","Washington, District of Columbia","This is a CIA position that will be assigned to the National Reconnaissance Offices' (NRO) Office of Inspector General (OIG). As a CIA officer working as a part of the NRO OIG you will report to the NRO OIG's Deputy Assistant Inspector General for Inspections and be responsible for conducting systematic and independent inspections and evaluations of the design, implementation, and results of NRO operations, programs, or policies.","","","","2026-08-10T09:36:00.849221+00:00"
"USAJOBS","AIRCRAFT ENGINE MECHANIC (TITLE 32)","Air National Guard Units","https://www.usajobs.gov:443/job/852410600","THIS IS A NATIONAL GUARD TITLE 32 EXCEPTED SERVICE POSITION. This National Guard position is for a AIRCRAFT ENGINE MECHANIC (TITLE 32), Position Description Number D1635000 and is part of the IL 126, National Guard.","$24.37-$39.53 PH","Scott AFB, Illinois","THIS IS A NATIONAL GUARD TITLE 32 EXCEPTED SERVICE POSITION. This National Guard position is for a AIRCRAFT ENGINE MECHANIC (TITLE 32), Position Description Number D1635000 and is part of the IL 126, National Guard.","","","","2026-08-10T09:36:00.850917+00:00"
"USAJOBS","Term Law Clerk","U.S. Courts","https://www.usajobs.gov:443/job/852447000","The U.S. District Court for the Eastern District of Virginia is seeking qualified applicants for a full-time Term Law Clerk to United States District Judge Elizabeth W. Hanes. The Court will consider applications for either a nine-month term (beginning in January 2026 and ending in August/September 2026) or a longer term (beginning in January 2026 and ending in August/September 2027). The applicant's cover letter should specify the date upon which they can begin work and their preference.","$75038-$106950 PA","Norfolk, Virginia","The U.S. District Court for the Eastern District of Virginia is seeking qualified applicants for a full-time Term Law Clerk to United States District Judge Elizabeth W. Hanes. The Court will consider applications for either a nine-month term (beginning in January 2026 and ending in August/September 2026) or a longer term (beginning in January 2026 and ending in August/September 2027). The applicant's cover letter should specify the date upon which they can begin work and their preference.","","","","2026-08-10T09:36:00.851654+00:00"
"USAJOBS","Heavy Mobile Equipment Repairer","U.S. Army Reserve Command","https://www.usajobs.gov:443/job/852456000","About the Position: This is a military technician position with the 99th Readiness Division, Equipment Concentration Site (ECS) 93, at Fort Eustis, Virginia. This position requires an active membership as a Soldier in the Army Reserve before a start date can be set. To learn more about minimum qualifications to join the Army Reserve, visit http://www.goarmy.com/reserve/jobs.html","$30.19-$35.22 PH","Fort Eustis, Virginia","About the Position: This is a military technician position with the 99th Readiness Division, Equipment Concentration Site (ECS) 93, at Fort Eustis, Virginia. This position requires an active membership as a Soldier in the Army Reserve before a start date can be set. To learn more about minimum qualifications to join the Army Reserve, visit http://www.goarmy.com/reserve/jobs.html","","","","2026-08-10T09:36:00.853376+00:00"
"USAJOBS","SURFACE MAINTENANCE MECHANIC","Army National Guard Units","https://www.usajobs.gov:443/job/852476000","This position is for a SURFACE MAINTENANCE MECHANIC, PD# D1194000, part of the Nevada Army National Guard. The purpose of this position is to perform maintenance, repair, troubleshooting, inspection, and/or overhaul of a variety of combat, tactical, commercial, and special purpose vehicles and equipment.","$32.31-$37.7 PH","Carson City, Nevada","This position is for a SURFACE MAINTENANCE MECHANIC, PD# D1194000, part of the Nevada Army National Guard. The purpose of this position is to perform maintenance, repair, troubleshooting, inspection, and/or overhaul of a variety of combat, tactical, commercial, and special purpose vehicles and equipment.","","","","2026-08-10T09:36:00.854325+00:00"
"USAJOBS","Advanced Practice Provider (O-3/O-4/O-5 Billet) Non-Supervisory","Immigration and Customs Enforcement","https://www.usajobs.gov:443/job/852484000","The Physician Assistant (PA) or Nurse Practitioner (NP) provides direct detainee care, including evaluations, minor procedures, and medication prescriptions. Coordinates referrals, ensures policy compliance, and mentors APPs. Requires licensure and certification. The incumbent reports directly to the Supervisory APP. If no Supervisory APP is on-site, the incumbent reports to the facility Clinical Director. This position is only open to USPHS officers and Call to Active Duty (CAD) candidates.","$1-$150000 PA","Tacoma, Washington","The Physician Assistant (PA) or Nurse Practitioner (NP) provides direct detainee care, including evaluations, minor procedures, and medication prescriptions. Coordinates referrals, ensures policy compliance, and mentors APPs. Requires licensure and certification. The incumbent reports directly to the Supervisory APP. If no Supervisory APP is on-site, the incumbent reports to the facility Clinical Director. This position is only open to USPHS officers and Call to Active Duty (CAD) candidates.","","","","2026-08-10T09:36:00.855153+00:00"
"USAJOBS","Transportation Security Officer","Transportation Security Administration","https://www.usajobs.gov:443/job/852492900","Transportation Security Officers are responsible for providing security and protection of travelers across all transportation sectors in a courteous and professional manner. Their duties may also extend to securing high-profile events, important figures and/or anything that includes or impacts our transportation systems.","$40736-$56844 PA","Waterloo, Iowa","Transportation Security Officers are responsible for providing security and protection of travelers across all transportation sectors in a courteous and professional manner. Their duties may also extend to securing high-profile events, important figures and/or anything that includes or impacts our transportation systems.","","","","2026-08-10T09:36:00.856329+00:00"
"USAJOBS","Transportation Security Officer","Transportation Security Administration","https://www.usajobs.gov:443/job/852494300","Transportation Security Officers are responsible for providing security and protection of travelers across all transportation sectors in a courteous and professional manner. Their duties may also extend to securing high-profile events, important figures and/or anything that includes or impacts our transportation systems.","$40736-$56844 PA","Mason City, Iowa","Transportation Security Officers are responsible for providing security and protection of travelers across all transportation sectors in a courteous and professional manner. Their duties may also extend to securing high-profile events, important figures and/or anything that includes or impacts our transportation systems.","","","","2026-08-10T09:36:00.857475+00:00"
"USAJOBS","SMALL ARMS REPAIRER","Army National Guard Units","https://www.usajobs.gov:443/job/852499100","This position is for a SMALL ARMS REPAIRER, PD# D1227000, part of the Nevada Army National Guard. The purpose of this position is perform maintenance, repair, and inspections on small arms and related devices. The primary purposes are to provide maintenance repair and accurization of national match weapons.","$30.71-$35.83 PH","Carson City, Nevada","This position is for a SMALL ARMS REPAIRER, PD# D1227000, part of the Nevada Army National Guard. The purpose of this position is perform maintenance, repair, and inspections on small arms and related devices. The primary purposes are to provide maintenance repair and accurization of national match weapons.","","","","2026-08-10T09:36:00.858625+00:00"
"USAJOBS","SURFACE MAINTENANCE MECHANIC","Army National Guard Units","https://www.usajobs.gov:443/job/852500100","This position is for a SURFACE MAINTENANCE MECHANIC, PD# D1195000, part of the Nevada Army National Guard. The purpose of this position is to troubleshoot, repair, maintain, inspect, and/or overhaul a variety of complex combat, tactical, commercial, and special purpose vehicles and equipment having complicated mechanical and non-mechanical systems with a variety ofinter connected systems. Provides technical guidance and specialized team leadership to lower grade employees.","$33.74-$39.35 PH","Carson City, Nevada","This position is for a SURFACE MAINTENANCE MECHANIC, PD# D1195000, part of the Nevada Army National Guard. The purpose of this position is to troubleshoot, repair, maintain, inspect, and/or overhaul a variety of complex combat, tactical, commercial, and special purpose vehicles and equipment having complicated mechanical and non-mechanical systems with a variety ofinter connected systems. Provides technical guidance and specialized team leadership to lower grade employees.","","","","2026-08-10T09:36:00.859452+00:00"
"USAJOBS","Physician (Obstetrics and Gynecology)","Military Treatment Facilities under DHA","https://www.usajobs.gov:443/job/852509000","About the Position: This is an open continuous announcement. Multiple vacancies exist and may be filled from this announcement at any of the locations listed. We accept applications on an ongoing basis; qualified applicants will be considered as vacancies become available. This is a Direct Hire Solicitation.","$123077-$400000 PA","El Paso, Texas","About the Position: This is an open continuous announcement. Multiple vacancies exist and may be filled from this announcement at any of the locations listed. We accept applications on an ongoing basis; qualified applicants will be considered as vacancies become available. This is a Direct Hire Solicitation.","","","","2026-08-10T09:36:00.860585+00:00"
"USAJOBS","POLICE OFFICER (FIELD TRAINING OFFICER)","U.S. Marine Corps","https://www.usajobs.gov:443/job/852593800","This is a public notice flyer to notify interested applicants of anticipated vacancies. Applications will not be accepted through this flyer. Interested applicants must follow the directions in the ""How to Apply"" section of this flyer to be considered. There may or may not be actual vacancies filled from this flyer. Notice of Result letters will not be sent to applicants who respond to this flyer.","$58244-$83859 PA","Barstow, California","This is a public notice flyer to notify interested applicants of anticipated vacancies. Applications will not be accepted through this flyer. Interested applicants must follow the directions in the ""How to Apply"" section of this flyer to be considered. There may or may not be actual vacancies filled from this flyer. Notice of Result letters will not be sent to applicants who respond to this flyer.","","","","2026-08-10T09:36:00.861457+00:00"
"USAJOBS","Food and Beverage Attendant (Snack Bar) NA-02","United States Army Installation Management Command","https://www.usajobs.gov:443/job/852593900","This position is located at the Peak but may fill other vacancies in the Business Recreation Division. This position is for Directorate of Family and Morale, Welfare and Recreation (FMWR) at Fort Drum, New York. FMWR includes Child and Youth Services, Business Recreation, and Support Services, which enable Soldier readiness, support the resilience and well-being of Soldiers and Families. Incentives and Bonuses Incentives will NOT be paid.","$18.23-$21.27 PH","Fort Drum, New York","This position is located at the Peak but may fill other vacancies in the Business Recreation Division. This position is for Directorate of Family and Morale, Welfare and Recreation (FMWR) at Fort Drum, New York. FMWR includes Child and Youth Services, Business Recreation, and Support Services, which enable Soldier readiness, support the resilience and well-being of Soldiers and Families. Incentives and Bonuses Incentives will NOT be paid.","","","","2026-08-10T09:36:00.862529+00:00"
"USAJOBS","Airplane Pilot/Helicopter Pilot","Department of the Air Force Headquarters","https://www.usajobs.gov:443/job/852601300","Your application will remain active through the open period of this Public Notice. Once this Public Notice closes, you must reapply. Please read this Public Notice in its entirety prior to submitting your application for consideration. Positions may be filled as permanent or term with a full-time work schedule. Pay will vary by geographic location, please click here to review pay tables.","$76463-$197200 PA","Multiple Locations","Your application will remain active through the open period of this Public Notice. Once this Public Notice closes, you must reapply. Please read this Public Notice in its entirety prior to submitting your application for consideration. Positions may be filled as permanent or term with a full-time work schedule. Pay will vary by geographic location, please click here to review pay tables.","","","","2026-08-10T09:36:00.863693+00:00"
"USAJOBS","Bartender NA-04","United States Army Installation Management Command","https://www.usajobs.gov:443/job/852612400","This position is located at the Peak but may fill other vacancies in the Business Recreation Division. This position is for Directorate of Family and Morale, Welfare and Recreation (FMWR) at Fort Drum, New York. FMWR includes Child and Youth Services, Business Recreation, and Support Services, which enable Soldier readiness, support the resilience and well-being of Soldiers and Families. Incentives and Bonuses Incentives will NOT be paid.","$19.96-$23.29 PH","Fort Drum, New York","This position is located at the Peak but may fill other vacancies in the Business Recreation Division. This position is for Directorate of Family and Morale, Welfare and Recreation (FMWR) at Fort Drum, New York. FMWR includes Child and Youth Services, Business Recreation, and Support Services, which enable Soldier readiness, support the resilience and well-being of Soldiers and Families. Incentives and Bonuses Incentives will NOT be paid.","","","","2026-08-10T09:36:00.865140+00:00"
"USAJOBS","Heath Technician (Hearing Instrument Specialist)","Veterans Health Administration","https://www.usajobs.gov:443/job/852631300","This position is located in the Audiology and Speech-Language Pathology Service (ASPS) at James H. Quillen VA Medical Center (VAMC) in Mountain Home, TN. The duties and responsibilities are to be carried out in all clinical and other patient care areas involved with the ASPS service. The Health Technician (Hearing Instrument Specialist) [HIS] supports the function of the clinical programs in ASPS.","$40332-$58445 PA","Johnson City, Tennessee","This position is located in the Audiology and Speech-Language Pathology Service (ASPS) at James H. Quillen VA Medical Center (VAMC) in Mountain Home, TN. The duties and responsibilities are to be carried out in all clinical and other patient care areas involved with the ASPS service. The Health Technician (Hearing Instrument Specialist) [HIS] supports the function of the clinical programs in ASPS.","","","","2026-08-10T09:36:00.866218+00:00"
"USAJOBS","Social Worker (Family Advocacy)","U.S. Army Medical Command","https://www.usajobs.gov:443/job/852642200","This is a Direct Hire Authority (DHA) solicitation utilizing the DHA for Certain Personnel of the DoD Workforce to recruit and appoint qualified candidates to positions in the competitive service. About the Position: This is an open continuous announcement. Multiple vacancies exist and may be filled from this announcement at any of the locations listed. We accept applications on an ongoing basis; qualified applicants will be considered as vacancies become available.","$88621-$115213 PA","Multiple Locations","This is a Direct Hire Authority (DHA) solicitation utilizing the DHA for Certain Personnel of the DoD Workforce to recruit and appoint qualified candidates to positions in the competitive service. About the Position: This is an open continuous announcement. Multiple vacancies exist and may be filled from this announcement at any of the locations listed. We accept applications on an ongoing basis; qualified applicants will be considered as vacancies become available.","","","","2026-08-10T09:36:00.867250+00:00"
"USAJOBS","COMPUTER SCIENTIST","Air Force Civilian Career Training","https://www.usajobs.gov:443/job/852682400","Force Renewal Programs are designed to attract students & recent graduates with management/leadership potential to careers as Federal employees with the Air Force Civilian Service. This is accomplished by recruiting & selecting high-caliber candidates & training them to become competent, effective, & productive employees in a variety of career fields, providing training & developmental opportunities, & preparing them to successfully complete required training & developmental assignments.","$56763-$88225 PA","Location Negotiable After Selection","Force Renewal Programs are designed to attract students & recent graduates with management/leadership potential to careers as Federal employees with the Air Force Civilian Service. This is accomplished by recruiting & selecting high-caliber candidates & training them to become competent, effective, & productive employees in a variety of career fields, providing training & developmental opportunities, & preparing them to successfully complete required training & developmental assignments.","","","","2026-08-10T09:36:00.868474+00:00"
"USAJOBS","SURFACE MAINTENANCE REPAIRER","Army National Guard Units","https://www.usajobs.gov:443/job/852699800","Opened Area(s) of Consideration: 1, 2, 3 DEFINITION OF AREA(S) OF CONSIDERATION: Area 1 - AKNG Permanent or Indefinite technicians. Area 2 - All AKNG members. Area 3 - All other current military members who are eligible to join the Alaska Army National Guard. PDCN: D1193000 Selecting Supervisor: Jason A. Giese","$35.05-$40.91 PH","Fort Richardson, Alaska","Opened Area(s) of Consideration: 1, 2, 3 DEFINITION OF AREA(S) OF CONSIDERATION: Area 1 - AKNG Permanent or Indefinite technicians. Area 2 - All AKNG members. Area 3 - All other current military members who are eligible to join the Alaska Army National Guard. PDCN: D1193000 Selecting Supervisor: Jason A. Giese","","","","2026-08-10T09:36:00.870060+00:00"
"USAJOBS","TRAINING TECHNICIAN","Air National Guard Units","https://www.usajobs.gov:443/job/852736300","Opened Area(s) of Consideration: 1, 2, 3 DEFINITION OF AREA(S) OF CONSIDERATION: Area 1 - AKNG Permanent or Indefinite technicians. Area 2 - All AKNG members. Area 3 - All other current military members who are eligible to join the Alaska Air National Guard. PDCN: D2509000 MPCN: 3400860668 Selecting Supervisor: Kevin M. Perez","$69099-$89826 PA","Eielson AFB, Alaska","Opened Area(s) of Consideration: 1, 2, 3 DEFINITION OF AREA(S) OF CONSIDERATION: Area 1 - AKNG Permanent or Indefinite technicians. Area 2 - All AKNG members. Area 3 - All other current military members who are eligible to join the Alaska Air National Guard. PDCN: D2509000 MPCN: 3400860668 Selecting Supervisor: Kevin M. Perez","","","","2026-08-10T09:36:00.871177+00:00"
"USAJOBS","Advanced Practice Nurse (Certified Registered Nurse Anesthetist)","Veterans Health Administration","https://www.usajobs.gov:443/job/852790500","This position is eligible for the Education Debt Reduction Program (EDRP), a student loan payment reimbursement program. You must meet specific eligibility requirements per VHA policy and submit your EDRP application within four months of appointment. Program approval, award amount (up to $200,000) & eligibility period (1 to 5 years) are determined by the VHA Education Loan Repayment Services program office after review of the EDRP application. Former EDRP participants are ineligible to apply.","$161086-$233519 PA","Salt Lake City, Utah","This position is eligible for the Education Debt Reduction Program (EDRP), a student loan payment reimbursement program. You must meet specific eligibility requirements per VHA policy and submit your EDRP application within four months of appointment. Program approval, award amount (up to $200,000) & eligibility period (1 to 5 years) are determined by the VHA Education Loan Repayment Services program office after review of the EDRP application. Former EDRP participants are ineligible to apply.","","","","2026-08-10T09:36:00.872386+00:00"
"USAJOBS","Staff Psychologist - RECRUITMENT/RELOCATION INCENTIVE, EDRP AVAILABLE","Veterans Health Administration","https://www.usajobs.gov:443/job/852793900","This position is eligible for the Education Debt Reduction Program (EDRP), a student loan payment reimbursement program. You must meet specific individual eligibility requirements in accordance with VHA policy and submit your EDRP application within four months of appointment. Program Approval, award amount (up to $200,000) and eligibility period (one to five years) are determined by the VHA Education Loan Repayment Services program office after complete review of the EDRP application.","$88479-$163941 PA","El Paso, Texas","This position is eligible for the Education Debt Reduction Program (EDRP), a student loan payment reimbursement program. You must meet specific individual eligibility requirements in accordance with VHA policy and submit your EDRP application within four months of appointment. Program Approval, award amount (up to $200,000) and eligibility period (one to five years) are determined by the VHA Education Loan Repayment Services program office after complete review of the EDRP application.","","","","2026-08-10T09:36:00.873597+00:00"
"USAJOBS","Transportation Security Officer","Transportation Security Administration","https://www.usajobs.gov:443/job/852801900","Transportation Security Officers are responsible for providing security and protection of travelers across all transportation sectors in a courteous and professional manner. Their duties may also extend to securing high-profile events, important figures and/or anything that includes or impacts our transportation systems.","$71941-$89373 PA","Nome, Alaska","Transportation Security Officers are responsible for providing security and protection of travelers across all transportation sectors in a courteous and professional manner. Their duties may also extend to securing high-profile events, important figures and/or anything that includes or impacts our transportation systems.","","","","2026-08-10T09:36:00.874753+00:00"
"USAJOBS","Transportation Security Officer","Transportation Security Administration","https://www.usajobs.gov:443/job/852807700","Transportation Security Officers are responsible for providing security and protection of travelers across all transportation sectors in a courteous and professional manner. Their duties may also extend to securing high-profile events, important figures and/or anything that includes or impacts our transportation systems.","$52908-$65232 PA","Anchorage, Alaska","Transportation Security Officers are responsible for providing security and protection of travelers across all transportation sectors in a courteous and professional manner. Their duties may also extend to securing high-profile events, important figures and/or anything that includes or impacts our transportation systems.","","","","2026-08-10T09:36:00.875850+00:00"
"USAJOBS","Transportation Security Officer","Transportation Security Administration","https://www.usajobs.gov:443/job/852811100","Transportation Security Officers are responsible for providing security and protection of travelers across all transportation sectors in a courteous and professional manner. Their duties may also extend to securing high-profile events, important figures and/or anything that includes or impacts our transportation systems.","$56302-$69512 PA","Sitka, Alaska","Transportation Security Officers are responsible for providing security and protection of travelers across all transportation sectors in a courteous and professional manner. Their duties may also extend to securing high-profile events, important figures and/or anything that includes or impacts our transportation systems.","","","","2026-08-10T09:36:00.876987+00:00"
"USAJOBS","Assistant United States Attorney (AUSA) Open Continuous","Executive Office for U.S. Attorneys and the Office of the U.S. Attorneys","https://www.usajobs.gov:443/job/852814700","The U.S. Attorney's Office for the District of Columbia is unique in the size and the scope of its work. It serves as both the local and the federal prosecutor for the nation's capital. AUSAs assigned to the Superior Court Division prosecute D.C. Code offenses ranging from misdemeanors to homicides. AUSAs assigned to the Criminal Division prosecute a broad range of U.S. Code violations.","$87815-$197100 PA","Washington, District of Columbia","The U.S. Attorney's Office for the District of Columbia is unique in the size and the scope of its work. It serves as both the local and the federal prosecutor for the nation's capital. AUSAs assigned to the Superior Court Division prosecute D.C. Code offenses ranging from misdemeanors to homicides. AUSAs assigned to the Criminal Division prosecute a broad range of U.S. Code violations.","","","","2026-08-10T09:36:00.878147+00:00"
"USAJOBS","PREVENTION SPECIALIST","Department of the Air Force Headquarters","https://www.usajobs.gov:443/job/852814800","Click on ""Learn more about this agency"" button below for IMPORTANT additional information. The primary purpose of this position is to serve as Prevention Specialist at an Air or Space Force installation.","$52205-$162672 PA","Multiple Locations","Click on ""Learn more about this agency"" button below for IMPORTANT additional information. The primary purpose of this position is to serve as Prevention Specialist at an Air or Space Force installation.","","","","2026-08-10T09:36:00.879160+00:00"
"USAJOBS","RECREATION AID (LIFEGUARD)","Air Mobility Command","https://www.usajobs.gov:443/job/852821600","About the position: This position is Non-appropriated Fund (NAF) and will be assigned to the Joint Base Charleston or Naval Weapons Station Base Pool. Will be determined by the facility. May work have to work at both the Charleston Air Force Base and Weapon Station which is be determined by the facility. Physical Effort: Must be physically fit and be capable of lifting and moving up to 40 pounds.","$16.5-$16.5 PH","Multiple Locations","About the position: This position is Non-appropriated Fund (NAF) and will be assigned to the Joint Base Charleston or Naval Weapons Station Base Pool. Will be determined by the facility. May work have to work at both the Charleston Air Force Base and Weapon Station which is be determined by the facility. Physical Effort: Must be physically fit and be capable of lifting and moving up to 40 pounds.","","","","2026-08-10T09:36:00.879825+00:00"
"USAJOBS","Heavy Mobile Equipment Repairer","U.S. Army Reserve Command","https://www.usajobs.gov:443/job/852836100","This is a Direct Hire Authority (DHA) solicitation utilizing the DHA for Certain Personnel of the DoD Workforce to recruit and appoint qualified candidates to positions in the competitive service. About the Position: This position is a military technician position with the 99th Readiness Division, Area Maintenance Support Activity (AMSA) 107 located in Charleston, West Virginia.","$27.41-$32 PH","Charleston, West Virginia","This is a Direct Hire Authority (DHA) solicitation utilizing the DHA for Certain Personnel of the DoD Workforce to recruit and appoint qualified candidates to positions in the competitive service. About the Position: This position is a military technician position with the 99th Readiness Division, Area Maintenance Support Activity (AMSA) 107 located in Charleston, West Virginia.","","","","2026-08-10T09:36:00.880866+00:00"
"USAJOBS","Heavy Mobile Equipment Repairer","U.S. Army Reserve Command","https://www.usajobs.gov:443/job/852858100","This is a Direct Hire Authority (DHA) solicitation utilizing the DHA for Certain Personnel of the DoD Workforce to recruit and appoint qualified candidates to positions in the competitive service. About the Position: This is a military technician position with the 99th Readiness Division, Area Maintenance Support Activity (AMSA) 72, located in Westover Air Reserve Base, Massachusetts.","$27.82-$32.56 PH","Westover Air Reserve Base, Massachusetts","This is a Direct Hire Authority (DHA) solicitation utilizing the DHA for Certain Personnel of the DoD Workforce to recruit and appoint qualified candidates to positions in the competitive service. About the Position: This is a military technician position with the 99th Readiness Division, Area Maintenance Support Activity (AMSA) 72, located in Westover Air Reserve Base, Massachusetts.","","","","2026-08-10T09:36:00.881832+00:00"
"USAJOBS","Chemist","Department of the Air Force Headquarters","https://www.usajobs.gov:443/job/852868300","Click on ""Learn more about this agency"" button below for IMPORTANT additional information. This is a Direct Hire Solicitation. This public notice is to gather applications that may or may not result in a referral or selection.","$63795-$164301 PA","Multiple Locations","Click on ""Learn more about this agency"" button below for IMPORTANT additional information. This is a Direct Hire Solicitation. This public notice is to gather applications that may or may not result in a referral or selection.","","","","2026-08-10T09:36:00.882808+00:00"
"USAJOBS","Mathematician","Department of the Air Force Headquarters","https://www.usajobs.gov:443/job/852876400","Click on ""Learn more about this agency"" button below for IMPORTANT additional information. This is a Direct Hire Solicitation. This public notice is to gather applications that may or may not result in a referral or selection.","$63795-$164301 PA","Multiple Locations","Click on ""Learn more about this agency"" button below for IMPORTANT additional information. This is a Direct Hire Solicitation. This public notice is to gather applications that may or may not result in a referral or selection.","","","","2026-08-10T09:36:00.883471+00:00"
"USAJOBS","Mathematical Statistics Series","Department of the Air Force Headquarters","https://www.usajobs.gov:443/job/852879600","Click on ""Learn more about this agency"" button below for IMPORTANT additional information. This is a Direct Hire Solicitation. This public notice is to gather applications that may or may not result in a referral or selection.","$63795-$164301 PA","Multiple Locations","Click on ""Learn more about this agency"" button below for IMPORTANT additional information. This is a Direct Hire Solicitation. This public notice is to gather applications that may or may not result in a referral or selection.","","","","2026-08-10T09:36:00.884194+00:00"
"USAJOBS","Computer Scientist","Department of the Air Force Headquarters","https://www.usajobs.gov:443/job/852882500","Click on ""Learn more about this agency"" button below for IMPORTANT additional information. This is a Direct Hire Solicitation. This public notice is to gather applications that may or may not result in a referral or selection.","$76463-$164301 PA","Multiple Locations","Click on ""Learn more about this agency"" button below for IMPORTANT additional information. This is a Direct Hire Solicitation. This public notice is to gather applications that may or may not result in a referral or selection.","","","","2026-08-10T09:36:00.884865+00:00"
"USAJOBS","Transportation Security Officer","Transportation Security Administration","https://www.usajobs.gov:443/job/852882700","Transportation Security Officers are responsible for providing security and protection of travelers across all transportation sectors in a courteous and professional manner. Their duties may also extend to securing high-profile events, important figures and/or anything that includes or impacts our transportation systems.","$48410-$59686 PA","Bismarck, North Dakota","Transportation Security Officers are responsible for providing security and protection of travelers across all transportation sectors in a courteous and professional manner. Their duties may also extend to securing high-profile events, important figures and/or anything that includes or impacts our transportation systems.","","","","2026-08-10T09:36:00.885541+00:00"
"USAJOBS","Transportation Security Officer","Transportation Security Administration","https://www.usajobs.gov:443/job/852886600","Transportation Security Officers are responsible for providing security and protection of travelers across all transportation sectors in a courteous and professional manner. Their duties may also extend to securing high-profile events, important figures and/or anything that includes or impacts our transportation systems.","$48410-$59686 PA","Elko, Nevada","Transportation Security Officers are responsible for providing security and protection of travelers across all transportation sectors in a courteous and professional manner. Their duties may also extend to securing high-profile events, important figures and/or anything that includes or impacts our transportation systems.","","","","2026-08-10T09:36:00.886678+00:00"
"USAJOBS","Trial Attorney (Civil Rights) - Open Continuous","Equal Employment Opportunity Commission","https://www.usajobs.gov:443/job/852892800","As a Trial Attorney (Civil Rights) at the GS-0905-13/14, you will be part of the Office of General Counsel, Equal Employment Opportunity Commission. If selected, you will have the full range of responsibilities for preparing and litigating employment discrimination cases under all of the federal statues enforced by the EEOC. The selectee will be required to have a duty station at one of the 53 EEOC Field Offices.","$90025-$138296 PA","Multiple Locations","As a Trial Attorney (Civil Rights) at the GS-0905-13/14, you will be part of the Office of General Counsel, Equal Employment Opportunity Commission. If selected, you will have the full range of responsibilities for preparing and litigating employment discrimination cases under all of the federal statues enforced by the EEOC. The selectee will be required to have a duty station at one of the 53 EEOC Field Offices.","","","","2026-08-10T09:36:00.887814+00:00"
"USAJOBS","Transportation Security Officer","Transportation Security Administration","https://www.usajobs.gov:443/job/852902200","Transportation Security Officers are responsible for providing security and protection of travelers across all transportation sectors in a courteous and professional manner. Their duties may also extend to securing high-profile events, important figures and/or anything that includes or impacts our transportation systems.","$53021-$65371 PA","Williston, North Dakota","Transportation Security Officers are responsible for providing security and protection of travelers across all transportation sectors in a courteous and professional manner. Their duties may also extend to securing high-profile events, important figures and/or anything that includes or impacts our transportation systems.","","","","2026-08-10T09:36:00.889218+00:00"
"USAJOBS","Nursing Assistant","Veterans Health Administration","https://www.usajobs.gov:443/job/852902500","This is an open continuous announcement until September 30, 2026. Applications will be accepted on an ongoing basis. Qualified candidates will be considered as vacancies become available. Salary Ranges: GS 3: $39,532 - $51,386 GS 4: $42,229 - $54,904 GS 5: $47,247 - $61,415","$39532-$61415 PA","Tomah, Wisconsin","This is an open continuous announcement until September 30, 2026. Applications will be accepted on an ongoing basis. Qualified candidates will be considered as vacancies become available. Salary Ranges: GS 3: $39,532 - $51,386 GS 4: $42,229 - $54,904 GS 5: $47,247 - $61,415","","","","2026-08-10T09:36:00.890266+00:00"
"USAJOBS","Transportation Security Officer","Transportation Security Administration","https://www.usajobs.gov:443/job/852930100","Transportation Security Officers are responsible for providing security and protection of travelers across all transportation sectors in a courteous and professional manner. Their duties may also extend to securing high-profile events, important figures and/or anything that includes or impacts our transportation systems.","$46105-$56844 PA","Dodge City, Kansas","Transportation Security Officers are responsible for providing security and protection of travelers across all transportation sectors in a courteous and professional manner. Their duties may also extend to securing high-profile events, important figures and/or anything that includes or impacts our transportation systems.","","","","2026-08-10T09:36:00.890984+00:00"
"USAJOBS","Transportation Security Officer","Transportation Security Administration","https://www.usajobs.gov:443/job/852934500","Transportation Security Officers are responsible for providing security and protection of travelers across all transportation sectors in a courteous and professional manner. Their duties may also extend to securing high-profile events, important figures and/or anything that includes or impacts our transportation systems.","$46105-$56844 PA","Traverse City, Michigan","Transportation Security Officers are responsible for providing security and protection of travelers across all transportation sectors in a courteous and professional manner. Their duties may also extend to securing high-profile events, important figures and/or anything that includes or impacts our transportation systems.","","","","2026-08-10T09:36:00.892067+00:00"
"USAJOBS","Diagnostic Radiologic Technologist (General Radiology)","Veterans Health Administration","https://www.usajobs.gov:443/job/852938100","The incumbent is at the senior performance level as a staff advanced Diagnostic Radiologic Technologist (DRT) in General Radiology within the Ralph H. Johnson VA HealthCare System. The DRT at this level performs routine to complex radiographic examinations and procedures to both inpatients and outpatients using diagnostic imaging equipment such as digital radiographic units, fluoroscopic units, portable equipment, and DEXA (Dual energy X-ray Absorptiometry) machines.","$66125-$81785 PA","Charleston, South Carolina","The incumbent is at the senior performance level as a staff advanced Diagnostic Radiologic Technologist (DRT) in General Radiology within the Ralph H. Johnson VA HealthCare System. The DRT at this level performs routine to complex radiographic examinations and procedures to both inpatients and outpatients using diagnostic imaging equipment such as digital radiographic units, fluoroscopic units, portable equipment, and DEXA (Dual energy X-ray Absorptiometry) machines.","","","","2026-08-10T09:36:00.893170+00:00"
"USAJOBS","SURFACE MAINTENANCE REPAIRER","Army National Guard Units","https://www.usajobs.gov:443/job/852947100","This position is for a SURFACE MAINTENANCE REPAIRER, PD# D1193000, part of the Nevada Army National Guard. This position is located in the Joint Forces Headquarters-State, Logistics Directorate, Surface Maintenance Facility. The purpose of this position is to perform limited diagnosis, routine repairs, and maintenance on combat, tactical, commercial, and special purpose vehicles and equipment. May assist higher graded mechanics in the performance of maintenance duties.","$28.1-$32.79 PH","Stead AFB, Nevada","This position is for a SURFACE MAINTENANCE REPAIRER, PD# D1193000, part of the Nevada Army National Guard. This position is located in the Joint Forces Headquarters-State, Logistics Directorate, Surface Maintenance Facility. The purpose of this position is to perform limited diagnosis, routine repairs, and maintenance on combat, tactical, commercial, and special purpose vehicles and equipment. May assist higher graded mechanics in the performance of maintenance duties.","","","","2026-08-10T09:36:00.894721+00:00"
"USAJOBS","Transportation Security Officer","Transportation Security Administration","https://www.usajobs.gov:443/job/852967600","Transportation Security Officers are responsible for providing security and protection of travelers across all transportation sectors in a courteous and professional manner. Their duties may also extend to securing high-profile events, important figures and/or anything that includes or impacts our transportation systems.","$46105-$56844 PA","Hailey, Idaho","Transportation Security Officers are responsible for providing security and protection of travelers across all transportation sectors in a courteous and professional manner. Their duties may also extend to securing high-profile events, important figures and/or anything that includes or impacts our transportation systems.","","","","2026-08-10T09:36:00.895865+00:00"
"USAJOBS","Sexual Assault Prevention and Response Program Manager","Department of the Air Force Headquarters","https://www.usajobs.gov:443/job/852969100","Click on ""Learn more about this agency"" button below for IMPORTANT additional information. The primary purpose of this position is to implement and manage the installation level Sexual Assault Prevention and Response Program and serve as consultant to the installation or host Wing Commander (WG/CC) or delegated Vice Wing Commander (WG/CV) on institutionalizing core values for the Department of the Air Force.","$63795-$99404 PA","Multiple Locations","Click on ""Learn more about this agency"" button below for IMPORTANT additional information. The primary purpose of this position is to implement and manage the installation level Sexual Assault Prevention and Response Program and serve as consultant to the installation or host Wing Commander (WG/CC) or delegated Vice Wing Commander (WG/CV) on institutionalizing core values for the Department of the Air Force.","","","","2026-08-10T09:36:00.897027+00:00"
"USAJOBS","PREVENTION SPECIALIST","Department of the Air Force Headquarters","https://www.usajobs.gov:443/job/852980600","Click on ""Learn more about this agency"" button below for IMPORTANT additional information. This DHA public notice encompasses a variety of job titles listed below: Strategic Communications Branch Chief, 9LAR50375 Strategy and Communication Analyst (PREV WF) PD: 9LAR8049 Executive Staff Support Officer (PREV WF) PD 9L64455 Strategy and Communication Analyst (PREV WF) PD 9LAR7458 Deputy Director, Integrated Resilience Directorate (PREV WF) PD 9LAR4937 Program Elements Analyst (PREV WF) PD 04486","$61722-$192331 PA","Multiple Locations","Click on ""Learn more about this agency"" button below for IMPORTANT additional information. This DHA public notice encompasses a variety of job titles listed below: Strategic Communications Branch Chief, 9LAR50375 Strategy and Communication Analyst (PREV WF) PD: 9LAR8049 Executive Staff Support Officer (PREV WF) PD 9L64455 Strategy and Communication Analyst (PREV WF) PD 9LAR7458 Deputy Director, Integrated Resilience Directorate (PREV WF) PD 9LAR4937 Program Elements Analyst (PREV WF) PD 04486","","","","2026-08-10T09:36:00.898043+00:00"
"USAJOBS","Information Technology Specialist (INFOSEC)","Department of the Air Force Headquarters","https://www.usajobs.gov:443/job/852981200","Click on ""Learn more about this agency"" button below for IMPORTANT additional information. Positions may be filled as permanent, temporary or term with a full-time work schedule. This is a Direct Hire Solicitation. This public notice is to gather applications that may or may not result in a referral or selection.","$52727-$139684 PA","Multiple Locations","Click on ""Learn more about this agency"" button below for IMPORTANT additional information. Positions may be filled as permanent, temporary or term with a full-time work schedule. This is a Direct Hire Solicitation. This public notice is to gather applications that may or may not result in a referral or selection.","","","","2026-08-10T09:36:00.899158+00:00"
"USAJOBS","Computer Engineer","Department of the Air Force Headquarters","https://www.usajobs.gov:443/job/852985200","Click on ""Learn more about this agency"" button below for IMPORTANT additional information. This is a Direct Hire Solicitation. This public notice is to gather applications that may or may not result in a referral or selection.","$76463-$164301 PA","Multiple Locations","Click on ""Learn more about this agency"" button below for IMPORTANT additional information. This is a Direct Hire Solicitation. This public notice is to gather applications that may or may not result in a referral or selection.","","","","2026-08-10T09:36:00.899950+00:00"
"USAJOBS","Electronic Engineer","Department of the Air Force Headquarters","https://www.usajobs.gov:443/job/852987000","Click on ""Learn more about this agency"" button below for IMPORTANT additional information. This is a Direct Hire Solicitation. This public notice is to gather applications that may or may not result in a referral or selection.","$63795-$164301 PA","Multiple Locations","Click on ""Learn more about this agency"" button below for IMPORTANT additional information. This is a Direct Hire Solicitation. This public notice is to gather applications that may or may not result in a referral or selection.","","","","2026-08-10T09:36:00.900598+00:00"
"USAJOBS","Transportation Security Officer","Transportation Security Administration","https://www.usajobs.gov:443/job/853007900","Transportation Security Officers are responsible for providing security and protection of travelers across all transportation sectors in a courteous and professional manner. Their duties may also extend to securing high-profile events, important figures and/or anything that includes or impacts our transportation systems.","$46105-$56844 PA","Pierre, South Dakota","Transportation Security Officers are responsible for providing security and protection of travelers across all transportation sectors in a courteous and professional manner. Their duties may also extend to securing high-profile events, important figures and/or anything that includes or impacts our transportation systems.","","","","2026-08-10T09:36:00.901293+00:00"
"USAJOBS","Operations Assistant NF-02","United States Army Installation Management Command","https://www.usajobs.gov:443/job/853012900","This position is located at The Peak & Pine Plains Bowling Center. Join our team at the Directorate of Family and Morale, Welfare and Recreation (FMWR) at Fort Drum. We are dedicated to enhancing the lives of Soldiers and their Families by providing essential support services, including child and youth programs and a variety of recreational activities that directly contribute to Soldier readiness and well-being. Incentives and Bonuses Incentives will NOT be paid.","$19.19-$19.69 PH","Fort Drum, New York","This position is located at The Peak & Pine Plains Bowling Center. Join our team at the Directorate of Family and Morale, Welfare and Recreation (FMWR) at Fort Drum. We are dedicated to enhancing the lives of Soldiers and their Families by providing essential support services, including child and youth programs and a variety of recreational activities that directly contribute to Soldier readiness and well-being. Incentives and Bonuses Incentives will NOT be paid.","","","","2026-08-10T09:36:00.902531+00:00"
"USAJOBS","Recreation Assistant (Lifeguard) NF-02","United States Army Installation Management Command","https://www.usajobs.gov:443/job/853024400","This position is located at the Magrath Pool within the Magrath Sports Complex. Join our team at the Directorate of Family and Morale, Welfare and Recreation (FMWR) at Fort Drum. We are dedicated to enhancing the lives of Soldiers and their Families by providing essential support services, including child and youth programs and a variety of recreational activities that directly contribute to Soldier readiness and well-being. Incentives and Bonuses Incentives will NOT be paid.","$19.19-$19.69 PH","Fort Drum, New York","This position is located at the Magrath Pool within the Magrath Sports Complex. Join our team at the Directorate of Family and Morale, Welfare and Recreation (FMWR) at Fort Drum. We are dedicated to enhancing the lives of Soldiers and their Families by providing essential support services, including child and youth programs and a variety of recreational activities that directly contribute to Soldier readiness and well-being. Incentives and Bonuses Incentives will NOT be paid.","","","","2026-08-10T09:36:00.903681+00:00"
"USAJOBS","Transportation Security Officer","Transportation Security Administration","https://www.usajobs.gov:443/job/853025300","Transportation Security Officers are responsible for providing security and protection of travelers across all transportation sectors in a courteous and professional manner. Their duties may also extend to securing high-profile events, important figures and/or anything that includes or impacts our transportation systems.","$57631-$71055 PA","Aspen, Colorado","Transportation Security Officers are responsible for providing security and protection of travelers across all transportation sectors in a courteous and professional manner. Their duties may also extend to securing high-profile events, important figures and/or anything that includes or impacts our transportation systems.","","","","2026-08-10T09:36:00.904836+00:00"
"USAJOBS","Transportation Security Officer","Transportation Security Administration","https://www.usajobs.gov:443/job/853029200","Transportation Security Officers are responsible for providing security and protection of travelers across all transportation sectors in a courteous and professional manner. Their duties may also extend to securing high-profile events, important figures and/or anything that includes or impacts our transportation systems.","$53021-$65371 PA","Eagle, Colorado","Transportation Security Officers are responsible for providing security and protection of travelers across all transportation sectors in a courteous and professional manner. Their duties may also extend to securing high-profile events, important figures and/or anything that includes or impacts our transportation systems.","","","","2026-08-10T09:36:00.905890+00:00"
"USAJOBS","Recreation Assistant (Physical Fitness) NF-02","United States Army Installation Management Command","https://www.usajobs.gov:443/job/853031600","This posting may fill positions at Atkins, Monti, and/or Magrath Physical Fitness Centers. Calling all fitness superstars! We are on the hunt for passionate Personal Trainers and incredible Instructors to lead our Zumba, Jazzercise, and Hip-Hop Cardio workouts. Bring your energy and join a team that loves to move! Incentives and Bonuses Incentives will NOT be paid.","$19.19-$19.69 PH","Fort Drum, New York","This posting may fill positions at Atkins, Monti, and/or Magrath Physical Fitness Centers. Calling all fitness superstars! We are on the hunt for passionate Personal Trainers and incredible Instructors to lead our Zumba, Jazzercise, and Hip-Hop Cardio workouts. Bring your energy and join a team that loves to move! Incentives and Bonuses Incentives will NOT be paid.","","","","2026-08-10T09:36:00.906963+00:00"
"USAJOBS","Economist","Department of the Air Force Headquarters","https://www.usajobs.gov:443/job/853032300","Click on ""Learn more about this agency"" button below for IMPORTANT additional information. Your application will remain active through the open period of this Public Notice. Once this Public Notice closes, you must reapply.","$74678-$192331 PA","Multiple Locations","Click on ""Learn more about this agency"" button below for IMPORTANT additional information. Your application will remain active through the open period of this Public Notice. Once this Public Notice closes, you must reapply.","","","","2026-08-10T09:36:00.907831+00:00"
"USAJOBS","Transportation Security Officer","Transportation Security Administration","https://www.usajobs.gov:443/job/853046900","Transportation Security Officers are responsible for providing security and protection of travelers across all transportation sectors in a courteous and professional manner. Their duties may also extend to securing high-profile events, important figures and/or anything that includes or impacts our transportation systems.","$58121-$71755 PA","Juneau, Alaska","Transportation Security Officers are responsible for providing security and protection of travelers across all transportation sectors in a courteous and professional manner. Their duties may also extend to securing high-profile events, important figures and/or anything that includes or impacts our transportation systems.","","","","2026-08-10T09:36:00.908911+00:00"
"USAJOBS","GENERAL ENGINEER","Department of the Air Force Headquarters","https://www.usajobs.gov:443/job/853050700","Click on ""Learn more about this agency"" button below for IMPORTANT additional information.","$74678-$192331 PA","Multiple Locations","Click on ""Learn more about this agency"" button below for IMPORTANT additional information.","","","","2026-08-10T09:36:00.909913+00:00"
"USAJOBS","POLICE OFFCIER (MILITARY WORKING DOG HANDLER)","U.S. Marine Corps","https://www.usajobs.gov:443/job/853060000","This is a public notice flyer to notify interested applicants of anticipated vacancies. Applications will not be accepted through this flyer. Interested applicants must follow the directions in the ""How to Apply"" section of this flyer to be considered. There may or may not be actual vacancies filled from this flyer. Notice of Result letters will not be sent to applicants who respond to this flyer.","$58244-$83859 PA","Barstow, California","This is a public notice flyer to notify interested applicants of anticipated vacancies. Applications will not be accepted through this flyer. Interested applicants must follow the directions in the ""How to Apply"" section of this flyer to be considered. There may or may not be actual vacancies filled from this flyer. Notice of Result letters will not be sent to applicants who respond to this flyer.","","","","2026-08-10T09:36:00.910314+00:00"
"USAJOBS","POLICE OFFICER (SPECIAL REACTION TEAM)","U.S. Marine Corps","https://www.usajobs.gov:443/job/853061200","This is a public notice flyer to notify interested applicants of anticipated vacancies. Applications will not be accepted through this flyer. Interested applicants must follow the directions in the ""How to Apply"" section of this flyer to be considered. There may or may not be actual vacancies filled from this flyer. Notice of Result letters will not be sent to applicants who respond to this flyer.","$58244-$83859 PA","Barstow, California","This is a public notice flyer to notify interested applicants of anticipated vacancies. Applications will not be accepted through this flyer. Interested applicants must follow the directions in the ""How to Apply"" section of this flyer to be considered. There may or may not be actual vacancies filled from this flyer. Notice of Result letters will not be sent to applicants who respond to this flyer.","","","","2026-08-10T09:36:00.911394+00:00"
"USAJOBS","CIVIL ENGINEER","Department of the Air Force Headquarters","https://www.usajobs.gov:443/job/853061700","Click on ""Learn more about this agency"" button below for IMPORTANT additional information.","$74678-$192331 PA","Multiple Locations","Click on ""Learn more about this agency"" button below for IMPORTANT additional information.","","","","2026-08-10T09:36:00.912296+00:00"
"USAJOBS","Contracting Specialist","Department of the Air Force Headquarters","https://www.usajobs.gov:443/job/853073100","Click on ""Learn more about this agency"" button below for IMPORTANT additional information.","$74678-$192331 PA","Multiple Locations","Click on ""Learn more about this agency"" button below for IMPORTANT additional information.","","","","2026-08-10T09:36:00.912629+00:00"
"USAJOBS","Physical Scientist","Department of the Air Force Headquarters","https://www.usajobs.gov:443/job/853082300","Click on ""Learn more about this agency"" button below for IMPORTANT additional information. This is a Direct Hire Solicitation. This public notice is to gather applications that may or may not result in a referral or selection.","$74678-$192331 PA","Multiple Locations","Click on ""Learn more about this agency"" button below for IMPORTANT additional information. This is a Direct Hire Solicitation. This public notice is to gather applications that may or may not result in a referral or selection.","","","","2026-08-10T09:36:00.913002+00:00"
"USAJOBS","Veterinary Medical Officer","U.S. Army Medical Command","https://www.usajobs.gov:443/job/853095800","This is a Direct Hire Authority (DHA) solicitation utilizing the DHA for Certain Personnel of the DoD Workforce to recruit and appoint qualified candidates to positions in the competitive service. About the Position: This is an open continuous announcement. Multiple vacancies exist and may be filled from this announcement at any of the locations listed. We accept applications on an ongoing basis; qualified applicants will be considered as vacancies become available.","$75706-$98422 PA","Multiple Locations","This is a Direct Hire Authority (DHA) solicitation utilizing the DHA for Certain Personnel of the DoD Workforce to recruit and appoint qualified candidates to positions in the competitive service. About the Position: This is an open continuous announcement. Multiple vacancies exist and may be filled from this announcement at any of the locations listed. We accept applications on an ongoing basis; qualified applicants will be considered as vacancies become available.","","","","2026-08-10T09:36:00.913722+00:00"
"USAJOBS","AIRPLANE PILOT (ACCELERATED HIRE)","Air National Guard Units","https://www.usajobs.gov:443/job/853103300","This AIRPLANE PILOT (ACCELERATED HIRE) position, is located at unit level in the Air National Guard (ANG) Aviation Wing, Operations Group at flying units in the ANG and is part of the CA 144 FW. This is an open until filled announcement. The announcement will be posted until all positions have been filled. Applications will be reviewed every 30 days and you will receive an email regarding your application status when reviewed.","$130536-$195200 PA","Multiple Locations","This AIRPLANE PILOT (ACCELERATED HIRE) position, is located at unit level in the Air National Guard (ANG) Aviation Wing, Operations Group at flying units in the ANG and is part of the CA 144 FW. This is an open until filled announcement. The announcement will be posted until all positions have been filled. Applications will be reviewed every 30 days and you will receive an email regarding your application status when reviewed.","","","","2026-08-10T09:36:00.914833+00:00"
"USAJOBS","HELICOPTER PILOT (ACCELERATED HIRE)","Army National Guard Units","https://www.usajobs.gov:443/job/853105200","This HELICOPTER PILOT (ACCELERATED HIRE) position, is eligible to be used at an Aviation Classification Repair Activity Depot (AVCRAD) or any Army Aviation Facility where the requirement is deemed appropriate by the Facility Supervisor/State Army Aviation Officer and is part of the CA 1106 TASMG.","$129149-$167901 PA","Multiple Locations","This HELICOPTER PILOT (ACCELERATED HIRE) position, is eligible to be used at an Aviation Classification Repair Activity Depot (AVCRAD) or any Army Aviation Facility where the requirement is deemed appropriate by the Facility Supervisor/State Army Aviation Officer and is part of the CA 1106 TASMG.","","","","2026-08-10T09:36:00.915859+00:00"
"USAJOBS","Cook","U.S. Air Forces, Europe","https://www.usajobs.gov:443/job/853111200","About the position: This position is located at Papa Joes at the Eifel Lanes Bowling Center, Spangdahlem AB, Germany. This position is Monday - Sunday, days and nights; weekends and holidays. Must be physically able to frequently lift objects weighing up to 40 lbs. Logistical Support may be offered for this position. RELOCATION EXPENSES WILL NOT BE REIMBURSED","$19.48-$19.48 PH","Spangdahlem, Germany","About the position: This position is located at Papa Joes at the Eifel Lanes Bowling Center, Spangdahlem AB, Germany. This position is Monday - Sunday, days and nights; weekends and holidays. Must be physically able to frequently lift objects weighing up to 40 lbs. Logistical Support may be offered for this position. RELOCATION EXPENSES WILL NOT BE REIMBURSED","","","","2026-08-10T09:36:00.916708+00:00"
"USAJOBS","Food Service Worker (Cashier)","U.S. Air Forces, Europe","https://www.usajobs.gov:443/job/853115600","This position is located at Taco Bell Spangdahlem AB, Germany. This is a Flexible position working from Monday - Sunday, days and nights, weekends and holidays, as scheduled. This is a developmental position with noncompetitive promotion to NA-02 after successful completion of required training. Military Spouse Preference is not lost if selected for this position. Logistical Support may be offered for this position.","$16.94-$16.94 PH","Spangdahlem, Germany","This position is located at Taco Bell Spangdahlem AB, Germany. This is a Flexible position working from Monday - Sunday, days and nights, weekends and holidays, as scheduled. This is a developmental position with noncompetitive promotion to NA-02 after successful completion of required training. Military Spouse Preference is not lost if selected for this position. Logistical Support may be offered for this position.","","","","2026-08-10T09:36:00.917727+00:00"
"USAJOBS","Health Physicist","Department of the Air Force Headquarters","https://www.usajobs.gov:443/job/853118900","Click on ""Learn more about this agency"" button below for IMPORTANT additional information. This is a Direct Hire Solicitation. This public notice is to gather applications that may or may not result in a referral or selection.","$74678-$192331 PA","Multiple Locations","Click on ""Learn more about this agency"" button below for IMPORTANT additional information. This is a Direct Hire Solicitation. This public notice is to gather applications that may or may not result in a referral or selection.","","","","2026-08-10T09:36:00.918756+00:00"
"USAJOBS","Research Physicist","Department of the Air Force Headquarters","https://www.usajobs.gov:443/job/853124700","Click on ""Learn more about this agency"" button below for IMPORTANT additional information. This is a Direct Hire Solicitation. This public notice is to gather applications that may or may not result in a referral or selection.","$74678-$192331 PA","Multiple Locations","Click on ""Learn more about this agency"" button below for IMPORTANT additional information. This is a Direct Hire Solicitation. This public notice is to gather applications that may or may not result in a referral or selection.","","","","2026-08-10T09:36:00.919433+00:00"
"USAJOBS","Transportation Security Officer","Transportation Security Administration","https://www.usajobs.gov:443/job/853169700","Transportation Security Officers are responsible for providing security and protection of travelers across all transportation sectors in a courteous and professional manner. Their duties may also extend to securing high-profile events, important figures and/or anything that includes or impacts our transportation systems.","$48110-$59316 PA","Columbus, Ohio","Transportation Security Officers are responsible for providing security and protection of travelers across all transportation sectors in a courteous and professional manner. Their duties may also extend to securing high-profile events, important figures and/or anything that includes or impacts our transportation systems.","","","","2026-08-10T09:36:00.920099+00:00"
"USAJOBS","Legal Careers","Central Intelligence Agency","https://www.usajobs.gov:443/job/853182500","The CIA's Office of General Counsel (OGC) is an independent office that supports the General Counsel in their role as chief legal officer for the Agency. OGC personnel provide legal advice and guidance to the Director of CIA and other Agency officials on a variety of legal matters related to the Agency's operations and management as they fulfill their National Security mission. Please visit cia.gov/careers, to view all job opportunities currently available.","$93000-$200000 PA","Washington, District of Columbia","The CIA's Office of General Counsel (OGC) is an independent office that supports the General Counsel in their role as chief legal officer for the Agency. OGC personnel provide legal advice and guidance to the Director of CIA and other Agency officials on a variety of legal matters related to the Agency's operations and management as they fulfill their National Security mission. Please visit cia.gov/careers, to view all job opportunities currently available.","","","","2026-08-10T09:36:00.921243+00:00"
"USAJOBS","Public Notice for General Inspection, Investigation, Enforcement, and Compliance (Direct Hire)","Federal Aviation Administration","https://www.usajobs.gov:443/job/853256200","Direct hiring authority for the 1801 series is being used to fill this position in the Federal Aviation Administration (FAA), Aviation Safety (AVS) organization. Public Notices serve as a resume repository, and positions may or may not be filled from this announcement.","$52998-$172257 PA","May be filled in various FAA duty locations","Direct hiring authority for the 1801 series is being used to fill this position in the Federal Aviation Administration (FAA), Aviation Safety (AVS) organization. Public Notices serve as a resume repository, and positions may or may not be filled from this announcement.","","","","2026-08-10T09:36:00.922309+00:00"
"USAJOBS","Public Notice for General Inspection, Investigation, Enforcement, and Compliance (Direct Hire)","Federal Aviation Administration","https://www.usajobs.gov:443/job/853257300","Direct hiring authority for the 1801 series is being used to fill this position in the Federal Aviation Administration (FAA) Aviation Safety (AVS) Organization. Public Notices serve as a resume repository, and positions may or may not be filled from this announcement.","$34454-$162672 PA","May be filled in various FAA duty locations","Direct hiring authority for the 1801 series is being used to fill this position in the Federal Aviation Administration (FAA) Aviation Safety (AVS) Organization. Public Notices serve as a resume repository, and positions may or may not be filled from this announcement.","","","","2026-08-10T09:36:00.923068+00:00"
"USAJOBS","ELECTRICIAN","U.S. Army Corps of Engineers","https://www.usajobs.gov:443/job/853325300","About the Position: Without direct supervision, performs the installation, modification, testing, maintenance and repair various electrical equipment and systems. THIS POSITION IS ELIGIBLE FOR A RECRUITMENT INCENTIVE UP TO 25% OF THE BASE PAY.","$30.27-$35.35 PH","Sault Ste. Marie, Michigan","About the Position: Without direct supervision, performs the installation, modification, testing, maintenance and repair various electrical equipment and systems. THIS POSITION IS ELIGIBLE FOR A RECRUITMENT INCENTIVE UP TO 25% OF THE BASE PAY.","","","","2026-08-10T09:36:00.923815+00:00"
"USAJOBS","ELECTRICIAN","U.S. Army Corps of Engineers","https://www.usajobs.gov:443/job/853325700","This is a Direct Hire Authority (DHA) solicitation utilizing the DHA for Certain DOD Personnel to recruit and appoint qualified candidates to positions in the competitive service. About the Position: Without direct supervision, performs the installation, modification, testing, maintenance and repair various electrical equipment and systems. THIS POSITION IS ELIGIBLE FOR A RECRUITMENT INCENTIVE UP TO 25% OF THE BASE PAY.","$30.27-$35.35 PH","Sault Ste. Marie, Michigan","This is a Direct Hire Authority (DHA) solicitation utilizing the DHA for Certain DOD Personnel to recruit and appoint qualified candidates to positions in the competitive service. About the Position: Without direct supervision, performs the installation, modification, testing, maintenance and repair various electrical equipment and systems. THIS POSITION IS ELIGIBLE FOR A RECRUITMENT INCENTIVE UP TO 25% OF THE BASE PAY.","","","","2026-08-10T09:36:00.924489+00:00"
"USAJOBS","Immigration Judge","Executive Office for Immigration Review","https://www.usajobs.gov:443/job/853381500","This position is in the Executive Office for Immigration Review (EOIR), Office of the Chief Immigration Judge. EOIR seeks highly qualified individuals to join our team of expert professionals who serve as immigration adjudicators. Immigration Judges work with a team that includes attorneys, legal assistants, and other support staff. Full-time, Part-Time and Intermittent work schedules are available. See ""Additional Information"" for details.","$159951-$207500 PA","Multiple Locations","This position is in the Executive Office for Immigration Review (EOIR), Office of the Chief Immigration Judge. EOIR seeks highly qualified individuals to join our team of expert professionals who serve as immigration adjudicators. Immigration Judges work with a team that includes attorneys, legal assistants, and other support staff. Full-time, Part-Time and Intermittent work schedules are available. See ""Additional Information"" for details.","","","","2026-08-10T09:36:00.925455+00:00"
"USAJOBS","Immigration Judge","Executive Office for Immigration Review","https://www.usajobs.gov:443/job/853385500","Full-time, Part-Time and Intermittent work schedules are available. See ""Additional Information"" for details. Conversion to permanent position is contingent upon satisfactory completion of a probationary period and appointment by the Attorney General. Additional positions may be filled from this announcement within 90 days of certificate issuance.","$159951-$207500 PA","Anywhere in the U.S. (remote job)","Full-time, Part-Time and Intermittent work schedules are available. See ""Additional Information"" for details. Conversion to permanent position is contingent upon satisfactory completion of a probationary period and appointment by the Attorney General. Additional positions may be filled from this announcement within 90 days of certificate issuance.","","","","2026-08-10T09:36:00.926432+00:00"
"USAJOBS","Diplomatic Security Foreign Service Special Agent (SA) (FP-2501)","Department of State Headquarters","https://www.usajobs.gov:443/job/853395100","The U.S. Department of State is developing a rank-ordered list of eligible hires for a limited number of Foreign Service Special Agent (SA) vacancies based on the needs of the Department. Learn more about a career in the Foreign Service and about the Bureau of Diplomatic Security. Joining the Foreign Service is more than just salary. Refer to the Benefits section for more information on total compensation. This is a 2501 Foreign Service position equivalent to the 1811 Civil Service series.","$61382-$98460 PA","Department of State Posts - Overseas and Domestic","The U.S. Department of State is developing a rank-ordered list of eligible hires for a limited number of Foreign Service Special Agent (SA) vacancies based on the needs of the Department. Learn more about a career in the Foreign Service and about the Bureau of Diplomatic Security. Joining the Foreign Service is more than just salary. Refer to the Benefits section for more information on total compensation. This is a 2501 Foreign Service position equivalent to the 1811 Civil Service series.","","","","2026-08-10T09:36:00.927329+00:00"
"USAJOBS","Distribution Process Worker (12 Month Register)","Defense Logistics Agency","https://www.usajobs.gov:443/job/853426700","This is an open-continuous announcement with an established initial cut-off date of Wednesday, January 07, 2026. Please see the ""How You Will Be Evaluated"" section for more information. See below for important information regarding this job.","$23.38-$27.25 PH","New Cumberland Defense Logistics Center, Pennsylvania","This is an open-continuous announcement with an established initial cut-off date of Wednesday, January 07, 2026. Please see the ""How You Will Be Evaluated"" section for more information. See below for important information regarding this job.","","","","2026-08-10T09:36:00.928591+00:00"
"USAJOBS","Materials Handler (12 Month Register)","Defense Logistics Agency","https://www.usajobs.gov:443/job/853436000","This is an open-continuous announcement with an established initial cut-off date of Tuesday, January 13th, 2026. Please see the ""How You Will Be Evaluated"" section for more information. See below for important information regarding this job.","$21.69-$25.57 PH","Mechanicsburg, Pennsylvania","This is an open-continuous announcement with an established initial cut-off date of Tuesday, January 13th, 2026. Please see the ""How You Will Be Evaluated"" section for more information. See below for important information regarding this job.","","","","2026-08-10T09:36:00.929374+00:00"
"USAJOBS","Physician-Primary Care","Veterans Health Administration","https://www.usajobs.gov:443/job/853453000","*****A recruitment/relocation incentive may be offered to highly qualified candidate(s).***** The incumbents will serve as a Primary Care Physician located within the Orlando VA Healthcare System (OVAHCS) assigned to the Ambulatory Care Service. Assignments to other facilities within OVAHCS and travel to the site, may be required to meet the needs of the service. This position is eligible for the Education Debt Reduction Program (EDRP) - Please see below.","$230000-$315000 PA","Multiple Locations","*****A recruitment/relocation incentive may be offered to highly qualified candidate(s).***** The incumbents will serve as a Primary Care Physician located within the Orlando VA Healthcare System (OVAHCS) assigned to the Ambulatory Care Service. Assignments to other facilities within OVAHCS and travel to the site, may be required to meet the needs of the service. This position is eligible for the Education Debt Reduction Program (EDRP) - Please see below.","","","","2026-08-10T09:36:00.930199+00:00"
"USAJOBS","Materials Examiner and Identifier (Deployable) (12 Month Register)","Defense Logistics Agency","https://www.usajobs.gov:443/job/853466200","This is an open-continuous announcement with an established initial cut-off date of January 20, 2025. Please see the ""How You Will Be Evaluated"" section for more information. See below for important information regarding this job.","$24.84-$28.94 PH","New Cumberland Defense Logistics Center, Pennsylvania","This is an open-continuous announcement with an established initial cut-off date of January 20, 2025. Please see the ""How You Will Be Evaluated"" section for more information. See below for important information regarding this job.","","","","2026-08-10T09:36:00.931304+00:00"
"USAJOBS","Materials Handler (12 Month Register)","Defense Logistics Agency","https://www.usajobs.gov:443/job/853469800","This is an open-continuous announcement with an established initial cut-off date of 01/13/2026. Please see the ""How You Will Be Evaluated"" section for more information. See below for important information regarding this job.","$23.38-$27.25 PH","New Cumberland Defense Logistics Center, Pennsylvania","This is an open-continuous announcement with an established initial cut-off date of 01/13/2026. Please see the ""How You Will Be Evaluated"" section for more information. See below for important information regarding this job.","","","","2026-08-10T09:36:00.932132+00:00"
"USAJOBS","Picture Archiving and Communication Systems (PACS) Technologist - Rec/Relo Incentive Authorized","Veterans Health Administration","https://www.usajobs.gov:443/job/853470800","The PACS Technologist provides guidance, instruction, maintenance and troubleshooting services in the day-to-day operations of the Radiology Picture Archive and Communication System (PACS), Voice Recognition System (VRS), Vista Imaging interface, and the Radiology Package in DHCP. The incumbent serves as a specialist providing support in the operation and management of digital image and voice acquisition, processing, storage and display systems at the Amarillo VA Health Care System.","$105280-$136858 PA","Amarillo, Texas","The PACS Technologist provides guidance, instruction, maintenance and troubleshooting services in the day-to-day operations of the Radiology Picture Archive and Communication System (PACS), Voice Recognition System (VRS), Vista Imaging interface, and the Radiology Package in DHCP. The incumbent serves as a specialist providing support in the operation and management of digital image and voice acquisition, processing, storage and display systems at the Amarillo VA Health Care System.","","","","2026-08-10T09:36:00.932983+00:00"
"USAJOBS","SHIPBUILDING SPECIALIST","Department of the Navy Headquarters","https://www.usajobs.gov:443/job/853481700","You will serve as a SHIPBUILDING SPECIALIST in the Industry Management Department of DEPARTMENT OF THE NAVY. The Secretary of Defense has ordered a department-wide hiring freeze subject to certain limited exceptions. This position is subject to the DoD hiring freeze. Offers of employment related to this vacancy announcement will not be executed until the position has an approved exemption.","$83935-$132923 PA","Multiple Locations","You will serve as a SHIPBUILDING SPECIALIST in the Industry Management Department of DEPARTMENT OF THE NAVY. The Secretary of Defense has ordered a department-wide hiring freeze subject to certain limited exceptions. This position is subject to the DoD hiring freeze. Offers of employment related to this vacancy announcement will not be executed until the position has an approved exemption.","","","","2026-08-10T09:36:00.934366+00:00"
"USAJOBS","Dietitian (Clinical)","Veterans Health Administration","https://www.usajobs.gov:443/job/853487300","Employees in this assignment serve in a Dietitian (Clinical) full performance level position within the Clinical Section of NFS serving as the medical nutrition expert. They are autonomous in their work in applying evidenced-based nutrition practice guidelines for all patients, including those with complex medical and nutritional needs. Clinical Dietitians coordinate nutritional care of Veterans with other health care providers, the Veteran, the Veteran's caregiver, and the community.","$54857-$105547 PA","Multiple Locations","Employees in this assignment serve in a Dietitian (Clinical) full performance level position within the Clinical Section of NFS serving as the medical nutrition expert. They are autonomous in their work in applying evidenced-based nutrition practice guidelines for all patients, including those with complex medical and nutritional needs. Clinical Dietitians coordinate nutritional care of Veterans with other health care providers, the Veteran, the Veteran's caregiver, and the community.","","","","2026-08-10T09:36:00.935364+00:00"
"USAJOBS","Motor Vehicle Operator (CYS) NA-06","United States Army Installation Management Command","https://www.usajobs.gov:443/job/853505600","This position is with Child and Youth Services at the Redstone Arsenal. Morale Welfare and Recreation (MWR) Child and Youth Services (CYS) Employee Childcare Fee: Available to MWR CYS Regular and FLEX (working a minimum of 15 hours) First Child: 100% childcare fee discount (all CYS employees) Second and Subsequent Child: At least 25% childcare fee discount (all CYS employees)","$21.84-$25.49 PH","Redstone Arsenal, Alabama","This position is with Child and Youth Services at the Redstone Arsenal. Morale Welfare and Recreation (MWR) Child and Youth Services (CYS) Employee Childcare Fee: Available to MWR CYS Regular and FLEX (working a minimum of 15 hours) First Child: 100% childcare fee discount (all CYS employees) Second and Subsequent Child: At least 25% childcare fee discount (all CYS employees)","","","","2026-08-10T09:36:00.936488+00:00"
"USAJOBS","Transportation Security Officer","Transportation Security Administration","https://www.usajobs.gov:443/job/853522300","Transportation Security Officers are responsible for providing security and protection of travelers across all transportation sectors in a courteous and professional manner. Their duties may also extend to securing high-profile events, important figures and/or anything that includes or impacts our transportation systems.","$53021-$65371 PA","Belgrade, Montana","Transportation Security Officers are responsible for providing security and protection of travelers across all transportation sectors in a courteous and professional manner. Their duties may also extend to securing high-profile events, important figures and/or anything that includes or impacts our transportation systems.","","","","2026-08-10T09:36:00.937441+00:00"
"USAJOBS","Distribution Process Worker (12 Month Register)","Defense Logistics Agency","https://www.usajobs.gov:443/job/853534200","This is an open-continuous announcement with an established initial cut-off date of 1/20/2026. Please see the ""How You Will Be Evaluated"" section for more information. See below for important information regarding this job.","$24.84-$28.94 PH","New Cumberland Defense Logistics Center, Pennsylvania","This is an open-continuous announcement with an established initial cut-off date of 1/20/2026. Please see the ""How You Will Be Evaluated"" section for more information. See below for important information regarding this job.","","","","2026-08-10T09:36:00.938521+00:00"
"USAJOBS","Transportation Security Officer","Transportation Security Administration","https://www.usajobs.gov:443/job/853560100","Transportation Security Officers are responsible for providing security and protection of travelers across all transportation sectors in a courteous and professional manner. Their duties may also extend to securing high-profile events, important figures and/or anything that includes or impacts our transportation systems.","$61515-$76132 PA","Petersburg, Alaska","Transportation Security Officers are responsible for providing security and protection of travelers across all transportation sectors in a courteous and professional manner. Their duties may also extend to securing high-profile events, important figures and/or anything that includes or impacts our transportation systems.","","","","2026-08-10T09:36:00.939231+00:00"
"USAJOBS","Transportation Security Officer","Transportation Security Administration","https://www.usajobs.gov:443/job/853570300","Transportation Security Officers are responsible for providing security and protection of travelers across all transportation sectors in a courteous and professional manner. Their duties may also extend to securing high-profile events, important figures and/or anything that includes or impacts our transportation systems.","$46105-$56844 PA","Rockland, Maine","Transportation Security Officers are responsible for providing security and protection of travelers across all transportation sectors in a courteous and professional manner. Their duties may also extend to securing high-profile events, important figures and/or anything that includes or impacts our transportation systems.","","","","2026-08-10T09:36:00.940308+00:00"
"USAJOBS","Housekeeping Aid - Environmental Services Technician","Veterans Health Administration","https://www.usajobs.gov:443/job/853598400","The Housekeeping Aid - Environmental Services Technician performs the full range of manual cleaning tasks (ex: sweeping, dust mopping, mopping, scrubbing, polishing, dusting, sanitizing, decontaminating and disinfecting) relevant to the facility you are assigned.","$18.23-$21.27 PH","Lexington, Kentucky","The Housekeeping Aid - Environmental Services Technician performs the full range of manual cleaning tasks (ex: sweeping, dust mopping, mopping, scrubbing, polishing, dusting, sanitizing, decontaminating and disinfecting) relevant to the facility you are assigned.","","","","2026-08-10T09:36:00.941366+00:00"
"USAJOBS","Heavy Mobile Equipment Repairer","U.S. Army Reserve Command","https://www.usajobs.gov:443/job/853637500","This is a Direct Hire Authority (DHA) solicitation utilizing the DHA for certain DoD personnel to recruit and appoint qualified candidates to positions in the competitive service. About the Position: This is a military technician position with the 99th Readiness Division, Equipment Concentration Site (ECS) 93, Fort Eustis, Virginia. This position may offer a $5,000 recruitment bonus.","$28.31-$33.02 PH","Fort Eustis, Virginia","This is a Direct Hire Authority (DHA) solicitation utilizing the DHA for certain DoD personnel to recruit and appoint qualified candidates to positions in the competitive service. About the Position: This is a military technician position with the 99th Readiness Division, Equipment Concentration Site (ECS) 93, Fort Eustis, Virginia. This position may offer a $5,000 recruitment bonus.","","","","2026-08-10T09:36:00.942324+00:00"
