"Portal","Job Title","Company","URL","About the job","Pay","Location","Summary","Requirements","Responsibilities","Benefits","Scraped At"
"USAJOBS","Sales Associate","Commander, Navy Installations Command","https://www.usajobs.gov:443/job/878394200","The purpose of this position is to support all of the retail operations and perform duties in all areas of the Midshipmen Store, Gift Shop, Barbershop, Uniform Store, Online Store, or any other retail operation within NABSD.","$18-$18 PH","Annapolis, Maryland","The purpose of this position is to support all of the retail operations and perform duties in all areas of the Midshipmen Store, Gift Shop, Barbershop, Uniform Store, Online Store, or any other retail operation within NABSD.","","","","2026-08-10T09:31:30.240881+00:00"
"USAJOBS","Sales Clerk NF-02","United States Army Installation Management Command","https://www.usajobs.gov:443/job/877845200","This position is located at Rod and Gun Club Fort Bliss TX. To better expedite the hiring process, we recommend including full contact information (name, address, phone number, email, etc.) for professional and personal references on your resume. Incentives and Bonuses Incentives will not be paid","$16-$16 PH","Fort Bliss, Texas","This position is located at Rod and Gun Club Fort Bliss TX. To better expedite the hiring process, we recommend including full contact information (name, address, phone number, email, etc.) for professional and personal references on your resume. Incentives and Bonuses Incentives will not be paid","","","","2026-08-10T09:31:30.241623+00:00"
"USAJOBS","SALES ASSOCIATE NF-1","U.S. Marine Corps","https://www.usajobs.gov:443/job/879026800","Marine Corps Community Services (MCCS) is looking for the best and brightest to join our Team! MCCS is a comprehensive program that supports and enhances the quality of life for Marines, their families, and others in the Marine Corps Community. We offer a team oriented environment comprised of military personnel, civilian employees, contractors and volunteers who keep the organization functioning smoothly and effectively.","$17.75-$17.75 PH","Marine Corps Air Station Miramar, California","Marine Corps Community Services (MCCS) is looking for the best and brightest to join our Team! MCCS is a comprehensive program that supports and enhances the quality of life for Marines, their families, and others in the Marine Corps Community. We offer a team oriented environment comprised of military personnel, civilian employees, contractors and volunteers who keep the organization functioning smoothly and effectively.","","","","2026-08-10T09:31:30.242469+00:00"
"USAJOBS","Sales Associate NF1","U.S. Marine Corps","https://www.usajobs.gov:443/job/878898200","Marine Corps Community Services (MCCS) is looking for the best and brightest to join our Team! MCCS is a comprehensive program that supports and enhances the quality of life for Marines, their families, and others in the Marine Corps Community. We offer a team oriented environment comprised of military personnel, civilian employees, contractors and volunteers who keep the organization functioning smoothly and effectively.","$15-$16 PH","Quantico, Virginia","Marine Corps Community Services (MCCS) is looking for the best and brightest to join our Team! MCCS is a comprehensive program that supports and enhances the quality of life for Marines, their families, and others in the Marine Corps Community. We offer a team oriented environment comprised of military personnel, civilian employees, contractors and volunteers who keep the organization functioning smoothly and effectively.","","","","2026-08-10T09:31:30.243514+00:00"
"USAJOBS","SALES ASSOCIATE NF1","U.S. Marine Corps","https://www.usajobs.gov:443/job/879263300","Marine Corps Community Services (MCCS) is looking for the best and brightest to join our Team! MCCS is a comprehensive program that supports and enhances the quality of life for Marines, their families, and others in the Marine Corps Community. We offer a team oriented environment comprised of military personnel, civilian employees, contractors and volunteers who keep the organization functioning smoothly and effectively.","$15-$15 PH","Havelock, North Carolina","Marine Corps Community Services (MCCS) is looking for the best and brightest to join our Team! MCCS is a comprehensive program that supports and enhances the quality of life for Marines, their families, and others in the Marine Corps Community. We offer a team oriented environment comprised of military personnel, civilian employees, contractors and volunteers who keep the organization functioning smoothly and effectively.","","","","2026-08-10T09:31:30.244528+00:00"
"USAJOBS","Sales Clerk","Commander, Navy Installations Command","https://www.usajobs.gov:443/job/879575100","This position is located within Commander, Mid-Atlantic Region, Fleet and Family Readiness Program. The purpose of this position is to ensure proper collection and disposition of revenues generated at the assigned facility/beach.This position is located at NAVAL STATION NORFOLK IN NORFOLK, VA.","$15-$15 PH","Norfolk, Virginia","This position is located within Commander, Mid-Atlantic Region, Fleet and Family Readiness Program. The purpose of this position is to ensure proper collection and disposition of revenues generated at the assigned facility/beach.This position is located at NAVAL STATION NORFOLK IN NORFOLK, VA.","","","","2026-08-10T09:31:30.245510+00:00"
"USAJOBS","Sales Store Clerk NF-02","U.S. Army Military District of Washington","https://www.usajobs.gov:443/job/879746900","This position is located at National Security Agency (NSA) Civilian Welfare Fund (CWF) Restaurants Gift Shop at Fort George G. Meade, Maryland... Incentives and Bonuses Incentives will not be paid.","$18-$19 PH","Fort Meade, Maryland","This position is located at National Security Agency (NSA) Civilian Welfare Fund (CWF) Restaurants Gift Shop at Fort George G. Meade, Maryland... Incentives and Bonuses Incentives will not be paid.","","","","2026-08-10T09:31:30.246224+00:00"
"USAJOBS","SALES ASSOCIATE, NF-2091-01","U.S. Marine Corps","https://www.usajobs.gov:443/job/878631400","Marine Corps Community Services (MCCS) is looking for the best and brightest to join our Team! MCCS is a comprehensive program that supports and enhances the quality of life for Marines, their families, and others in the Marine Corps Community. We offer a team oriented environment comprised of military personnel, civilian employees, contractors and volunteers who keep the organization functioning smoothly and effectively.","$15-$15 PH","Jacksonville, North Carolina","Marine Corps Community Services (MCCS) is looking for the best and brightest to join our Team! MCCS is a comprehensive program that supports and enhances the quality of life for Marines, their families, and others in the Marine Corps Community. We offer a team oriented environment comprised of military personnel, civilian employees, contractors and volunteers who keep the organization functioning smoothly and effectively.","","","","2026-08-10T09:31:30.246872+00:00"
"USAJOBS","Lead Sales Clerk (Scuba)","Pacific Air Forces","https://www.usajobs.gov:443/job/876211700","About the position: This position is Non-appropriated Fund (NAF) and is located at the Kadena Marina on Kadena Air Base in Okinawa, Japan.","$16.55-$17 PH","Kadena Air Base Okinawa, Japan","About the position: This position is Non-appropriated Fund (NAF) and is located at the Kadena Marina on Kadena Air Base in Okinawa, Japan.","","","","2026-08-10T09:31:30.247838+00:00"
"USAJOBS","VCS Sales Clerk - Lebanon","Veterans Health Administration","https://www.usajobs.gov:443/job/879218200","Are you seeking a better work-life balance? Join an exceptional organization that prioritizes Veterans for an outstanding career! With over 78 years of serving our nation's Veterans, the Veterans Canteen Service (VCS) is currently seeking a dynamic, part time Sales Clerk for our Lebanon, PA VA Medical Center Canteen. Join our fast-paced environment if you have a passion for our Veterans and their families, along with prior multi-unit experience.","$18.39-$18.39 PH","Lebanon, Pennsylvania","Are you seeking a better work-life balance? Join an exceptional organization that prioritizes Veterans for an outstanding career! With over 78 years of serving our nation's Veterans, the Veterans Canteen Service (VCS) is currently seeking a dynamic, part time Sales Clerk for our Lebanon, PA VA Medical Center Canteen. Join our fast-paced environment if you have a passion for our Veterans and their families, along with prior multi-unit experience.","","","","2026-08-10T09:31:30.248351+00:00"
"USAJOBS","Sales Store Checker","Defense Commissary Agency","https://www.usajobs.gov:443/job/879369600","Sales Store Checkers operate a cash register scanning system to check out items and to receive payment for purchases made in a commissary store. The work is like a cashier or clerk at your local grocery or retail store.","$36464-$44780 PA","Fort Polk, Louisiana","Sales Store Checkers operate a cash register scanning system to check out items and to receive payment for purchases made in a commissary store. The work is like a cashier or clerk at your local grocery or retail store.","","","","2026-08-10T09:31:30.249607+00:00"
"USAJOBS","SALES ASSOCIATE (SEASONAL) NF1","U.S. Marine Corps","https://www.usajobs.gov:443/job/869232200","Marine Corps Community Services (MCCS) is looking for the best and brightest to join our Team! MCCS is a comprehensive program that supports and enhances the quality of life for Marines, their families, and others in the Marine Corps Community. We offer a team oriented environment comprised of military personnel, civilian employees, contractors and volunteers who keep the organization functioning smoothly and effectively.","$16.9-$16.9 PH","Twentynine Palms, California","Marine Corps Community Services (MCCS) is looking for the best and brightest to join our Team! MCCS is a comprehensive program that supports and enhances the quality of life for Marines, their families, and others in the Marine Corps Community. We offer a team oriented environment comprised of military personnel, civilian employees, contractors and volunteers who keep the organization functioning smoothly and effectively.","","","","2026-08-10T09:31:30.250501+00:00"
"USAJOBS","Sales Store Checker","Defense Commissary Agency","https://www.usajobs.gov:443/job/863483600","Sales Store Checkers operate a cash register scanning system to check out items and to receive payment for purchases made in a commissary store. The work is like a cashier or clerk at your local grocery or retail store. Read the entire announcement before starting the application process.","$17.47-$21.45 PH","Multiple Locations","Sales Store Checkers operate a cash register scanning system to check out items and to receive payment for purchases made in a commissary store. The work is like a cashier or clerk at your local grocery or retail store. Read the entire announcement before starting the application process.","","","","2026-08-10T09:31:30.251519+00:00"
"USAJOBS","Sales Store Checker","Defense Commissary Agency","https://www.usajobs.gov:443/job/866357400","Sales Store Checkers operate a cash register scanning system to check out items and to receive payment for purchases made in a commissary store. The work is like a cashier or clerk at your local grocery or retail store. Read the entire announcement before starting the application process.","$18.12-$23.56 PH","Multiple Locations","Sales Store Checkers operate a cash register scanning system to check out items and to receive payment for purchases made in a commissary store. The work is like a cashier or clerk at your local grocery or retail store. Read the entire announcement before starting the application process.","","","","2026-08-10T09:31:30.252572+00:00"
"USAJOBS","SALES CLERK","Air Education and Training Command","https://www.usajobs.gov:443/job/873639800","About the position: This position is Non-appropriated Fund (NAF) and will be assigned to the WINDY TRAILS GOLF COURSE.","$15-$15 PH","Altus AFB, Oklahoma","About the position: This position is Non-appropriated Fund (NAF) and will be assigned to the WINDY TRAILS GOLF COURSE.","","","","2026-08-10T09:31:30.253571+00:00"
"USAJOBS","Sales Store Checker","Defense Commissary Agency","https://www.usajobs.gov:443/job/863485000","Sales Store Checkers operate a cash register scanning system to check out items and to receive payment for purchases made in a commissary store. The work is like a cashier or clerk at your local grocery or retail store. This is an open-continuous announcement with an established initial cut-off date. Please see the ""How You Will Be Evaluated"" section for more information.?","$17.47-$23.56 PH","Multiple Locations","Sales Store Checkers operate a cash register scanning system to check out items and to receive payment for purchases made in a commissary store. The work is like a cashier or clerk at your local grocery or retail store. This is an open-continuous announcement with an established initial cut-off date. Please see the ""How You Will Be Evaluated"" section for more information.?","","","","2026-08-10T09:31:30.254017+00:00"
"USAJOBS","Sales Store Checker","Defense Commissary Agency","https://www.usajobs.gov:443/job/863484800","Sales Store Checkers operate a cash register scanning system to check out items and to receive payment for purchases made in a commissary store. The work is like a cashier or clerk at your local grocery or retail store. This is an open-continuous announcement with an established initial cut-off date of 11/16/2025. Please see the ""How You Will Be Evaluated"" section for more information.","$17.47-$21.45 PH","Multiple Locations","Sales Store Checkers operate a cash register scanning system to check out items and to receive payment for purchases made in a commissary store. The work is like a cashier or clerk at your local grocery or retail store. This is an open-continuous announcement with an established initial cut-off date of 11/16/2025. Please see the ""How You Will Be Evaluated"" section for more information.","","","","2026-08-10T09:31:30.255351+00:00"
"USAJOBS","Sales Associate NF1* (Part-Time)","U.S. Marine Corps","https://www.usajobs.gov:443/job/879217500","Marine Corps Community Services (MCCS) is looking for the best and brightest to join our Team! MCCS is a comprehensive program that supports and enhances the quality of life for Marines, their families, and others in the Marine Corps Community. We offer a team oriented environment comprised of military personnel, civilian employees, contractors and volunteers who keep the organization functioning smoothly and effectively.","$15-$15 PH","Arlington, Virginia","Marine Corps Community Services (MCCS) is looking for the best and brightest to join our Team! MCCS is a comprehensive program that supports and enhances the quality of life for Marines, their families, and others in the Marine Corps Community. We offer a team oriented environment comprised of military personnel, civilian employees, contractors and volunteers who keep the organization functioning smoothly and effectively.","","","","2026-08-10T09:31:30.256728+00:00"
"USAJOBS","Sales Store Checker","Defense Commissary Agency","https://www.usajobs.gov:443/job/863041600","Sales Store Checkers operate a cash register scanning system to check out items and to receive payment for purchases made in a commissary store. The work is like a cashier or clerk at your local grocery or retail store. This is an open-continuous announcement with an established initial cut-off date 14 days after the open date of the announcement. Please see the ""How You Will Be Evaluated"" section for more information.","$17.57-$22.85 PH","Multiple Locations","Sales Store Checkers operate a cash register scanning system to check out items and to receive payment for purchases made in a commissary store. The work is like a cashier or clerk at your local grocery or retail store. This is an open-continuous announcement with an established initial cut-off date 14 days after the open date of the announcement. Please see the ""How You Will Be Evaluated"" section for more information.","","","","2026-08-10T09:31:30.257782+00:00"
"USAJOBS","Sales Store Checker","Defense Commissary Agency","https://www.usajobs.gov:443/job/863185000","Sales Store Checkers operate a cash register scanning system to check out items and to receive payment for purchases made in a commissary store. The work is like a cashier or clerk at your local grocery or retail store. This is an open-continuous announcement with an established initial cut-off date 14 days after the open date of the announcement. Please see the ""How You Will Be Evaluated"" section for more information.?","$17.47-$23.12 PH","Multiple Locations","Sales Store Checkers operate a cash register scanning system to check out items and to receive payment for purchases made in a commissary store. The work is like a cashier or clerk at your local grocery or retail store. This is an open-continuous announcement with an established initial cut-off date 14 days after the open date of the announcement. Please see the ""How You Will Be Evaluated"" section for more information.?","","","","2026-08-10T09:31:30.259229+00:00"
"USAJOBS","Sales Store Checker","Defense Commissary Agency","https://www.usajobs.gov:443/job/863185100","Sales Store Checkers operate a cash register scanning system to check out items and to receive payment for purchases made in a commissary store. The work is like a cashier or clerk at your local grocery or retail store. This is an open-continuous announcement with an established initial cut-off date 14 days after the open date of the announcement. Please see the ""How You Will Be Evaluated"" section for more information.?","$17.47-$21.46 PH","Multiple Locations","Sales Store Checkers operate a cash register scanning system to check out items and to receive payment for purchases made in a commissary store. The work is like a cashier or clerk at your local grocery or retail store. This is an open-continuous announcement with an established initial cut-off date 14 days after the open date of the announcement. Please see the ""How You Will Be Evaluated"" section for more information.?","","","","2026-08-10T09:31:30.260829+00:00"
"USAJOBS","Sales Store Checker","Defense Commissary Agency","https://www.usajobs.gov:443/job/863185200","Sales Store Checkers operate a cash register scanning system to check out items and to receive payment for purchases made in a commissary store. The work is like a cashier or clerk at your local grocery or retail store. This is an open-continuous announcement with an established initial cut-off date 14 days after the open date of the announcement. Please see the ""How You Will Be Evaluated"" section for more information.?","$17.47-$21.46 PH","Multiple Locations","Sales Store Checkers operate a cash register scanning system to check out items and to receive payment for purchases made in a commissary store. The work is like a cashier or clerk at your local grocery or retail store. This is an open-continuous announcement with an established initial cut-off date 14 days after the open date of the announcement. Please see the ""How You Will Be Evaluated"" section for more information.?","","","","2026-08-10T09:31:30.262288+00:00"
"USAJOBS","Sales Store Checker","Defense Commissary Agency","https://www.usajobs.gov:443/job/863185300","Sales Store Checkers operate a cash register scanning system to check out items and to receive payment for purchases made in a commissary store. The work is like a cashier or clerk at your local grocery or retail store. This is an open-continuous announcement with an established initial cut-off date 14 days after the open date of the announcement. Please see the ""How You Will Be Evaluated"" section for more information.?","$17.47-$23.81 PH","Multiple Locations","Sales Store Checkers operate a cash register scanning system to check out items and to receive payment for purchases made in a commissary store. The work is like a cashier or clerk at your local grocery or retail store. This is an open-continuous announcement with an established initial cut-off date 14 days after the open date of the announcement. Please see the ""How You Will Be Evaluated"" section for more information.?","","","","2026-08-10T09:31:30.263778+00:00"
"USAJOBS","Sales Store Checker","Defense Commissary Agency","https://www.usajobs.gov:443/job/863185500","Sales Store Checkers operate a cash register scanning system to check out items and to receive payment for purchases made in a commissary store. The work is like a cashier or clerk at your local grocery or retail store. This is an open-continuous announcement with an established initial cut-off date 14 days after the open date of the announcement. Please see the ""How You Will Be Evaluated"" section for more information.?","$17.47-$23.81 PH","Multiple Locations","Sales Store Checkers operate a cash register scanning system to check out items and to receive payment for purchases made in a commissary store. The work is like a cashier or clerk at your local grocery or retail store. This is an open-continuous announcement with an established initial cut-off date 14 days after the open date of the announcement. Please see the ""How You Will Be Evaluated"" section for more information.?","","","","2026-08-10T09:31:30.265309+00:00"
"USAJOBS","Sales Store Checker","Defense Commissary Agency","https://www.usajobs.gov:443/job/863185600","Sales Store Checkers operate a cash register scanning system to check out items and to receive payment for purchases made in a commissary store. The work is like a cashier or clerk at your local grocery or retail store. This is an open-continuous announcement with an established initial cut-off date 14 days after the open date of the announcement. Please see the ""How You Will Be Evaluated"" section for more information.?","$17.47-$21.52 PH","Multiple Locations","Sales Store Checkers operate a cash register scanning system to check out items and to receive payment for purchases made in a commissary store. The work is like a cashier or clerk at your local grocery or retail store. This is an open-continuous announcement with an established initial cut-off date 14 days after the open date of the announcement. Please see the ""How You Will Be Evaluated"" section for more information.?","","","","2026-08-10T09:31:30.266740+00:00"
"USAJOBS","Sales Store Checker","Defense Commissary Agency","https://www.usajobs.gov:443/job/863186000","Sales Store Checkers operate a cash register scanning system to check out items and to receive payment for purchases made in a commissary store. The work is like a cashier or clerk at your local grocery or retail store. This is an open-continuous announcement with an established initial cut-off date 14 days after the open date of the announcement. Please see the ""How You Will Be Evaluated"" section for more information.?","$17.47-$21.46 PH","Multiple Locations","Sales Store Checkers operate a cash register scanning system to check out items and to receive payment for purchases made in a commissary store. The work is like a cashier or clerk at your local grocery or retail store. This is an open-continuous announcement with an established initial cut-off date 14 days after the open date of the announcement. Please see the ""How You Will Be Evaluated"" section for more information.?","","","","2026-08-10T09:31:30.268163+00:00"
"USAJOBS","Sales Store Checker","Defense Commissary Agency","https://www.usajobs.gov:443/job/863186100","Sales Store Checkers operate a cash register scanning system to check out items and to receive payment for purchases made in a commissary store. The work is like a cashier or clerk at your local grocery or retail store. This is an open-continuous announcement with an established initial cut-off date 14 days after the open date of the announcement. Please see the ""How You Will Be Evaluated"" section for more information.?","$17.47-$22.59 PH","Multiple Locations","Sales Store Checkers operate a cash register scanning system to check out items and to receive payment for purchases made in a commissary store. The work is like a cashier or clerk at your local grocery or retail store. This is an open-continuous announcement with an established initial cut-off date 14 days after the open date of the announcement. Please see the ""How You Will Be Evaluated"" section for more information.?","","","","2026-08-10T09:31:30.269686+00:00"
"USAJOBS","Sales Store Checker","Defense Commissary Agency","https://www.usajobs.gov:443/job/863277000","Sales Store Checkers operate a cash register scanning system to check out items and to receive payment for purchases made in a commissary store. The work is like a cashier or clerk at your local grocery or retail store. This is an open-continuous announcement with an established initial cut-off date 14 days after the open date of the announcement. Please see the ""How You Will Be Evaluated"" section for more information.","$17.47-$21.46 PH","Multiple Locations","Sales Store Checkers operate a cash register scanning system to check out items and to receive payment for purchases made in a commissary store. The work is like a cashier or clerk at your local grocery or retail store. This is an open-continuous announcement with an established initial cut-off date 14 days after the open date of the announcement. Please see the ""How You Will Be Evaluated"" section for more information.","","","","2026-08-10T09:31:30.271085+00:00"
"USAJOBS","Sales Store Checker","Defense Commissary Agency","https://www.usajobs.gov:443/job/863325400","Sales Store Checkers operate a cash register scanning system to check out items and to receive payment for purchases made in a commissary store. The work is like a cashier or clerk at your local grocery or retail store. This is an open-continuous announcement with an established initial cut-off date 14 days after the open date of the announcement. Please see the ""How You Will Be Evaluated"" section for more information.?","$16.51-$22.71 PH","Multiple Locations","Sales Store Checkers operate a cash register scanning system to check out items and to receive payment for purchases made in a commissary store. The work is like a cashier or clerk at your local grocery or retail store. This is an open-continuous announcement with an established initial cut-off date 14 days after the open date of the announcement. Please see the ""How You Will Be Evaluated"" section for more information.?","","","","2026-08-10T09:31:30.272488+00:00"
"USAJOBS","Sales Store Checker","Defense Commissary Agency","https://www.usajobs.gov:443/job/863402100","Sales Store Checkers operate a cash register scanning system to check out items and to receive payment for purchases made in a commissary store. The work is like a cashier or clerk at your local grocery or retail store. This is an open-continuous announcement with an established initial cut-off date 14 days after the open date of the announcement. Please see the ""How You Will Be Evaluated"" section for more information.","$17.47-$21.46 PH","Multiple Locations","Sales Store Checkers operate a cash register scanning system to check out items and to receive payment for purchases made in a commissary store. The work is like a cashier or clerk at your local grocery or retail store. This is an open-continuous announcement with an established initial cut-off date 14 days after the open date of the announcement. Please see the ""How You Will Be Evaluated"" section for more information.","","","","2026-08-10T09:31:30.273880+00:00"
"USAJOBS","Sales Store Checker","Defense Commissary Agency","https://www.usajobs.gov:443/job/863406400","Sales Store Checkers operate a cash register scanning system to check out items and to receive payment for purchases made in a commissary store. The work is like a cashier or clerk at your local grocery or retail store. This is an open-continuous announcement with an established initial cut-off date 14 days after the open date of the announcement. Please see the ""How You Will Be Evaluated"" section for more information.","$17.47-$21.46 PH","Multiple Locations","Sales Store Checkers operate a cash register scanning system to check out items and to receive payment for purchases made in a commissary store. The work is like a cashier or clerk at your local grocery or retail store. This is an open-continuous announcement with an established initial cut-off date 14 days after the open date of the announcement. Please see the ""How You Will Be Evaluated"" section for more information.","","","","2026-08-10T09:31:30.275270+00:00"
"USAJOBS","Sales Store Checker","Defense Commissary Agency","https://www.usajobs.gov:443/job/863406900","Sales Store Checkers operate a cash register scanning system to check out items and to receive payment for purchases made in a commissary store. The work is like a cashier or clerk at your local grocery or retail store. This is an open-continuous announcement with an established initial cut-off date 14 days after the open date of the announcement. Please see the ""How You Will Be Evaluated"" section for more information.?","$17.47-$21.46 PH","Multiple Locations","Sales Store Checkers operate a cash register scanning system to check out items and to receive payment for purchases made in a commissary store. The work is like a cashier or clerk at your local grocery or retail store. This is an open-continuous announcement with an established initial cut-off date 14 days after the open date of the announcement. Please see the ""How You Will Be Evaluated"" section for more information.?","","","","2026-08-10T09:31:30.276661+00:00"
"USAJOBS","Sales Store Checker","Defense Commissary Agency","https://www.usajobs.gov:443/job/863423000","Sales Store Checkers operate a cash register scanning system to check out items and to receive payment for purchases made in a commissary store. The work is like a cashier or clerk at your local grocery or retail store. This is an open-continuous announcement with an established initial cut-off date 14 days after the open date of the announcement. Please see the ""How You Will Be Evaluated"" section for more information.","$17.47-$23.56 PH","Multiple Locations","Sales Store Checkers operate a cash register scanning system to check out items and to receive payment for purchases made in a commissary store. The work is like a cashier or clerk at your local grocery or retail store. This is an open-continuous announcement with an established initial cut-off date 14 days after the open date of the announcement. Please see the ""How You Will Be Evaluated"" section for more information.","","","","2026-08-10T09:31:30.278054+00:00"
"USAJOBS","Sales Store Checker","Defense Commissary Agency","https://www.usajobs.gov:443/job/863438200","Sales Store Checkers operate a cash register scanning system to check out items and to receive payment for purchases made in a commissary store. The work is like a cashier or clerk at your local grocery or retail store. This is an open-continuous announcement with an established initial cut-off date 14 days after the open date of the announcement. Please see the ""How You Will Be Evaluated"" section for more information.?","$17.47-$25.26 PH","Multiple Locations","Sales Store Checkers operate a cash register scanning system to check out items and to receive payment for purchases made in a commissary store. The work is like a cashier or clerk at your local grocery or retail store. This is an open-continuous announcement with an established initial cut-off date 14 days after the open date of the announcement. Please see the ""How You Will Be Evaluated"" section for more information.?","","","","2026-08-10T09:31:30.279569+00:00"
"USAJOBS","Sales Store Checker","Defense Commissary Agency","https://www.usajobs.gov:443/job/863503200","Sales Store Checkers operate a cash register scanning system to check out items and to receive payment for purchases made in a commissary store. The work is like a cashier or clerk at your local grocery or retail store. This is an open-continuous announcement with an established initial cut-off date 14 days after the open date of the announcement. Please see the ""How You Will Be Evaluated"" section for more information.","$17.47-$21.46 PH","Multiple Locations","Sales Store Checkers operate a cash register scanning system to check out items and to receive payment for purchases made in a commissary store. The work is like a cashier or clerk at your local grocery or retail store. This is an open-continuous announcement with an established initial cut-off date 14 days after the open date of the announcement. Please see the ""How You Will Be Evaluated"" section for more information.","","","","2026-08-10T09:31:30.280965+00:00"
"USAJOBS","Sales Store Checker","Defense Commissary Agency","https://www.usajobs.gov:443/job/876104800","Sales Store Checkers operate a cash register scanning system to check out items and to receive payment for purchases made in a commissary store. The work is like a cashier or clerk at your local grocery or retail store. This is an open-continuous announcement with an established initial cut-off date 14 days after the open date of the announcement. Please see the ""How You Will Be Evaluated"" section for more information.?","$17.47-$23.12 PH","Multiple Locations","Sales Store Checkers operate a cash register scanning system to check out items and to receive payment for purchases made in a commissary store. The work is like a cashier or clerk at your local grocery or retail store. This is an open-continuous announcement with an established initial cut-off date 14 days after the open date of the announcement. Please see the ""How You Will Be Evaluated"" section for more information.?","","","","2026-08-10T09:31:30.282366+00:00"
"USAJOBS","Sales Store Checker","Defense Commissary Agency","https://www.usajobs.gov:443/job/863041500","Sales Store Checkers operate a cash register scanning system to check out items and to receive payment for purchases made in a commissary store. The work is like a cashier or clerk at your local grocery or retail store. This is an open-continuous announcement with an established initial cut-off date 14 days after the open date of the announcement. Please see the ""How You Will Be Evaluated"" section for more information. Read the entire announcement before starting the application process.","$17.57-$22.85 PH","Fort Greely, Alaska","Sales Store Checkers operate a cash register scanning system to check out items and to receive payment for purchases made in a commissary store. The work is like a cashier or clerk at your local grocery or retail store. This is an open-continuous announcement with an established initial cut-off date 14 days after the open date of the announcement. Please see the ""How You Will Be Evaluated"" section for more information. Read the entire announcement before starting the application process.","","","","2026-08-10T09:31:30.283785+00:00"
"USAJOBS","Sales Store Checker","Defense Commissary Agency","https://www.usajobs.gov:443/job/863277300","Sales Store Checkers operate a cash register scanning system to check out items and to receive payment for purchases made in a commissary store. The work is like a cashier or clerk at your local grocery or retail store. This is an open-continuous announcement with an established initial cut-off date 14 days after the open date of the announcement. Please see the ""How You Will Be Evaluated"" section for more information. Read the entire announcement before starting the application process.","$17.47-$21.46 PH","Multiple Locations","Sales Store Checkers operate a cash register scanning system to check out items and to receive payment for purchases made in a commissary store. The work is like a cashier or clerk at your local grocery or retail store. This is an open-continuous announcement with an established initial cut-off date 14 days after the open date of the announcement. Please see the ""How You Will Be Evaluated"" section for more information. Read the entire announcement before starting the application process.","","","","2026-08-10T09:31:30.285433+00:00"
"USAJOBS","Sales Store Checker","Defense Commissary Agency","https://www.usajobs.gov:443/job/863319600","Sales Store Checkers operate a cash register scanning system to check out items and to receive payment for purchases made in a commissary store. The work is like a cashier or clerk at your local grocery or retail store. This is an open-continuous announcement with an established initial cut-off date 14 days after the open date of the announcement. Please see the ""How You Will Be Evaluated"" section for more information.? Read the entire announcement before starting the application process.","$17.47-$23.12 PH","Multiple Locations","Sales Store Checkers operate a cash register scanning system to check out items and to receive payment for purchases made in a commissary store. The work is like a cashier or clerk at your local grocery or retail store. This is an open-continuous announcement with an established initial cut-off date 14 days after the open date of the announcement. Please see the ""How You Will Be Evaluated"" section for more information.? Read the entire announcement before starting the application process.","","","","2026-08-10T09:31:30.287057+00:00"
"USAJOBS","Sales Store Checker","Defense Commissary Agency","https://www.usajobs.gov:443/job/863325500","Sales Store Checkers operate a cash register scanning system to check out items and to receive payment for purchases made in a commissary store. The work is like a cashier or clerk at your local grocery or retail store. This is an open-continuous announcement with an established initial cut-off date 14 days after the open date of the announcement. Please see the ""How You Will Be Evaluated"" section for more information.? Read the entire announcement before starting the application process.","$17.47-$21.46 PH","Multiple Locations","Sales Store Checkers operate a cash register scanning system to check out items and to receive payment for purchases made in a commissary store. The work is like a cashier or clerk at your local grocery or retail store. This is an open-continuous announcement with an established initial cut-off date 14 days after the open date of the announcement. Please see the ""How You Will Be Evaluated"" section for more information.? Read the entire announcement before starting the application process.","","","","2026-08-10T09:31:30.288755+00:00"
"USAJOBS","Sales Store Checker","Defense Commissary Agency","https://www.usajobs.gov:443/job/863329900","Sales Store Checkers operate a cash register scanning system to check out items and to receive payment for purchases made in a commissary store. The work is like a cashier or clerk at your local grocery or retail store. This is an open-continuous announcement with an established initial cut-off date 14 days after the open date of the announcement. Please see the ""How You Will Be Evaluated"" section for more information.? Read the entire announcement before starting the application process.","$17.47-$21.46 PH","Multiple Locations","Sales Store Checkers operate a cash register scanning system to check out items and to receive payment for purchases made in a commissary store. The work is like a cashier or clerk at your local grocery or retail store. This is an open-continuous announcement with an established initial cut-off date 14 days after the open date of the announcement. Please see the ""How You Will Be Evaluated"" section for more information.? Read the entire announcement before starting the application process.","","","","2026-08-10T09:31:30.290350+00:00"
"USAJOBS","Sales Store Checker","Defense Commissary Agency","https://www.usajobs.gov:443/job/863333600","Sales Store Checkers operate a cash register scanning system to check out items and to receive payment for purchases made in a commissary store. The work is like a cashier or clerk at your local grocery or retail store. This is an open-continuous announcement with an established initial cut-off date 14 days after the open date of the announcement. Please see the ""How You Will Be Evaluated"" section for more information.? Read the entire announcement before starting the application process.","$17.47-$22.71 PH","Multiple Locations","Sales Store Checkers operate a cash register scanning system to check out items and to receive payment for purchases made in a commissary store. The work is like a cashier or clerk at your local grocery or retail store. This is an open-continuous announcement with an established initial cut-off date 14 days after the open date of the announcement. Please see the ""How You Will Be Evaluated"" section for more information.? Read the entire announcement before starting the application process.","","","","2026-08-10T09:31:30.291948+00:00"
"USAJOBS","Sales Store Checker","Defense Commissary Agency","https://www.usajobs.gov:443/job/863336400","Sales Store Checkers operate a cash register scanning system to check out items and to receive payment for purchases made in a commissary store. The work is like a cashier or clerk at your local grocery or retail store. This is an open-continuous announcement with an established initial cut-off date 14 days after the open date of the announcement. Please see the ""How You Will Be Evaluated"" section for more information.? Read the entire announcement before starting the application process.","$17.47-$23.81 PH","Multiple Locations","Sales Store Checkers operate a cash register scanning system to check out items and to receive payment for purchases made in a commissary store. The work is like a cashier or clerk at your local grocery or retail store. This is an open-continuous announcement with an established initial cut-off date 14 days after the open date of the announcement. Please see the ""How You Will Be Evaluated"" section for more information.? Read the entire announcement before starting the application process.","","","","2026-08-10T09:31:30.293541+00:00"
"USAJOBS","Sales Store Checker","Defense Commissary Agency","https://www.usajobs.gov:443/job/863340100","Sales Store Checkers operate a cash register scanning system to check out items and to receive payment for purchases made in a commissary store. The work is like a cashier or clerk at your local grocery or retail store. This is an open-continuous announcement with an established initial cut-off date 14 days after the open date of the announcement. Please see the ""How You Will Be Evaluated"" section for more information.? Read the entire announcement before starting the application process.","$17.47-$23.81 PH","Multiple Locations","Sales Store Checkers operate a cash register scanning system to check out items and to receive payment for purchases made in a commissary store. The work is like a cashier or clerk at your local grocery or retail store. This is an open-continuous announcement with an established initial cut-off date 14 days after the open date of the announcement. Please see the ""How You Will Be Evaluated"" section for more information.? Read the entire announcement before starting the application process.","","","","2026-08-10T09:31:30.295170+00:00"
"USAJOBS","Sales Store Checker","Defense Commissary Agency","https://www.usajobs.gov:443/job/863343100","Sales Store Checkers operate a cash register scanning system to check out items and to receive payment for purchases made in a commissary store. The work is like a cashier or clerk at your local grocery or retail store. This is an open-continuous announcement with an established initial cut-off date 14 days after the open date of the announcement. Please see the ""How You Will Be Evaluated"" section for more information.? Read the entire announcement before starting the application process.","$17.47-$21.46 PH","Multiple Locations","Sales Store Checkers operate a cash register scanning system to check out items and to receive payment for purchases made in a commissary store. The work is like a cashier or clerk at your local grocery or retail store. This is an open-continuous announcement with an established initial cut-off date 14 days after the open date of the announcement. Please see the ""How You Will Be Evaluated"" section for more information.? Read the entire announcement before starting the application process.","","","","2026-08-10T09:31:30.296886+00:00"
"USAJOBS","Sales Store Checker","Defense Commissary Agency","https://www.usajobs.gov:443/job/863354000","Sales Store Checkers operate a cash register scanning system to check out items and to receive payment for purchases made in a commissary store. The work is like a cashier or clerk at your local grocery or retail store. This is an open-continuous announcement with an established initial cut-off date 14 days after the open date of the announcement. Please see the ""How You Will Be Evaluated"" section for more information.? Read the entire announcement before starting the application process.","$17.47-$21.46 PH","Multiple Locations","Sales Store Checkers operate a cash register scanning system to check out items and to receive payment for purchases made in a commissary store. The work is like a cashier or clerk at your local grocery or retail store. This is an open-continuous announcement with an established initial cut-off date 14 days after the open date of the announcement. Please see the ""How You Will Be Evaluated"" section for more information.? Read the entire announcement before starting the application process.","","","","2026-08-10T09:31:30.298723+00:00"
"USAJOBS","Sales Store Checker","Defense Commissary Agency","https://www.usajobs.gov:443/job/863356700","Sales Store Checkers operate a cash register scanning system to check out items and to receive payment for purchases made in a commissary store. The work is like a cashier or clerk at your local grocery or retail store. This is an open-continuous announcement with an established initial cut-off date 14 days after the open date of the announcement. Please see the ""How You Will Be Evaluated"" section for more information.? Read the entire announcement before starting the application process.","$17.47-$21.46 PH","Multiple Locations","Sales Store Checkers operate a cash register scanning system to check out items and to receive payment for purchases made in a commissary store. The work is like a cashier or clerk at your local grocery or retail store. This is an open-continuous announcement with an established initial cut-off date 14 days after the open date of the announcement. Please see the ""How You Will Be Evaluated"" section for more information.? Read the entire announcement before starting the application process.","","","","2026-08-10T09:31:30.300398+00:00"
"USAJOBS","Sales Store Checker","Defense Commissary Agency","https://www.usajobs.gov:443/job/863361100","Sales Store Checkers operate a cash register scanning system to check out items and to receive payment for purchases made in a commissary store. The work is like a cashier or clerk at your local grocery or retail store. This is an open-continuous announcement with an established initial cut-off date 14 days after the open date of the announcement. Please see the ""How You Will Be Evaluated"" section for more information.? Read the entire announcement before starting the application process.","$17.47-$21.46 PH","Multiple Locations","Sales Store Checkers operate a cash register scanning system to check out items and to receive payment for purchases made in a commissary store. The work is like a cashier or clerk at your local grocery or retail store. This is an open-continuous announcement with an established initial cut-off date 14 days after the open date of the announcement. Please see the ""How You Will Be Evaluated"" section for more information.? Read the entire announcement before starting the application process.","","","","2026-08-10T09:31:30.302066+00:00"
"USAJOBS","Sales Store Checker","Defense Commissary Agency","https://www.usajobs.gov:443/job/863402000","Sales Store Checkers operate a cash register scanning system to check out items and to receive payment for purchases made in a commissary store. The work is like a cashier or clerk at your local grocery or retail store. This is an open-continuous announcement with an established initial cut-off date 14 days after the open date of the announcement. Please see the ""How You Will Be Evaluated"" section for more information. Read the entire announcement before starting the application process.","$17.47-$21.46 PH","Multiple Locations","Sales Store Checkers operate a cash register scanning system to check out items and to receive payment for purchases made in a commissary store. The work is like a cashier or clerk at your local grocery or retail store. This is an open-continuous announcement with an established initial cut-off date 14 days after the open date of the announcement. Please see the ""How You Will Be Evaluated"" section for more information. Read the entire announcement before starting the application process.","","","","2026-08-10T09:31:30.303696+00:00"
"USAJOBS","Sales Store Checker","Defense Commissary Agency","https://www.usajobs.gov:443/job/863407100","Sales Store Checkers operate a cash register scanning system to check out items and to receive payment for purchases made in a commissary store. The work is like a cashier or clerk at your local grocery or retail store. This is an open-continuous announcement with an established initial cut-off date 14 days after the open date of the announcement. Please see the ""How You Will Be Evaluated"" section for more information.? Read the entire announcement before starting the application process.","$17.47-$21.46 PH","Pearl Harbor, Hawaii","Sales Store Checkers operate a cash register scanning system to check out items and to receive payment for purchases made in a commissary store. The work is like a cashier or clerk at your local grocery or retail store. This is an open-continuous announcement with an established initial cut-off date 14 days after the open date of the announcement. Please see the ""How You Will Be Evaluated"" section for more information.? Read the entire announcement before starting the application process.","","","","2026-08-10T09:31:30.305287+00:00"
"USAJOBS","Sales Store Checker","Defense Commissary Agency","https://www.usajobs.gov:443/job/863422200","Sales Store Checkers operate a cash register scanning system to check out items and to receive payment for purchases made in a commissary store. The work is like a cashier or clerk at your local grocery or retail store. This is an open-continuous announcement with an established initial cut-off date 14 days after the open date of the announcement. Please see the ""How You Will Be Evaluated"" section for more information. Read the entire announcement before starting the application process.","$17.47-$23.08 PH","Multiple Locations","Sales Store Checkers operate a cash register scanning system to check out items and to receive payment for purchases made in a commissary store. The work is like a cashier or clerk at your local grocery or retail store. This is an open-continuous announcement with an established initial cut-off date 14 days after the open date of the announcement. Please see the ""How You Will Be Evaluated"" section for more information. Read the entire announcement before starting the application process.","","","","2026-08-10T09:31:30.306907+00:00"
"USAJOBS","Sales Store Checker","Defense Commissary Agency","https://www.usajobs.gov:443/job/863439000","Sales Store Checkers operate a cash register scanning system to check out items and to receive payment for purchases made in a commissary store. The work is like a cashier or clerk at your local grocery or retail store. This is an open-continuous announcement with an established initial cut-off date 14 days after the open date of the announcement. Please see the ""How You Will Be Evaluated"" section for more information.? Read the entire announcement before starting the application process.","$19.43-$25.26 PH","Moffett Field, California","Sales Store Checkers operate a cash register scanning system to check out items and to receive payment for purchases made in a commissary store. The work is like a cashier or clerk at your local grocery or retail store. This is an open-continuous announcement with an established initial cut-off date 14 days after the open date of the announcement. Please see the ""How You Will Be Evaluated"" section for more information.? Read the entire announcement before starting the application process.","","","","2026-08-10T09:31:30.308663+00:00"
"USAJOBS","Sales Store Checker","Defense Commissary Agency","https://www.usajobs.gov:443/job/863507600","Sales Store Checkers operate a cash register scanning system to check out items and to receive payment for purchases made in a commissary store. The work is like a cashier or clerk at your local grocery or retail store. This is an open-continuous announcement with an established initial cut-off date 14 days after the open date of the announcement. Please see the ""How You Will Be Evaluated"" section for more information.? Read the entire announcement before starting the application process.","$17.47-$21.46 PH","Multiple Locations","Sales Store Checkers operate a cash register scanning system to check out items and to receive payment for purchases made in a commissary store. The work is like a cashier or clerk at your local grocery or retail store. This is an open-continuous announcement with an established initial cut-off date 14 days after the open date of the announcement. Please see the ""How You Will Be Evaluated"" section for more information.? Read the entire announcement before starting the application process.","","","","2026-08-10T09:31:30.310263+00:00"
"USAJOBS","FIREARMS SALES SPECIALIST NF2","U.S. Marine Corps","https://www.usajobs.gov:443/job/879671400","Marine Corps Community Services (MCCS) is looking for the best and brightest to join our Team! MCCS is a comprehensive program that supports and enhances the quality of life for Marines, their families, and others in the Marine Corps Community. We offer a team oriented environment comprised of military personnel, civilian employees, contractors and volunteers who keep the organization functioning smoothly and effectively.","$20.28-$20.28 PH","Twentynine Palms, California","Marine Corps Community Services (MCCS) is looking for the best and brightest to join our Team! MCCS is a comprehensive program that supports and enhances the quality of life for Marines, their families, and others in the Marine Corps Community. We offer a team oriented environment comprised of military personnel, civilian employees, contractors and volunteers who keep the organization functioning smoothly and effectively.","","","","2026-08-10T09:31:30.311842+00:00"
"USAJOBS","VCS-Sales Clerk-Lebanon PA","Veterans Health Administration","https://www.usajobs.gov:443/job/879768400","Are you looking for a better work-life balance and opportunities to grow? Join an excellent organization that puts Veterans first for a fulfilling career! Since 1946 Veterans Canteen Service (VCS) has delivered the VCS benefits to millions of Veterans enrolled in the Department of Veterans Affairs (VA) Healthcare system, the largest Healthcare system in the United States.","$18.39-$18.39 PH","Lebanon, Pennsylvania","Are you looking for a better work-life balance and opportunities to grow? Join an excellent organization that puts Veterans first for a fulfilling career! Since 1946 Veterans Canteen Service (VCS) has delivered the VCS benefits to millions of Veterans enrolled in the Department of Veterans Affairs (VA) Healthcare system, the largest Healthcare system in the United States.","","","","2026-08-10T09:31:30.312831+00:00"
"USAJOBS","SALES ASSOCIATE NF1 (RPT) MCX RETAIL WAREHOUSE","U.S. Marine Corps","https://www.usajobs.gov:443/job/876461100","Marine Corps Community Services (MCCS) is looking for the best and brightest to join our Team! MCCS is a comprehensive program that supports and enhances the quality of life for Marines, their families, and others in the Marine Corps Community. We offer a team oriented environment comprised of military personnel, civilian employees, contractors and volunteers who keep the organization functioning smoothly and effectively.","$16-$16 PH","Kaneohe, Hawaii","Marine Corps Community Services (MCCS) is looking for the best and brightest to join our Team! MCCS is a comprehensive program that supports and enhances the quality of life for Marines, their families, and others in the Marine Corps Community. We offer a team oriented environment comprised of military personnel, civilian employees, contractors and volunteers who keep the organization functioning smoothly and effectively.","","","","2026-08-10T09:31:30.313834+00:00"
"USAJOBS","BRIDGEPORT, CA - SALES SPECIALIST NF2 - PART TIME","U.S. Marine Corps","https://www.usajobs.gov:443/job/862822000","Marine Corps Community Services (MCCS) is looking for the best and brightest to join our Team! MCCS is a comprehensive program that supports and enhances the quality of life for Marines, their families, and others in the Marine Corps Community. We offer a team oriented environment comprised of military personnel, civilian employees, contractors and volunteers who keep the organization functioning smoothly and effectively.","$20.28-$20.28 PH","Bridgeport, California","Marine Corps Community Services (MCCS) is looking for the best and brightest to join our Team! MCCS is a comprehensive program that supports and enhances the quality of life for Marines, their families, and others in the Marine Corps Community. We offer a team oriented environment comprised of military personnel, civilian employees, contractors and volunteers who keep the organization functioning smoothly and effectively.","","","","2026-08-10T09:31:30.314942+00:00"
"USAJOBS","BRIDGEPORT, CA - SALES SPECIALIST NF2 - FLEXIBLE","U.S. Marine Corps","https://www.usajobs.gov:443/job/866134300","Marine Corps Community Services (MCCS) is looking for the best and brightest to join our Team! MCCS is a comprehensive program that supports and enhances the quality of life for Marines, their families, and others in the Marine Corps Community. We offer a team oriented environment comprised of military personnel, civilian employees, contractors and volunteers who keep the organization functioning smoothly and effectively.","$20.28-$20.28 PH","Bridgeport, California","Marine Corps Community Services (MCCS) is looking for the best and brightest to join our Team! MCCS is a comprehensive program that supports and enhances the quality of life for Marines, their families, and others in the Marine Corps Community. We offer a team oriented environment comprised of military personnel, civilian employees, contractors and volunteers who keep the organization functioning smoothly and effectively.","","","","2026-08-10T09:31:30.315955+00:00"
"USAJOBS","BRIDGEPORT, CA - SALES SPECIALIST NF2 - FULL TIME","U.S. Marine Corps","https://www.usajobs.gov:443/job/875622100","Marine Corps Community Services (MCCS) is looking for the best and brightest to join our Team! MCCS is a comprehensive program that supports and enhances the quality of life for Marines, their families, and others in the Marine Corps Community. We offer a team oriented environment comprised of military personnel, civilian employees, contractors and volunteers who keep the organization functioning smoothly and effectively.","$20.28-$20.28 PH","Bridgeport, California","Marine Corps Community Services (MCCS) is looking for the best and brightest to join our Team! MCCS is a comprehensive program that supports and enhances the quality of life for Marines, their families, and others in the Marine Corps Community. We offer a team oriented environment comprised of military personnel, civilian employees, contractors and volunteers who keep the organization functioning smoothly and effectively.","","","","2026-08-10T09:31:30.316947+00:00"
"USAJOBS","Sales Store Checker","Defense Commissary Agency","https://www.usajobs.gov:443/job/847505900","About the Position: This announcement may be used to fill full-time or part-time work schedules. If you decline a position covered in this announcement and want to be considered at a later time, you must reapply.","$36464-$44780 PA","Multiple Locations","About the Position: This announcement may be used to fill full-time or part-time work schedules. If you decline a position covered in this announcement and want to be considered at a later time, you must reapply.","","","","2026-08-10T09:31:30.318011+00:00"
"USAJOBS","Sales Store Checker","Defense Commissary Agency","https://www.usajobs.gov:443/job/856171300","**This is an open continuous announcement.** Referral lists will be created every 14 days as vacancies are available. Please review the U.S. Embassy website https://kr.usembassy.gov/services-controlled-substance/ for South Korea for prescription/drug regulations.","$36464-$44780 PA","Multiple Locations","**This is an open continuous announcement.** Referral lists will be created every 14 days as vacancies are available. Please review the U.S. Embassy website https://kr.usembassy.gov/services-controlled-substance/ for South Korea for prescription/drug regulations.","","","","2026-08-10T09:31:30.318605+00:00"
"USAJOBS","SALES STORE CHECKER","Defense Commissary Agency","https://www.usajobs.gov:443/job/857455400","This is an open continuous announcement. The initial cut off date will be two weeks after the open date, after this date additional referral lists will be created as vacancies become available. If you are referred and not selected or receive a letter indicating, you were ineligible because of missing documents you must complete a new application package for this vacancy to receive further consideration. This announcement may be used to fill full-time or part-time work schedules.","$36464-$44780 PA","Multiple Locations","This is an open continuous announcement. The initial cut off date will be two weeks after the open date, after this date additional referral lists will be created as vacancies become available. If you are referred and not selected or receive a letter indicating, you were ineligible because of missing documents you must complete a new application package for this vacancy to receive further consideration. This announcement may be used to fill full-time or part-time work schedules.","","","","2026-08-10T09:31:30.319612+00:00"
"USAJOBS","Sales Store Checker","Defense Commissary Agency","https://www.usajobs.gov:443/job/879274500","The primary purpose of this position is to operate a cash register scanning system to check out items and to receive payment for purchases made in a DeCA commissary. Read the entire announcement before starting the application process.","$36464-$44780 PA","Minot AFB, North Dakota","The primary purpose of this position is to operate a cash register scanning system to check out items and to receive payment for purchases made in a DeCA commissary. Read the entire announcement before starting the application process.","","","","2026-08-10T09:31:30.321131+00:00"
"USAJOBS","VCS-Sales Clerk-Milwaukee WI","Veterans Health Administration","https://www.usajobs.gov:443/job/879349700","Are you looking for a better work-life balance and opportunities to grow? Join an excellent organization that puts Veterans first for a fulfilling career! Since 1946 Veterans Canteen Service (VCS) has delivered the VCS benefits to millions of Veterans enrolled in the Department of Veterans Affairs (VA) Healthcare system, the largest Healthcare system in the United States.","$19.04-$19.04 PH","Milwaukee, Wisconsin","Are you looking for a better work-life balance and opportunities to grow? Join an excellent organization that puts Veterans first for a fulfilling career! Since 1946 Veterans Canteen Service (VCS) has delivered the VCS benefits to millions of Veterans enrolled in the Department of Veterans Affairs (VA) Healthcare system, the largest Healthcare system in the United States.","","","","2026-08-10T09:31:30.321778+00:00"
"USAJOBS","SALES ASSOCIATE NF1* (FLEX) MCX CENTRAL STOCKING TEAM","U.S. Marine Corps","https://www.usajobs.gov:443/job/877128900","Marine Corps Community Services (MCCS) is looking for the best and brightest to join our Team! MCCS is a comprehensive program that supports and enhances the quality of life for Marines, their families, and others in the Marine Corps Community. We offer a team oriented environment comprised of military personnel, civilian employees, contractors and volunteers who keep the organization functioning smoothly and effectively.","$15-$15 PH","Kaneohe, Hawaii","Marine Corps Community Services (MCCS) is looking for the best and brightest to join our Team! MCCS is a comprehensive program that supports and enhances the quality of life for Marines, their families, and others in the Marine Corps Community. We offer a team oriented environment comprised of military personnel, civilian employees, contractors and volunteers who keep the organization functioning smoothly and effectively.","","","","2026-08-10T09:31:30.322740+00:00"
"USAJOBS","MWR Sales Clerk (Barista)","Commander, Navy Installations Command","https://www.usajobs.gov:443/job/879850200","Navy MWR Barista creates the Navy MWR experience for our customers by providing legendary customer service with prompt service, quality beverages and products, and maintaining a clean and comfortable store environment. Responsible for modeling and acting in accordance with Navy MWR guiding principles of providing superior customer service to our patrons.","$21.28-$21.28 PH","San Diego, California","Navy MWR Barista creates the Navy MWR experience for our customers by providing legendary customer service with prompt service, quality beverages and products, and maintaining a clean and comfortable store environment. Responsible for modeling and acting in accordance with Navy MWR guiding principles of providing superior customer service to our patrons.","","","","2026-08-10T09:31:30.323713+00:00"
"USAJOBS","VCS - Retail Sales Associate - Orlando FL","Veterans Health Administration","https://www.usajobs.gov:443/job/878968700","Are you looking for a better work-life balance and opportunities to grow? Join an excellent organization that puts Veterans first for a fulfilling career! Since 1946 Veterans Canteen Service (VCS) has delivered the VCS benefits to millions of Veterans enrolled in the Department of Veterans Affairs (VA) Healthcare system, the largest Healthcare system in the United States.","$18.98-$18.98 PH","Orlando, Florida","Are you looking for a better work-life balance and opportunities to grow? Join an excellent organization that puts Veterans first for a fulfilling career! Since 1946 Veterans Canteen Service (VCS) has delivered the VCS benefits to millions of Veterans enrolled in the Department of Veterans Affairs (VA) Healthcare system, the largest Healthcare system in the United States.","","","","2026-08-10T09:31:30.324582+00:00"
"USAJOBS","VCS- Retail Sales Associate- Asheville NC","Veterans Health Administration","https://www.usajobs.gov:443/job/878280000","Are you looking for a better work-life balance and opportunities to grow? Join an excellent organization that puts Veterans first for a fulfilling career! Since 1946 Veterans Canteen Service (VCS) has delivered the VCS benefits to millions of Veterans enrolled in the Department of Veterans Affairs (VA) Healthcare system, the largest Healthcare system in the United States.","$18.23-$18.23 PH","Asheville, North Carolina","Are you looking for a better work-life balance and opportunities to grow? Join an excellent organization that puts Veterans first for a fulfilling career! Since 1946 Veterans Canteen Service (VCS) has delivered the VCS benefits to millions of Veterans enrolled in the Department of Veterans Affairs (VA) Healthcare system, the largest Healthcare system in the United States.","","","","2026-08-10T09:31:30.325564+00:00"
"USAJOBS","VCS Retail Sales Associate- San Francisco CA","Veterans Health Administration","https://www.usajobs.gov:443/job/879202900","Are you looking for a better work-life balance and opportunities to grow? Join an excellent organization that puts Veterans first for a fulfilling career! Since 1946 Veterans Canteen Service (VCS) has delivered the VCS benefits to millions of Veterans enrolled in the Department of Veterans Affairs (VA) Healthcare system, the largest Healthcare system in the United States.","$22.31-$22.31 PH","San Francisco, California","Are you looking for a better work-life balance and opportunities to grow? Join an excellent organization that puts Veterans first for a fulfilling career! Since 1946 Veterans Canteen Service (VCS) has delivered the VCS benefits to millions of Veterans enrolled in the Department of Veterans Affairs (VA) Healthcare system, the largest Healthcare system in the United States.","","","","2026-08-10T09:31:30.326521+00:00"
"USAJOBS","SALES ASSOCIATE NF-1 (NORTHERN MARINE MARTS, AND FUEL STATIONS INCLUDES SOI)","U.S. Marine Corps","https://www.usajobs.gov:443/job/877852500","Marine Corps Community Services (MCCS) is looking for the best and brightest to join our Team! MCCS is a comprehensive program that supports and enhances the quality of life for Marines, their families, and others in the Marine Corps Community. We offer a team oriented environment comprised of military personnel, civilian employees, contractors and volunteers who keep the organization functioning smoothly and effectively.","$17.4-$17.4 PH","Oceanside, California","Marine Corps Community Services (MCCS) is looking for the best and brightest to join our Team! MCCS is a comprehensive program that supports and enhances the quality of life for Marines, their families, and others in the Marine Corps Community. We offer a team oriented environment comprised of military personnel, civilian employees, contractors and volunteers who keep the organization functioning smoothly and effectively.","","","","2026-08-10T09:31:30.327641+00:00"
"USAJOBS","SALES MANAGER NF3","U.S. Marine Corps","https://www.usajobs.gov:443/job/879068700","Marine Corps Community Services (MCCS) is looking for the best and brightest to join our Team! MCCS is a comprehensive program that supports and enhances the quality of life for Marines, their families, and others in the Marine Corps Community. We offer a team oriented environment comprised of military personnel, civilian employees, contractors and volunteers who keep the organization functioning smoothly and effectively.","$21.96-$21.96 PH","Twentynine Palms, California","Marine Corps Community Services (MCCS) is looking for the best and brightest to join our Team! MCCS is a comprehensive program that supports and enhances the quality of life for Marines, their families, and others in the Marine Corps Community. We offer a team oriented environment comprised of military personnel, civilian employees, contractors and volunteers who keep the organization functioning smoothly and effectively.","","","","2026-08-10T09:31:30.328694+00:00"
"USAJOBS","Sales Manager NF3","U.S. Marine Corps","https://www.usajobs.gov:443/job/874514600","Marine Corps Community Services (MCCS) is looking for the best and brightest to join our Team! MCCS is a comprehensive program that supports and enhances the quality of life for Marines, their families, and others in the Marine Corps Community. We offer a team oriented environment comprised of military personnel, civilian employees, contractors and volunteers who keep the organization functioning smoothly and effectively.","$19.53-$22 PH","Quantico, Virginia","Marine Corps Community Services (MCCS) is looking for the best and brightest to join our Team! MCCS is a comprehensive program that supports and enhances the quality of life for Marines, their families, and others in the Marine Corps Community. We offer a team oriented environment comprised of military personnel, civilian employees, contractors and volunteers who keep the organization functioning smoothly and effectively.","","","","2026-08-10T09:31:30.329647+00:00"
"USAJOBS","SALES TEAM LEADER NF2* (RPT) MCX MARINE MARTS","U.S. Marine Corps","https://www.usajobs.gov:443/job/876737700","Marine Corps Community Services (MCCS) is looking for the best and brightest to join our Team! MCCS is a comprehensive program that supports and enhances the quality of life for Marines, their families, and others in the Marine Corps Community. We offer a team oriented environment comprised of military personnel, civilian employees, contractors and volunteers who keep the organization functioning smoothly and effectively.","$19.19-$22 PH","Kaneohe, Hawaii","Marine Corps Community Services (MCCS) is looking for the best and brightest to join our Team! MCCS is a comprehensive program that supports and enhances the quality of life for Marines, their families, and others in the Marine Corps Community. We offer a team oriented environment comprised of military personnel, civilian employees, contractors and volunteers who keep the organization functioning smoothly and effectively.","","","","2026-08-10T09:31:30.330610+00:00"
"USAJOBS","SALES TEAM LEADER NF2 (RPT) MCX MAIN EXCHANGE","U.S. Marine Corps","https://www.usajobs.gov:443/job/876341400","Marine Corps Community Services (MCCS) is looking for the best and brightest to join our Team! MCCS is a comprehensive program that supports and enhances the quality of life for Marines, their families, and others in the Marine Corps Community. We offer a team oriented environment comprised of military personnel, civilian employees, contractors and volunteers who keep the organization functioning smoothly and effectively.","$19.19-$19.19 PH","Kaneohe, Hawaii","Marine Corps Community Services (MCCS) is looking for the best and brightest to join our Team! MCCS is a comprehensive program that supports and enhances the quality of life for Marines, their families, and others in the Marine Corps Community. We offer a team oriented environment comprised of military personnel, civilian employees, contractors and volunteers who keep the organization functioning smoothly and effectively.","","","","2026-08-10T09:31:30.331595+00:00"
"USAJOBS","Catering Sales Coordinator NF-04","United States Army Installation Management Command","https://www.usajobs.gov:443/job/874334400","This position is located at Carlisle Barracks, Pennsylvania. Incentives and Bonuses Incentives will not be paid.","$55000-$62610 PA","Carlisle Barracks, Pennsylvania","This position is located at Carlisle Barracks, Pennsylvania. Incentives and Bonuses Incentives will not be paid.","","","","2026-08-10T09:31:30.332542+00:00"
"USAJOBS","SALES SPECIALIST NF2* (RPT) MCX MAIN EXCHANGE - MILITARY CLOTHING","U.S. Marine Corps","https://www.usajobs.gov:443/job/878923200","Marine Corps Community Services (MCCS) is looking for the best and brightest to join our Team! MCCS is a comprehensive program that supports and enhances the quality of life for Marines, their families, and others in the Marine Corps Community. We offer a team oriented environment comprised of military personnel, civilian employees, contractors and volunteers who keep the organization functioning smoothly and effectively.","$19.19-$37.39 PH","Kaneohe, Hawaii","Marine Corps Community Services (MCCS) is looking for the best and brightest to join our Team! MCCS is a comprehensive program that supports and enhances the quality of life for Marines, their families, and others in the Marine Corps Community. We offer a team oriented environment comprised of military personnel, civilian employees, contractors and volunteers who keep the organization functioning smoothly and effectively.","","","","2026-08-10T09:31:30.333028+00:00"
"USAJOBS","VCS - Retail Sales Associate - Tacoma WA","Veterans Health Administration","https://www.usajobs.gov:443/job/878166500","Now hiring: Team Members to provide exceptional service in our cafes and retail markets! The Veterans Canteen Service (VCS) located at the Tacoma, WA, VA Medical Center is seeking part-time Food Service Workers who enjoy working in a fast-paced environment and are committed to serving America's Heroes.","$19.59-$19.59 PH","Tacoma, Washington","Now hiring: Team Members to provide exceptional service in our cafes and retail markets! The Veterans Canteen Service (VCS) located at the Tacoma, WA, VA Medical Center is seeking part-time Food Service Workers who enjoy working in a fast-paced environment and are committed to serving America's Heroes.","","","","2026-08-10T09:31:30.334029+00:00"
"USAJOBS","Customer Service Clerk","Air Mobility Command","https://www.usajobs.gov:443/job/877804300","About the position: This position is Non-appropriated Fund (NAF) and will be assigned to the Redbank Golf Course located in Goose Creek, SC at the Naval Weapons Station. This position is a flexible position, may work 0-40 hours per week based on mission/programming requirements.","$15-$15 PH","Goose Creek, South Carolina","About the position: This position is Non-appropriated Fund (NAF) and will be assigned to the Redbank Golf Course located in Goose Creek, SC at the Naval Weapons Station. This position is a flexible position, may work 0-40 hours per week based on mission/programming requirements.","","","","2026-08-10T09:31:30.334834+00:00"
"USAJOBS","CUSTOMER SERVICES CLERK","Air Mobility Command","https://www.usajobs.gov:443/job/873669800","About the position: This position is Non-appropriated Fund (NAF) and will be assigned to the oint Base Charleston Wrenwoods Golf Course SC. The position will occasionally work at the Redbank Golf course located on the Naval Weapons Station and the schedule will be determined by the needs of the facility..","$15-$15 PH","Charleston AFB, South Carolina","About the position: This position is Non-appropriated Fund (NAF) and will be assigned to the oint Base Charleston Wrenwoods Golf Course SC. The position will occasionally work at the Redbank Golf course located on the Naval Weapons Station and the schedule will be determined by the needs of the facility..","","","","2026-08-10T09:31:30.335565+00:00"
"USAJOBS","Cashier-Checker","Air Combat Command","https://www.usajobs.gov:443/job/879012300","About the position: This position is Non-appropriated Fund (NAF) and will be assigned to the Silver Sage Event Center at Mountain Home AFB, ID. This is a Flexible position with no guaranteed work hours, but may work up to 40 hours per week. This position does not offer benefits. The primary purpose of this position is to sells a variety of merchandise items such as prepackaged snacks, tobacco products, candy, etc.","$15-$15 PH","Mountain Home AFB, Idaho","About the position: This position is Non-appropriated Fund (NAF) and will be assigned to the Silver Sage Event Center at Mountain Home AFB, ID. This is a Flexible position with no guaranteed work hours, but may work up to 40 hours per week. This position does not offer benefits. The primary purpose of this position is to sells a variety of merchandise items such as prepackaged snacks, tobacco products, candy, etc.","","","","2026-08-10T09:31:30.336359+00:00"
"USAJOBS","Cashier-Checker (Bomber Bistro)","Air Force Global Strike Command","https://www.usajobs.gov:443/job/873036600","About the position: This position will be a CASHIER-CHECKER assigned to BOMBER BISTRO at Minot AFB, ND. This is a FLEXIBLE (FLEX) position. A Flex (Intermittent) schedule does not have guaranteed hours, and you may work 0-40 hours per week as needed by the facility. Employees are eligible to use the fitness center, golf course, bowling center, clubs, and swimming pool.","$15-$15 PH","Minot AFB, North Dakota","About the position: This position will be a CASHIER-CHECKER assigned to BOMBER BISTRO at Minot AFB, ND. This is a FLEXIBLE (FLEX) position. A Flex (Intermittent) schedule does not have guaranteed hours, and you may work 0-40 hours per week as needed by the facility. Employees are eligible to use the fitness center, golf course, bowling center, clubs, and swimming pool.","","","","2026-08-10T09:31:30.337411+00:00"
"USAJOBS","CASHIER-CHECKER (BOWLING)","United States Space Force","https://www.usajobs.gov:443/job/879106800","About the position: This position is Non-appropriated Fund (NAF) and will be assigned to the 45th Force Support Squadron, Shark Lanes Bowling Center and Bistro on Patrick SFB, FL. Requires flexible availability for rotating shifts, including days, evenings, weekends, holidays, and special events.","$15-$15.5 PH","Patrick AFB, Florida","About the position: This position is Non-appropriated Fund (NAF) and will be assigned to the 45th Force Support Squadron, Shark Lanes Bowling Center and Bistro on Patrick SFB, FL. Requires flexible availability for rotating shifts, including days, evenings, weekends, holidays, and special events.","","","","2026-08-10T09:31:30.338301+00:00"
"USAJOBS","Waiter NA-02","United States Army Installation Management Command","https://www.usajobs.gov:443/job/878317300","This position is located at Morale Welfare Recreation Fund Food, Beverage, and Entertainment Private Parties Food Sales, Aberdeen Proving Ground, Maryland. Incentives and Bonuses Incentives will not be paid.","$18.52-$21.62 PH","Aberdeen Proving Ground, Maryland","This position is located at Morale Welfare Recreation Fund Food, Beverage, and Entertainment Private Parties Food Sales, Aberdeen Proving Ground, Maryland. Incentives and Bonuses Incentives will not be paid.","","","","2026-08-10T09:31:30.339001+00:00"
"USAJOBS","Recreation Aid (Golf Course)","Air Force Materiel Command","https://www.usajobs.gov:443/job/878889600","About the position: This position is Non-appropriated Fund (NAF) and will be assigned to the Golf operations at Wright-Patt AFB. Performs any or all of the following duties; issues clubs to members; cleans and inspects clubs for damages; stores equipment in appropriate location, etc.","$15.63-$15.63 PH","Wright-Patterson AFB, Ohio","About the position: This position is Non-appropriated Fund (NAF) and will be assigned to the Golf operations at Wright-Patt AFB. Performs any or all of the following duties; issues clubs to members; cleans and inspects clubs for damages; stores equipment in appropriate location, etc.","","","","2026-08-10T09:31:30.339569+00:00"
"USAJOBS","CASHIER-CHECKER","Air Education and Training Command","https://www.usajobs.gov:443/job/879842000","Now hiring a friendly, dependable Cashier-Checker at our Bowling Center! If you enjoy customer service, a fun atmosphere, and a fast-paced environment, apply today and help create great guest experiences. Work Schedule: Flexible, 0 to 40 hours weekly Dual Employment Authorized, not to exceed 40 hours weekly between both NAF positions","$15-$15 PH","Vance AFB, Oklahoma","Now hiring a friendly, dependable Cashier-Checker at our Bowling Center! If you enjoy customer service, a fun atmosphere, and a fast-paced environment, apply today and help create great guest experiences. Work Schedule: Flexible, 0 to 40 hours weekly Dual Employment Authorized, not to exceed 40 hours weekly between both NAF positions","","","","2026-08-10T09:31:30.340285+00:00"
"USAJOBS","MWR Snack Bar Operator","Commander, Navy Installations Command","https://www.usajobs.gov:443/job/879849000","This position is located in the Admiral Baker Clubhouse within the Morale, Welfare and Recreation Department of the Southwest Region. The primary purpose of this position is to sell snack food and beverage items to patrons of the snack bar. Also prepares simple foods and prepackaged snacks that require heating and ensure cleanliness of snack bar. Incumbent is assigned to Admiral Baker.","$21.28-$21.28 PH","San Diego, California","This position is located in the Admiral Baker Clubhouse within the Morale, Welfare and Recreation Department of the Southwest Region. The primary purpose of this position is to sell snack food and beverage items to patrons of the snack bar. Also prepares simple foods and prepackaged snacks that require heating and ensure cleanliness of snack bar. Incumbent is assigned to Admiral Baker.","","","","2026-08-10T09:31:30.341101+00:00"
"USAJOBS","Food Service Worker (Expediter) NA-02","United States Army Installation Management Command","https://www.usajobs.gov:443/job/866039900","This position is located at Fort AP Hill, Virginia. Incentives and Bonuses Incentives will not be paid.","$17.95-$20.96 PH","Fort AP Hill, Virginia","This position is located at Fort AP Hill, Virginia. Incentives and Bonuses Incentives will not be paid.","","","","2026-08-10T09:31:30.341938+00:00"
"USAJOBS","Food Service Worker NA-02","United States Army Installation Management Command","https://www.usajobs.gov:443/job/879851000","This position is located at Fort AP Hill, Virginia. Incentives and Bonuses Incentives will not be paid.","$17.95-$20.96 PH","Fort AP Hill, Virginia","This position is located at Fort AP Hill, Virginia. Incentives and Bonuses Incentives will not be paid.","","","","2026-08-10T09:31:30.342327+00:00"
"USAJOBS","Cook Leader NL-04","United States Army Installation Management Command","https://www.usajobs.gov:443/job/879851100","This position is located at Fort AP Hill, Virginia. Incentives and Bonuses Incentives will not be paid.","$21.63-$25.23 PH","Fort AP Hill, Virginia","This position is located at Fort AP Hill, Virginia. Incentives and Bonuses Incentives will not be paid.","","","","2026-08-10T09:31:30.342693+00:00"
"USAJOBS","Commercial Sponsorship Coordinator","Commander, Navy Installations Command","https://www.usajobs.gov:443/job/878803700","This position is assigned to the Nonappropriated Fund (NAF) Marketing and Communications Branch; Fleet and Family Readiness Support Services, Commander, Navy Installations Command (CNIC); Millington, TN. Incumbent is assigned to CNIC Headquarters (HQ) responsible for the total Commercial Sponsorship and Advertising Sales Program for CNIC's Fleet and Family Readiness (FFR) organization.","$90000-$110000 PA","Multiple Locations","This position is assigned to the Nonappropriated Fund (NAF) Marketing and Communications Branch; Fleet and Family Readiness Support Services, Commander, Navy Installations Command (CNIC); Millington, TN. Incumbent is assigned to CNIC Headquarters (HQ) responsible for the total Commercial Sponsorship and Advertising Sales Program for CNIC's Fleet and Family Readiness (FFR) organization.","","","","2026-08-10T09:31:30.343116+00:00"
"USAJOBS","Merchandising Specialist","U.S. Mint","https://www.usajobs.gov:443/job/878613800","This position is located at US Mint,Office of the Director - Sales Operations Branch. As a Merchandising Specialist, you will be responsible for the entire item master and all merchandising, warehousing, inventory, and shipping functions in the Order Management System. This position essentially serves as Senior Inventory Management Specialist.","$121785-$158322 PA","Washington, District of Columbia","This position is located at US Mint,Office of the Director - Sales Operations Branch. As a Merchandising Specialist, you will be responsible for the entire item master and all merchandising, warehousing, inventory, and shipping functions in the Order Management System. This position essentially serves as Senior Inventory Management Specialist.","","","","2026-08-10T09:31:30.343997+00:00"
"USAJOBS","FOREIGN MILITARY ASSISTANCE SPECIALIST (Country Program Manager)","Naval Education and Training Command","https://www.usajobs.gov:443/job/879080400","You will serve as a FOREIGN MILITARY ASSISTANCE SPECIALIST (Country Program Manager) in the Country Program Management Division of NET SEC ASTFLD ACT.","$89508-$116362 PA","Naval Air Station Pensacola, Florida","You will serve as a FOREIGN MILITARY ASSISTANCE SPECIALIST (Country Program Manager) in the Country Program Management Division of NET SEC ASTFLD ACT.","","","","2026-08-10T09:31:30.344739+00:00"
"USAJOBS","Experience Specialist NF2","U.S. Marine Corps","https://www.usajobs.gov:443/job/871449800","Marine Corps Community Services (MCCS) is looking for the best and brightest to join our Team! MCCS is a comprehensive program that supports and enhances the quality of life for Marines, their families, and others in the Marine Corps Community. We offer a team oriented environment comprised of military personnel, civilian employees, contractors and volunteers who keep the organization functioning smoothly and effectively.","$16-$18 PH","Quantico, Virginia","Marine Corps Community Services (MCCS) is looking for the best and brightest to join our Team! MCCS is a comprehensive program that supports and enhances the quality of life for Marines, their families, and others in the Marine Corps Community. We offer a team oriented environment comprised of military personnel, civilian employees, contractors and volunteers who keep the organization functioning smoothly and effectively.","","","","2026-08-10T09:31:30.345268+00:00"
"USAJOBS","BRAND INTEGRITY ASSOCIATE NF1","U.S. Marine Corps","https://www.usajobs.gov:443/job/879449700","Marine Corps Community Services (MCCS) is looking for the best and brightest to join our Team! MCCS is a comprehensive program that supports and enhances the quality of life for Marines, their families, and others in the Marine Corps Community. We offer a team oriented environment comprised of military personnel, civilian employees, contractors and volunteers who keep the organization functioning smoothly and effectively.","$16.9-$16.9 PH","Twentynine Palms, California","Marine Corps Community Services (MCCS) is looking for the best and brightest to join our Team! MCCS is a comprehensive program that supports and enhances the quality of life for Marines, their families, and others in the Marine Corps Community. We offer a team oriented environment comprised of military personnel, civilian employees, contractors and volunteers who keep the organization functioning smoothly and effectively.","","","","2026-08-10T09:31:30.346223+00:00"
"USAJOBS","EXPERIENCE SPECIALIST NF-2","U.S. Marine Corps","https://www.usajobs.gov:443/job/878519800","Marine Corps Community Services (MCCS) is looking for the best and brightest to join our Team! MCCS is a comprehensive program that supports and enhances the quality of life for Marines, their families, and others in the Marine Corps Community. We offer a team oriented environment comprised of military personnel, civilian employees, contractors and volunteers who keep the organization functioning smoothly and effectively.","$21.28-$21.28 PH","Marine Corps Air Station Miramar, California","Marine Corps Community Services (MCCS) is looking for the best and brightest to join our Team! MCCS is a comprehensive program that supports and enhances the quality of life for Marines, their families, and others in the Marine Corps Community. We offer a team oriented environment comprised of military personnel, civilian employees, contractors and volunteers who keep the organization functioning smoothly and effectively.","","","","2026-08-10T09:31:30.347683+00:00"
"USAJOBS","Experience Specialist (Cash Cage) NF2","U.S. Marine Corps","https://www.usajobs.gov:443/job/878888300","Marine Corps Community Services (MCCS) is looking for the best and brightest to join our Team! MCCS is a comprehensive program that supports and enhances the quality of life for Marines, their families, and others in the Marine Corps Community. We offer a team oriented environment comprised of military personnel, civilian employees, contractors and volunteers who keep the organization functioning smoothly and effectively.","$16-$18 PH","Quantico, Virginia","Marine Corps Community Services (MCCS) is looking for the best and brightest to join our Team! MCCS is a comprehensive program that supports and enhances the quality of life for Marines, their families, and others in the Marine Corps Community. We offer a team oriented environment comprised of military personnel, civilian employees, contractors and volunteers who keep the organization functioning smoothly and effectively.","","","","2026-08-10T09:31:30.348637+00:00"
"USAJOBS","EXPERIENCE SPECIALIST, NF-1101-02","U.S. Marine Corps","https://www.usajobs.gov:443/job/879748100","Marine Corps Community Services (MCCS) is looking for the best and brightest to join our Team! MCCS is a comprehensive program that supports and enhances the quality of life for Marines, their families, and others in the Marine Corps Community. We offer a team oriented environment comprised of military personnel, civilian employees, contractors and volunteers who keep the organization functioning smoothly and effectively.","$16.92-$16.92 PH","Jacksonville, North Carolina","Marine Corps Community Services (MCCS) is looking for the best and brightest to join our Team! MCCS is a comprehensive program that supports and enhances the quality of life for Marines, their families, and others in the Marine Corps Community. We offer a team oriented environment comprised of military personnel, civilian employees, contractors and volunteers who keep the organization functioning smoothly and effectively.","","","","2026-08-10T09:31:30.349601+00:00"
"USAJOBS","Recreation Assistant (Clubhouse)","Pacific Air Forces","https://www.usajobs.gov:443/job/879486500","About the position: This position is Non-Appropriated Fund (NAF) and will be assigned to the Moose Run Golf Course on Joint Base Elmendorf-Richardson, AK. This is a Seasonal position Not-To-Exceed 31-OCT-2026. This position is Flexible, meaning you are guaranteed a minimum of 0 hours per week to a maximum of 40 hours per week. Your schedule will depend on needs of the facility.","$16.8-$16.8 PH","Fort Richardson, Alaska","About the position: This position is Non-Appropriated Fund (NAF) and will be assigned to the Moose Run Golf Course on Joint Base Elmendorf-Richardson, AK. This is a Seasonal position Not-To-Exceed 31-OCT-2026. This position is Flexible, meaning you are guaranteed a minimum of 0 hours per week to a maximum of 40 hours per week. Your schedule will depend on needs of the facility.","","","","2026-08-10T09:31:30.350545+00:00"
"USAJOBS","Catering Manager NF-04","United States Army Installation Management Command","https://www.usajobs.gov:443/job/868149500","This position is located at the West Point Club. Incentives and Bonuses Incentives may be authorized if it is determined to be in the best interest of the Government. This position is entitled to percentage based commissions in addition to salary.","$52727-$59000 PA","West Point, New York","This position is located at the West Point Club. Incentives and Bonuses Incentives may be authorized if it is determined to be in the best interest of the Government. This position is entitled to percentage based commissions in addition to salary.","","","","2026-08-10T09:31:30.351403+00:00"
"USAJOBS","VCS-Assistant Canteen Chief- West Roxbury NY","Veterans Health Administration","https://www.usajobs.gov:443/job/879456600","Are you seeking a better work-life balance? Join an exceptional organization that prioritizes Veterans for an outstanding career! With over 80 years of serving our nation's Veterans, the Veterans Canteen Service (VCS) is currently seeking a dynamic Assistant General Manager for our West Roxbury, NY VA Medical Center Canteen. Join our fast-paced environment if you have a passion for our Veterans and their families, along with prior multi-unit experience.","$54525-$54525 PA","Roxbury, New York","Are you seeking a better work-life balance? Join an exceptional organization that prioritizes Veterans for an outstanding career! With over 80 years of serving our nation's Veterans, the Veterans Canteen Service (VCS) is currently seeking a dynamic Assistant General Manager for our West Roxbury, NY VA Medical Center Canteen. Join our fast-paced environment if you have a passion for our Veterans and their families, along with prior multi-unit experience.","","","","2026-08-10T09:31:30.352095+00:00"
"USAJOBS","VCS Assistant Canteen Chief - Ann Arbor","Veterans Health Administration","https://www.usajobs.gov:443/job/879803400","***$3000.00 Recruitment Bonus*** Are you seeking a better work-life balance? Join an exceptional organization that prioritizes Veterans for an outstanding career! With over 80 years of serving our nation's Veterans, the Veterans Canteen Service (VCS) is currently seeking a dynamic Assistant General Manager for our Ann Arbor, MI VA Medical Center Canteen. Join our fast-paced environment if you have a passion for our Veterans and their families, along with prior multi-unit experience.","$61642-$61642 PA","Ann Arbor, Michigan","***$3000.00 Recruitment Bonus*** Are you seeking a better work-life balance? Join an exceptional organization that prioritizes Veterans for an outstanding career! With over 80 years of serving our nation's Veterans, the Veterans Canteen Service (VCS) is currently seeking a dynamic Assistant General Manager for our Ann Arbor, MI VA Medical Center Canteen. Join our fast-paced environment if you have a passion for our Veterans and their families, along with prior multi-unit experience.","","","","2026-08-10T09:31:30.353183+00:00"
"USAJOBS","RECREATION ASSISTANT (OUTDOOR RECREATION)","United States Space Force","https://www.usajobs.gov:443/job/879424300","About the position: This position is Non-appropriated Fund (NAF) and will be assigned to the Outdoor Recreation Facility. This position requires shift work to provide coverage on days, evenings, weekends, holidays, or special situations. Scheduled hours will be 20-34 per week. Must be able to lift and carry objects weighing 40 pounds or more.","$16.8-$17 PH","Patrick AFB, Florida","About the position: This position is Non-appropriated Fund (NAF) and will be assigned to the Outdoor Recreation Facility. This position requires shift work to provide coverage on days, evenings, weekends, holidays, or special situations. Scheduled hours will be 20-34 per week. Must be able to lift and carry objects weighing 40 pounds or more.","","","","2026-08-10T09:31:30.354551+00:00"
"USAJOBS","Director of Marketing and Sponsorship NF-04","United States Army Installation Management Command","https://www.usajobs.gov:443/job/877964500","This position is located at White Sands Missile Range - DFMWR Marketing Team, NM. To better expedite the hiring process, we recommend including your full contact information and professional references on your resume. Incentives and Bonuses Retention incentives will be offered. The selected candidate will receive a $1000 bonus after successful completion of the first year of employment and an additional $1000 bonus after successful completion of the second year of employment.","$65000-$72000 PA","White Sands Missile Range, New Mexico","This position is located at White Sands Missile Range - DFMWR Marketing Team, NM. To better expedite the hiring process, we recommend including your full contact information and professional references on your resume. Incentives and Bonuses Retention incentives will be offered. The selected candidate will receive a $1000 bonus after successful completion of the first year of employment and an additional $1000 bonus after successful completion of the second year of employment.","","","","2026-08-10T09:31:30.355436+00:00"
"USAJOBS","FOOD AND BEVERAGE COORDINATOR","Air Force Global Strike Command","https://www.usajobs.gov:443/job/878917000","About the position: This position is Non-appropriated Fund (NAF) and will be assigned to Bandit Lanes and is a Regular position with 20 guaranteed hours. You are also eligible for NAF benefits such as: Health & Dental Insurance Life Insurance 401k with Employer Matching Contribution AFNAF Retirement Plan with Employer Contribution Paid Time Off and Paid Sick Leave Paid Federal Holidays Tuition Assistance","$20-$20 PH","Ellsworth AFB, South Dakota","About the position: This position is Non-appropriated Fund (NAF) and will be assigned to Bandit Lanes and is a Regular position with 20 guaranteed hours. You are also eligible for NAF benefits such as: Health & Dental Insurance Life Insurance 401k with Employer Matching Contribution AFNAF Retirement Plan with Employer Contribution Paid Time Off and Paid Sick Leave Paid Federal Holidays Tuition Assistance","","","","2026-08-10T09:31:30.356619+00:00"
"USAJOBS","Purchasing Agent","Veterans Health Administration","https://www.usajobs.gov:443/job/878982300","This position primarily performs Purchasing Agent work to acquire supplies, services, and construction by purchase, rental, or lease through (a) delivery orders and/or (b) small purchase procedures. The work requires knowledge of policies and procedures for delivery orders and small purchases. This work also requires knowledge of commercial supply sources and common business practices related to sales, prices, discounts, units of measurement, deliveries, stocks, and shipments.","$45409-$59031 PA","Biloxi, Mississippi","This position primarily performs Purchasing Agent work to acquire supplies, services, and construction by purchase, rental, or lease through (a) delivery orders and/or (b) small purchase procedures. The work requires knowledge of policies and procedures for delivery orders and small purchases. This work also requires knowledge of commercial supply sources and common business practices related to sales, prices, discounts, units of measurement, deliveries, stocks, and shipments.","","","","2026-08-10T09:31:30.357584+00:00"
"USAJOBS","Recreation Assistant (Golf Course)","Air Combat Command","https://www.usajobs.gov:443/job/876102400","About the position: This is a Flexible (intermittent) position, with no guaranteed hours; however, may be scheduled to work up to 40 hours per week, and will be assigned to the Eaglewood Golf Course at Langley Air Force Base, VA.","$16.5-$16.5 PH","Langley AFB, Virginia","About the position: This is a Flexible (intermittent) position, with no guaranteed hours; however, may be scheduled to work up to 40 hours per week, and will be assigned to the Eaglewood Golf Course at Langley Air Force Base, VA.","","","","2026-08-10T09:31:30.358587+00:00"
"USAJOBS","Bowling Center Manager","Commander, Navy Installations Command","https://www.usajobs.gov:443/job/877675100","This position is located in the Bowling Section of the Business Activities Branch, Morale, Welfare and Recreation (MWR) Department, Naval Air Station (NAS) Sigonella, Italy. The purpose of this position is to plan and carry out a comprehensive bowling program to meet the needs of eligible patrons.","$19.7-$26 PH","Sigonella Sicily, Italy","This position is located in the Bowling Section of the Business Activities Branch, Morale, Welfare and Recreation (MWR) Department, Naval Air Station (NAS) Sigonella, Italy. The purpose of this position is to plan and carry out a comprehensive bowling program to meet the needs of eligible patrons.","","","","2026-08-10T09:31:30.359191+00:00"
"USAJOBS","Recreation Fee Technician (Seasonal)","National Park Service","https://www.usajobs.gov:443/job/879673900","You will serve as a Recreation Fee Technician (Seasonal) for Pictured Rocks National Lakeshore. Recreation Fee Technicians collect and account for fees at various locations interacting with visitors and sharing information. Serve as front-line representative to answer questions and offer guidance to guests. You may be required to work on-call, evenings, weekends, holidays, overtime and shift work.","$19.52-$25.37 PH","Munising, Michigan","You will serve as a Recreation Fee Technician (Seasonal) for Pictured Rocks National Lakeshore. Recreation Fee Technicians collect and account for fees at various locations interacting with visitors and sharing information. Serve as front-line representative to answer questions and offer guidance to guests. You may be required to work on-call, evenings, weekends, holidays, overtime and shift work.","","","","2026-08-10T09:31:30.359955+00:00"
"USAJOBS","Correctional Officer - Recruitment Incentive - Direct Hire","Bureau of Prisons/Federal Prison System","https://www.usajobs.gov:443/job/879867100","Corrections professionals who foster a humane and secure environment and ensure public safety by preparing individuals for successful reentry into our communities.","$43693-$98113 PA","Multiple Locations","Corrections professionals who foster a humane and secure environment and ensure public safety by preparing individuals for successful reentry into our communities.","","","","2026-08-10T09:31:30.361203+00:00"
"USAJOBS","Teller","Defense Commissary Agency","https://www.usajobs.gov:443/job/878662200","Teller independently as part of a team in commissary store within the Defense Commissary Agency (DeCA) system. The purpose of this position is to control and account for all funds received and deposited daily as part of commissary store operations. Read the entire announcement before starting the application process.","$17.82-$22.68 PH","Maxwell AFB, Alabama","Teller independently as part of a team in commissary store within the Defense Commissary Agency (DeCA) system. The purpose of this position is to control and account for all funds received and deposited daily as part of commissary store operations. Read the entire announcement before starting the application process.","","","","2026-08-10T09:31:30.361725+00:00"
"USAJOBS","VCS - Patient Services Manager/ Registered Dietitian - Danville IL","Veterans Health Administration","https://www.usajobs.gov:443/job/873456300","The Veterans Canteen Service (VCS) is currently conducting a recruitment search for a Patient Services Manager (Registered Dietitian) to serve as Assistant Canteen Chief in Danville, IL. This role oversees all aspects of canteen operations, including retail, food service, vending, sales, merchandising, and accountability. Join our team and receive a $7,500 Recruitment Bonus!","$89510-$89510 PA","Danville, Illinois","The Veterans Canteen Service (VCS) is currently conducting a recruitment search for a Patient Services Manager (Registered Dietitian) to serve as Assistant Canteen Chief in Danville, IL. This role oversees all aspects of canteen operations, including retail, food service, vending, sales, merchandising, and accountability. Join our team and receive a $7,500 Recruitment Bonus!","","","","2026-08-10T09:31:30.362494+00:00"
"USAJOBS","Leisure Travel Manager NF-04","United States Army Installation Management Command","https://www.usajobs.gov:443/job/879418600","This position is located at the Leisure Travel Services on Fort Bliss. To better expedite the hiring process, we recommend including full contact information (name, address, phone number, email, etc.) for professional and personal references on your resume. Incentives and Bonuses Incentives will not be paid.","$66862-$69601 PA","Fort Bliss, Texas","This position is located at the Leisure Travel Services on Fort Bliss. To better expedite the hiring process, we recommend including full contact information (name, address, phone number, email, etc.) for professional and personal references on your resume. Incentives and Bonuses Incentives will not be paid.","","","","2026-08-10T09:31:30.363444+00:00"
"USAJOBS","BUDGET ANALYST T32","Army National Guard Units","https://www.usajobs.gov:443/job/857598500","THIS IS A NATIONAL GUARD TITLE 32 EXCEPTED SERVICE POSITION. This National Guard position is for a BUDGET ANALYST T32, PDD1008000 and is part of the AZ G4, National Guard.","$64564-$83938 PA","Phoenix, Arizona","THIS IS A NATIONAL GUARD TITLE 32 EXCEPTED SERVICE POSITION. This National Guard position is for a BUDGET ANALYST T32, PDD1008000 and is part of the AZ G4, National Guard.","","","","2026-08-10T09:31:30.364210+00:00"
"USAJOBS","Laborer NA-02","United States Army Installation Management Command","https://www.usajobs.gov:443/job/876894300","This position is located at: Lone Star Conference Center- Fort Hood, Texas. The Lone Star Conference Center consists of 10 well-equipped and sophisticated rooms to accommodate gatherings and celebrations, a decorating department and sales office. Dedicated to preserving military tradition, to include military ceremonies, festive weddings and parties. This is an open continuous announcement. All qualified applicants will be forwarded to management on a weekly or as needed basis.","$18.04-$21.05 PH","Fort Hood, Texas","This position is located at: Lone Star Conference Center- Fort Hood, Texas. The Lone Star Conference Center consists of 10 well-equipped and sophisticated rooms to accommodate gatherings and celebrations, a decorating department and sales office. Dedicated to preserving military tradition, to include military ceremonies, festive weddings and parties. This is an open continuous announcement. All qualified applicants will be forwarded to management on a weekly or as needed basis.","","","","2026-08-10T09:31:30.364782+00:00"
"USAJOBS","Lead Supply Technician","Government Publishing Office","https://www.usajobs.gov:443/job/878227400","GPO employees possess a diverse array of talent in many administrative fields and trades. We provide other agencies with innovative services for the printing, publishing, storage, and distribution of digital content. If you are an energetic, inventive individual looking for a challenging, yet rewarding career opportunity, GPO may be the place for you. This position is part of the Government Publication Sales, Government Publishing Office in Washington, District of Columbia . .","$51792-$67331 PA","Pueblo, Colorado","GPO employees possess a diverse array of talent in many administrative fields and trades. We provide other agencies with innovative services for the printing, publishing, storage, and distribution of digital content. If you are an energetic, inventive individual looking for a challenging, yet rewarding career opportunity, GPO may be the place for you. This position is part of the Government Publication Sales, Government Publishing Office in Washington, District of Columbia . .","","","","2026-08-10T09:31:30.365989+00:00"
"USAJOBS","GENERAL ENGINEER","Naval Air Systems Command","https://www.usajobs.gov:443/job/878510700","You will serve as a Combat Survivability Engineer in support of the F-35 Lightning II Joint Program Office (JPO) leading the development and support of system survivability technologies for the fifth-generation joint strike fighter (JSF) for the U.S. Navy, U.S. Marine Corps, international partners and foreign military sales customers. You will be a General Engineer in the Systems Engineering Department, Combat Survivability Division of NAVAIRWARCENAC DIV.","$102415-$158322 PA","Arlington County, Virginia","You will serve as a Combat Survivability Engineer in support of the F-35 Lightning II Joint Program Office (JPO) leading the development and support of system survivability technologies for the fifth-generation joint strike fighter (JSF) for the U.S. Navy, U.S. Marine Corps, international partners and foreign military sales customers. You will be a General Engineer in the Systems Engineering Department, Combat Survivability Division of NAVAIRWARCENAC DIV.","","","","2026-08-10T09:31:30.367163+00:00"
"USAJOBS","VCS Canteen Chief- Madison WI","Veterans Health Administration","https://www.usajobs.gov:443/job/879838100","Are you seeking a better work-life balance? Join an exceptional organization that prioritizes Veterans for an outstanding career! With over 80 years of serving our nation's Veterans, the Veterans Canteen Service (VCS) is currently seeking a dynamic General Manager for our Madison, WI VA Medical Center Canteen. Join our fast-paced environment if you have a passion for our Veterans and their families, along with prior multi-unit experience.","$71946-$71946 PA","Madison, Wisconsin","Are you seeking a better work-life balance? Join an exceptional organization that prioritizes Veterans for an outstanding career! With over 80 years of serving our nation's Veterans, the Veterans Canteen Service (VCS) is currently seeking a dynamic General Manager for our Madison, WI VA Medical Center Canteen. Join our fast-paced environment if you have a passion for our Veterans and their families, along with prior multi-unit experience.","","","","2026-08-10T09:31:30.368189+00:00"
"USAJOBS","Club Operations Assistant","Commander, Navy Installations Command","https://www.usajobs.gov:443/job/876466700","This position is located in the Morale, Welfare and Recreation (MWR) Department aboard Naval Air Station Lemoore. The primary purpose of this position is to monitor operations of a club or assigned area, normally during the absence of a manager and/or assistant manager and normally at night or on weekends.","$51653-$51653 PA","Lemoore, California","This position is located in the Morale, Welfare and Recreation (MWR) Department aboard Naval Air Station Lemoore. The primary purpose of this position is to monitor operations of a club or assigned area, normally during the absence of a manager and/or assistant manager and normally at night or on weekends.","","","","2026-08-10T09:31:30.369264+00:00"
"USAJOBS","Club Operations Assistant","Air Education and Training Command","https://www.usajobs.gov:443/job/878746000","This position will be assigned to the JBSA Randolph Clubs. This is a flexible category position with no guaranteed hours, may work up to 40 hrs./wk. Scheduled as needed. Employees appointed to a flexible (intermittent) category position are not eligible for benefits.","$16.5-$27.66 PH","Randolph AFB, Texas","This position will be assigned to the JBSA Randolph Clubs. This is a flexible category position with no guaranteed hours, may work up to 40 hrs./wk. Scheduled as needed. Employees appointed to a flexible (intermittent) category position are not eligible for benefits.","","","","2026-08-10T09:31:30.370030+00:00"
"USAJOBS","Food and Beverage Attendant NA-03","United States Army Installation Management Command","https://www.usajobs.gov:443/job/874932300","This announcement will be used to fill vacancies for various FMWR facilities on Fort Wainwright, Alaska. These facilities include City Center and Chena Bend Golf Course! Incentives and Bonuses Incentives may be paid. Up to 25% recruitment and/or retention incentive may be authorized for positions offering at least a guarantee of 10 hours per week.","$19.1-$22.28 PH","Fort Wainwright, Alaska","This announcement will be used to fill vacancies for various FMWR facilities on Fort Wainwright, Alaska. These facilities include City Center and Chena Bend Golf Course! Incentives and Bonuses Incentives may be paid. Up to 25% recruitment and/or retention incentive may be authorized for positions offering at least a guarantee of 10 hours per week.","","","","2026-08-10T09:31:30.370741+00:00"
"USAJOBS","RECREATION ASSISTANT (FAMCAMP)","United States Space Force","https://www.usajobs.gov:443/job/879404900","About the position: This position is Non-appropriated Fund (NAF) and will be assigned to the Manatee Cove Fam Camp and recreational lodging facilities. This position requires shift work to provide coverage on days, evenings, weekends, holidays, or special situations. Scheduled hours will be 0-40 per week. Must be able to life and carry objects weighing 40 pounds or more.","$16.8-$17 PH","Patrick AFB, Florida","About the position: This position is Non-appropriated Fund (NAF) and will be assigned to the Manatee Cove Fam Camp and recreational lodging facilities. This position requires shift work to provide coverage on days, evenings, weekends, holidays, or special situations. Scheduled hours will be 0-40 per week. Must be able to life and carry objects weighing 40 pounds or more.","","","","2026-08-10T09:31:30.371959+00:00"
"USAJOBS","Food and Beverage Attendant NA-01","U.S. Military Academy","https://www.usajobs.gov:443/job/854439300","This position is located at Grant Hall. Incentives and Bonuses Incentives will not be paid.","$17.7-$20.65 PH","West Point, New York","This position is located at Grant Hall. Incentives and Bonuses Incentives will not be paid.","","","","2026-08-10T09:31:30.372768+00:00"
"USAJOBS","Food and Beverage Attendant NA-01","U.S. Military Academy","https://www.usajobs.gov:443/job/854439800","This position is located at Jefferson Cafe (Grant Hall). Incentives and Bonuses Incentives will not be paid.","$17.7-$20.65 PH","West Point, New York","This position is located at Jefferson Cafe (Grant Hall). Incentives and Bonuses Incentives will not be paid.","","","","2026-08-10T09:31:30.373098+00:00"
"USAJOBS","SUPERVISORY PROGRAM ANALYST","Naval Sea Systems Command","https://www.usajobs.gov:443/job/879014400","You will serve as a SUPERVISORY PROGRAM ANALYST in the PMS 326 of NAVSEA HQ FIELD SUPPORT. This is a RE-ADVERTISEMENT of Announcement Number: ST-13015407-26-CMG. Applicants that have previously applied NEED to re-apply to this announcement.","$143913-$197200 PA","Washington Navy Yard, District of Columbia","You will serve as a SUPERVISORY PROGRAM ANALYST in the PMS 326 of NAVSEA HQ FIELD SUPPORT. This is a RE-ADVERTISEMENT of Announcement Number: ST-13015407-26-CMG. Applicants that have previously applied NEED to re-apply to this announcement.","","","","2026-08-10T09:31:30.373503+00:00"
"USAJOBS","Clerk (Veterinary Services) NF-02","U.S. Army Medical Command","https://www.usajobs.gov:443/job/878263500","This position is located at the Fairchild AFB Veterinary Treatment Facility. Incentives and Bonuses Incentives will not be paid.","$20.54-$20.54 PH","Fairchild AFB, Washington","This position is located at the Fairchild AFB Veterinary Treatment Facility. Incentives and Bonuses Incentives will not be paid.","","","","2026-08-10T09:31:30.374091+00:00"
"USAJOBS","VCS- Accounting Technician II","Veterans Health Administration","https://www.usajobs.gov:443/job/878893100","The VCS Central Office, located at the Jefferson Barracks VA Medical Center in St. Louis, MO, is conducting a recruitment search for an Accounting Technician II in our Finance Center. In this role, you will report to the Supervisory Accountant and play a critical role in the operations of the Finance Center.","$57302-$57302 PA","Saint Louis, Missouri","The VCS Central Office, located at the Jefferson Barracks VA Medical Center in St. Louis, MO, is conducting a recruitment search for an Accounting Technician II in our Finance Center. In this role, you will report to the Supervisory Accountant and play a critical role in the operations of the Finance Center.","","","","2026-08-10T09:31:30.374550+00:00"
"USAJOBS","Bartender NA-04","United States Army Installation Management Command","https://www.usajobs.gov:443/job/878836900","This position is located at: multiple locations - Fort Polk, Louisiana. As part of the Family and Morale, Welfare and Recreation (FMWR) Programs, we are dedicated to providing an unforgettable experience for Soldiers, Families and Civilian Community. This is an open continuous announcement. All qualified applicants will be forwarded to management on a weekly or as needed basis.","$19.96-$23.29 PH","Fort Polk, Louisiana","This position is located at: multiple locations - Fort Polk, Louisiana. As part of the Family and Morale, Welfare and Recreation (FMWR) Programs, we are dedicated to providing an unforgettable experience for Soldiers, Families and Civilian Community. This is an open continuous announcement. All qualified applicants will be forwarded to management on a weekly or as needed basis.","","","","2026-08-10T09:31:30.375534+00:00"
"USAJOBS","Food, Beverage and Entertainment Director","Commander, Navy Installations Command","https://www.usajobs.gov:443/job/879297200","This position is located within Fleet Readiness Department in Commander, Navy Region Japan (CNRJ) and is responsible for multiple and varied food and beverage facilities at CFAS. This encompasses the Harbor View Club, Galaxies Club, Showboat Theater, Hario Village Theater, and contracted facility Chili's. This position oversees the gaming program to include various video games, pay pool tables, jukeboxes, pay lockers as well as the Army Recreation Machine Program (ARMP) slot machine program.","$70000-$85000 PA","Sasebo Naval Base, Japan","This position is located within Fleet Readiness Department in Commander, Navy Region Japan (CNRJ) and is responsible for multiple and varied food and beverage facilities at CFAS. This encompasses the Harbor View Club, Galaxies Club, Showboat Theater, Hario Village Theater, and contracted facility Chili's. This position oversees the gaming program to include various video games, pay pool tables, jukeboxes, pay lockers as well as the Army Recreation Machine Program (ARMP) slot machine program.","","","","2026-08-10T09:31:30.376482+00:00"
"USAJOBS","VCS Health Tech (Optician)- Hickory","Veterans Health Administration","https://www.usajobs.gov:443/job/878441600","The Veterans Canteen Service (VCS) is seeking experienced and motivated Health Tech (Opticians) to support operations within VCS Optical Shops at the Hickory, NC Location VA Medical Center This position plays a critical role in delivering exceptional service by coordinating optical operations and serving as a key liaison between VCS, eye clinic providers and prosthetics teams. Join us and help enhance the experience for our Nation's Veterans.","$49215-$49215 PA","Hickory, North Carolina","The Veterans Canteen Service (VCS) is seeking experienced and motivated Health Tech (Opticians) to support operations within VCS Optical Shops at the Hickory, NC Location VA Medical Center This position plays a critical role in delivering exceptional service by coordinating optical operations and serving as a key liaison between VCS, eye clinic providers and prosthetics teams. Join us and help enhance the experience for our Nation's Veterans.","","","","2026-08-10T09:31:30.377603+00:00"
"USAJOBS","VCS Heath Tech (Optician)- Martinsburg","Veterans Health Administration","https://www.usajobs.gov:443/job/878458500","The Veterans Canteen Service (VCS) is seeking experienced and motivated Health Tech (Opticians) to support operations within VCS Optical Shops at the Martinsburg, WV Location VA Medical Center This position plays a critical role in delivering exceptional service by coordinating optical operations and serving as a key liaison between VCS, eye clinic providers and prosthetics teams. Join us and help enhance the experience for our Nation's Veterans.","$48142-$48142 PA","Martinsburg, West Virginia","The Veterans Canteen Service (VCS) is seeking experienced and motivated Health Tech (Opticians) to support operations within VCS Optical Shops at the Martinsburg, WV Location VA Medical Center This position plays a critical role in delivering exceptional service by coordinating optical operations and serving as a key liaison between VCS, eye clinic providers and prosthetics teams. Join us and help enhance the experience for our Nation's Veterans.","","","","2026-08-10T09:31:30.378709+00:00"
"USAJOBS","VCS Health Tech (Optician)-Biloxi","Veterans Health Administration","https://www.usajobs.gov:443/job/878495900","The Veterans Canteen Service (VCS) is seeking experienced and motivated Health Tech (Opticians) to support operations within VCS Optical Shops at the Biloxi, MS Location VA Medical Center. This position plays a critical role in delivering exceptional service by coordinating optical operations and serving as a key liaison between VCS, eye clinic providers and prosthetics teams. Join us and help enhance the experience for our Nation's Veterans.","$48142-$48142 PA","Biloxi, Mississippi","The Veterans Canteen Service (VCS) is seeking experienced and motivated Health Tech (Opticians) to support operations within VCS Optical Shops at the Biloxi, MS Location VA Medical Center. This position plays a critical role in delivering exceptional service by coordinating optical operations and serving as a key liaison between VCS, eye clinic providers and prosthetics teams. Join us and help enhance the experience for our Nation's Veterans.","","","","2026-08-10T09:31:30.379805+00:00"
"USAJOBS","VCS Health Tech (Optical)-Dublin","Veterans Health Administration","https://www.usajobs.gov:443/job/878540500","The Veterans Canteen Service (VCS) is seeking experienced and motivated Health Tech (Opticians) to support operations within VCS Optical Shops at the Dublin, GA Location VA Medical Center. This position plays a critical role in delivering exceptional service by coordinating optical operations and serving as a key liaison between VCS, eye clinic providers and prosthetics teams. Join us and help enhance the experience for our Nation's Veterans.","$48142-$48142 PA","Dublin, Georgia","The Veterans Canteen Service (VCS) is seeking experienced and motivated Health Tech (Opticians) to support operations within VCS Optical Shops at the Dublin, GA Location VA Medical Center. This position plays a critical role in delivering exceptional service by coordinating optical operations and serving as a key liaison between VCS, eye clinic providers and prosthetics teams. Join us and help enhance the experience for our Nation's Veterans.","","","","2026-08-10T09:31:30.380877+00:00"
"USAJOBS","VCS Health Tech (Optician)- Pensacola","Veterans Health Administration","https://www.usajobs.gov:443/job/878729500","The Veterans Canteen Service (VCS) is seeking experienced and motivated Health Tech (Opticians) to support operations within VCS Optical Shops at the Pensacola, FL Location VA Medical Center. This position plays a critical role in delivering exceptional service by coordinating optical operations and serving as a key liaison between VCS, eye clinic providers and prosthetics teams. Join us and help enhance the experience for our Nation's Veterans.","$48142-$48142 PA","Pensacola, Florida","The Veterans Canteen Service (VCS) is seeking experienced and motivated Health Tech (Opticians) to support operations within VCS Optical Shops at the Pensacola, FL Location VA Medical Center. This position plays a critical role in delivering exceptional service by coordinating optical operations and serving as a key liaison between VCS, eye clinic providers and prosthetics teams. Join us and help enhance the experience for our Nation's Veterans.","","","","2026-08-10T09:31:30.381962+00:00"
"USAJOBS","VCS Health Tech(Optician)-Panama City","Veterans Health Administration","https://www.usajobs.gov:443/job/878736000","The Veterans Canteen Service (VCS) is seeking experienced and motivated Health Tech (Opticians) to support operations within VCS Optical Shops at the Panama City, FL Location VA Medical Center. This position plays a critical role in delivering exceptional service by coordinating optical operations and serving as a key liaison between VCS, eye clinic providers and prosthetics teams. Join us and help enhance the experience for our Nation's Veterans.","$48142-$48142 PA","Panama City, Florida","The Veterans Canteen Service (VCS) is seeking experienced and motivated Health Tech (Opticians) to support operations within VCS Optical Shops at the Panama City, FL Location VA Medical Center. This position plays a critical role in delivering exceptional service by coordinating optical operations and serving as a key liaison between VCS, eye clinic providers and prosthetics teams. Join us and help enhance the experience for our Nation's Veterans.","","","","2026-08-10T09:31:30.383046+00:00"
"USAJOBS","VCS Health Tech (Optician)- Dublin","Veterans Health Administration","https://www.usajobs.gov:443/job/878739600","The Veterans Canteen Service (VCS) is seeking experienced and motivated Health Tech (Opticians) to support operations within VCS Optical Shops at the Dublin, GA Location VA Medical Center. This position plays a critical role in delivering exceptional service by coordinating optical operations and serving as a key liaison between VCS, eye clinic providers and prosthetics teams. Join us and help enhance the experience for our Nation's Veterans.","$48142-$48142 PA","Dublin, Georgia","The Veterans Canteen Service (VCS) is seeking experienced and motivated Health Tech (Opticians) to support operations within VCS Optical Shops at the Dublin, GA Location VA Medical Center. This position plays a critical role in delivering exceptional service by coordinating optical operations and serving as a key liaison between VCS, eye clinic providers and prosthetics teams. Join us and help enhance the experience for our Nation's Veterans.","","","","2026-08-10T09:31:30.384144+00:00"
"USAJOBS","VCS Health Tech (Optician)- Macon","Veterans Health Administration","https://www.usajobs.gov:443/job/878740500","The Veterans Canteen Service (VCS) is seeking experienced and motivated Health Tech (Opticians) to support operations within VCS Optical Shops at the Macon, GA Location VA Medical Center. This position plays a critical role in delivering exceptional service by coordinating optical operations and serving as a key liaison between VCS, eye clinic providers and prosthetics teams. Join us and help enhance the experience for our Nation's Veterans.","$48142-$48142 PA","Macon, Georgia","The Veterans Canteen Service (VCS) is seeking experienced and motivated Health Tech (Opticians) to support operations within VCS Optical Shops at the Macon, GA Location VA Medical Center. This position plays a critical role in delivering exceptional service by coordinating optical operations and serving as a key liaison between VCS, eye clinic providers and prosthetics teams. Join us and help enhance the experience for our Nation's Veterans.","","","","2026-08-10T09:31:30.385308+00:00"
"USAJOBS","VCS Health Tech (Optician)-Minneapolis","Veterans Health Administration","https://www.usajobs.gov:443/job/878741300","The Veterans Canteen Service (VCS) is seeking experienced and motivated Health Tech (Opticians) to support operations within VCS Optical Shops at the Minneapolis, MN Location VA Medical Center. This position plays a critical role in delivering exceptional service by coordinating optical operations and serving as a key liaison between VCS, eye clinic providers and prosthetics teams. Join us and help enhance the experience for our Nation's Veterans.","$52485-$52485 PA","Minneapolis, Minnesota","The Veterans Canteen Service (VCS) is seeking experienced and motivated Health Tech (Opticians) to support operations within VCS Optical Shops at the Minneapolis, MN Location VA Medical Center. This position plays a critical role in delivering exceptional service by coordinating optical operations and serving as a key liaison between VCS, eye clinic providers and prosthetics teams. Join us and help enhance the experience for our Nation's Veterans.","","","","2026-08-10T09:31:30.386405+00:00"
"USAJOBS","VCS Health Tech (Optician)- Kernersville","Veterans Health Administration","https://www.usajobs.gov:443/job/878835400","The Veterans Canteen Service (VCS) is seeking experienced and motivated Health Tech (Opticians) to support operations within VCS Optical Shops at the Kernersville, NC Location VA Medical Center. This position plays a critical role in delivering exceptional service by coordinating optical operations and serving as a key liaison between VCS, eye clinic providers and prosthetics teams. Join us and help enhance the experience for our Nation's Veterans.","$48142-$48142 PA","Kernersville, North Carolina","The Veterans Canteen Service (VCS) is seeking experienced and motivated Health Tech (Opticians) to support operations within VCS Optical Shops at the Kernersville, NC Location VA Medical Center. This position plays a critical role in delivering exceptional service by coordinating optical operations and serving as a key liaison between VCS, eye clinic providers and prosthetics teams. Join us and help enhance the experience for our Nation's Veterans.","","","","2026-08-10T09:31:30.387516+00:00"
"USAJOBS","VCS Health Tech (Optician)-Minneapolis","Veterans Health Administration","https://www.usajobs.gov:443/job/878899900","The Veterans Canteen Service (VCS) is seeking experienced and motivated Health Tech (Opticians) to support operations within VCS Optical Shops at the Minneapolis and Maplewood, NC Location VA Medical Center. This position plays a critical role in delivering exceptional service by coordinating optical operations and serving as a key liaison between VCS, eye clinic providers and prosthetics teams. Join us and help enhance the experience for our Nation's Veterans.","$52485-$52485 PA","Multiple Locations","The Veterans Canteen Service (VCS) is seeking experienced and motivated Health Tech (Opticians) to support operations within VCS Optical Shops at the Minneapolis and Maplewood, NC Location VA Medical Center. This position plays a critical role in delivering exceptional service by coordinating optical operations and serving as a key liaison between VCS, eye clinic providers and prosthetics teams. Join us and help enhance the experience for our Nation's Veterans.","","","","2026-08-10T09:31:30.388613+00:00"
"USAJOBS","VCS Health Tech (Optician)-Charlotte","Veterans Health Administration","https://www.usajobs.gov:443/job/878906500","The Veterans Canteen Service (VCS) is seeking experienced and motivated Health Tech (Opticians) to support operations within VCS Optical Shops at the Charlotte, NC Location VA Medical Center. This position plays a critical role in delivering exceptional service by coordinating optical operations and serving as a key liaison between VCS, eye clinic providers and prosthetics teams. Join us and help enhance the experience for our Nation's Veterans.","$49215-$49215 PA","Charlotte, North Carolina","The Veterans Canteen Service (VCS) is seeking experienced and motivated Health Tech (Opticians) to support operations within VCS Optical Shops at the Charlotte, NC Location VA Medical Center. This position plays a critical role in delivering exceptional service by coordinating optical operations and serving as a key liaison between VCS, eye clinic providers and prosthetics teams. Join us and help enhance the experience for our Nation's Veterans.","","","","2026-08-10T09:31:30.389733+00:00"
"USAJOBS","VCS Health Tech (Optician)- Augusta GA","Veterans Health Administration","https://www.usajobs.gov:443/job/879564600","The Veterans Canteen Service (VCS) is seeking experienced and motivated Health Tech (Opticians) to support operations within VCS Optical Shops at the Augusta, GA VA Medical Center. This position plays a critical role in delivering exceptional service by coordinating optical operations and serving as a key liaison between VCS, eye clinic providers and prosthetics teams. Join us and help enhance the experience for our Nation's Veterans.","$48142-$48142 PA","Augusta, Georgia","The Veterans Canteen Service (VCS) is seeking experienced and motivated Health Tech (Opticians) to support operations within VCS Optical Shops at the Augusta, GA VA Medical Center. This position plays a critical role in delivering exceptional service by coordinating optical operations and serving as a key liaison between VCS, eye clinic providers and prosthetics teams. Join us and help enhance the experience for our Nation's Veterans.","","","","2026-08-10T09:31:30.390812+00:00"
"USAJOBS","FINANCIAL SPECIALIST","Defense Intelligence Agency","https://www.usajobs.gov:443/job/878440100","We are committed to: Teamwork: Partnering at all levels and across organizational boundaries for mission accomplishment. Integrity: Adherence to the highest legal and ethical principles in our responsibilities. Excellence: Unrivaled defense intelligence expertise. Service: Putting the welfare of the Nation and commitment to our mission before oneself.","$121785-$158322 PA","Washington, District of Columbia","We are committed to: Teamwork: Partnering at all levels and across organizational boundaries for mission accomplishment. Integrity: Adherence to the highest legal and ethical principles in our responsibilities. Excellence: Unrivaled defense intelligence expertise. Service: Putting the welfare of the Nation and commitment to our mission before oneself.","","","","2026-08-10T09:31:30.391861+00:00"
"USAJOBS","Teller","Defense Commissary Agency","https://www.usajobs.gov:443/job/847506000","About the Position: This announcement may be used to fill full-time or part-time work schedules. If you decline a position covered in this announcement and want to be considered at a later time, you must reapply.","$37193-$46526 PA","Multiple Locations","About the Position: This announcement may be used to fill full-time or part-time work schedules. If you decline a position covered in this announcement and want to be considered at a later time, you must reapply.","","","","2026-08-10T09:31:30.392635+00:00"
"USAJOBS","VCS - Retail Allocation/Data Entry Assistant","Veterans Health Administration","https://www.usajobs.gov:443/job/878904000","The VCS Central Office, located at the Jefferson Barracks VA Medical Center in St. Louis, MO, is conducting a recruitment search for a Retail Allocation/Data Entry Assistant in the Inventory Management and Logistics Division. This is a career ladder position with promotion potential to the VC-11. Promotion is not guaranteed but is based on the employee meeting established qualification and performance criteria and on management's recommendation.","$49364-$49364 PA","Saint Louis, Missouri","The VCS Central Office, located at the Jefferson Barracks VA Medical Center in St. Louis, MO, is conducting a recruitment search for a Retail Allocation/Data Entry Assistant in the Inventory Management and Logistics Division. This is a career ladder position with promotion potential to the VC-11. Promotion is not guaranteed but is based on the employee meeting established qualification and performance criteria and on management's recommendation.","","","","2026-08-10T09:31:30.393234+00:00"
"USAJOBS","Call Center Representative - DHA","Social Security Administration","https://www.usajobs.gov:443/job/871606900","Positions under this announcement are being filled using a Direct Hire Authority (DHA)(SSA-001), open to all U.S. citizens. Selections made under this bulletin will be processed as new appointments. Current civil service employees would be given new appointments to the civil service. Under the provisions of DHA, Veterans Preference does not apply. To learn more about SSA, click the links below: Careers with SSA The United States Social Security Administration my Social Security | SSA","$40736-$82007 PA","Multiple Locations","Positions under this announcement are being filled using a Direct Hire Authority (DHA)(SSA-001), open to all U.S. citizens. Selections made under this bulletin will be processed as new appointments. Current civil service employees would be given new appointments to the civil service. Under the provisions of DHA, Veterans Preference does not apply. To learn more about SSA, click the links below: Careers with SSA The United States Social Security Administration my Social Security | SSA","","","","2026-08-10T09:31:30.394404+00:00"
"USAJOBS","Call Center Representative - DHA","Social Security Administration","https://www.usajobs.gov:443/job/878631000","Positions under this announcement are being filled using a Direct Hire Authority (DHA)(SSA-001), open to all U.S. citizens. Selections made under this bulletin will be processed as new appointments. Current civil service employees would be given new appointments to the civil service. Under the provisions of DHA, Veterans Preference does not apply. To learn more about SSA, click the links below: Careers with SSA The United States Social Security Administration my Social Security | SSA","$40736-$68485 PA","Multiple Locations","Positions under this announcement are being filled using a Direct Hire Authority (DHA)(SSA-001), open to all U.S. citizens. Selections made under this bulletin will be processed as new appointments. Current civil service employees would be given new appointments to the civil service. Under the provisions of DHA, Veterans Preference does not apply. To learn more about SSA, click the links below: Careers with SSA The United States Social Security Administration my Social Security | SSA","","","","2026-08-10T09:31:30.395619+00:00"
"USAJOBS","Food and Beverage Attendant NA-02","United States Army Installation Management Command","https://www.usajobs.gov:443/job/873179600","This position is located at USAG Benelux- MWR, Java Cafe-Bene Brew, Chievres Air Base, Belgium. Incentives and Bonuses Incentives will not be paid. This is an open continuous announcement to provide a ready pool of available applicants as needed. This position will have an initial cut-off of 26-Jun-2026. Applications prior to that date will be given first consideration. Additional referral lists may be issued as vacancies occur.","$17.78-$20.75 PH","Chievres Air Base, Belgium","This position is located at USAG Benelux- MWR, Java Cafe-Bene Brew, Chievres Air Base, Belgium. Incentives and Bonuses Incentives will not be paid. This is an open continuous announcement to provide a ready pool of available applicants as needed. This position will have an initial cut-off of 26-Jun-2026. Applications prior to that date will be given first consideration. Additional referral lists may be issued as vacancies occur.","","","","2026-08-10T09:31:30.396813+00:00"
"USAJOBS","Food and Beverage Attendant NA-03","United States Army Installation Management Command","https://www.usajobs.gov:443/job/864800400","This position is located at Club Stewart, Fort Stewart, GA. Incentives and Bonuses Incentives will not be paid. This announcement was modified on 05/07/2026 to change the Bargaining Unit Status to ""No"". This announcement was updated on 9 JUL 2026 to reflect a closing date of 31 DEC 2026. Applicants will be referred as vacancies occur.","$19.08-$22.27 PH","Fort Stewart, Georgia","This position is located at Club Stewart, Fort Stewart, GA. Incentives and Bonuses Incentives will not be paid. This announcement was modified on 05/07/2026 to change the Bargaining Unit Status to ""No"". This announcement was updated on 9 JUL 2026 to reflect a closing date of 31 DEC 2026. Applicants will be referred as vacancies occur.","","","","2026-08-10T09:31:30.397872+00:00"
"USAJOBS","Recreation Assistant (Community Recreation)","Commander, Navy Installations Command","https://www.usajobs.gov:443/job/879046300","Support the Military's Quality of Life programs! The Morale, Welfare, and Recreation (MWR) department of Commander, Navy Installations Command (CNIC) provides fitness, recreation, lodging and food and beverage programs for service members, their families, retired military and civilian employees. This position is assigned to the Non-Appropriated Fund (NAF) Community Recreation, and Deployed Support Branch; Fleet Readiness; Commander, Navy Installations command (CNIC); Naval Station Everett","$20.54-$22 PH","Everett, Washington","Support the Military's Quality of Life programs! The Morale, Welfare, and Recreation (MWR) department of Commander, Navy Installations Command (CNIC) provides fitness, recreation, lodging and food and beverage programs for service members, their families, retired military and civilian employees. This position is assigned to the Non-Appropriated Fund (NAF) Community Recreation, and Deployed Support Branch; Fleet Readiness; Commander, Navy Installations command (CNIC); Naval Station Everett","","","","2026-08-10T09:31:30.398815+00:00"
"USAJOBS","Recreation Aid/Assistant (Theater) - Flexible","Commander, Navy Installations Command","https://www.usajobs.gov:443/job/854723500","This position is located at NAS Sigonella, Midtown 2 Movie Theater, Business Activities Division of the Morale, Welfare and Recreation (MWR) Department. This position provides oversight and control of the Theaters.","$15-$17.25 PH","Sigonella Sicily, Italy","This position is located at NAS Sigonella, Midtown 2 Movie Theater, Business Activities Division of the Morale, Welfare and Recreation (MWR) Department. This position provides oversight and control of the Theaters.","","","","2026-08-10T09:31:30.399864+00:00"
"USAJOBS","Food Service Worker","Commander, Navy Installations Command","https://www.usajobs.gov:443/job/873900700","This position is assigned to the Morale, Welfare, and Recreation (MWR) Business Operations Department; Fleet Readiness (N92); Commander Navy Region Center Singapore; NSA Singapore. The purpose of this position is to prepare, serve, and sell a limited variety of food and beverage items available from MWR operated food centers within the club system.","$19.48-$19.48 PH","Singapore, Singapore","This position is assigned to the Morale, Welfare, and Recreation (MWR) Business Operations Department; Fleet Readiness (N92); Commander Navy Region Center Singapore; NSA Singapore. The purpose of this position is to prepare, serve, and sell a limited variety of food and beverage items available from MWR operated food centers within the club system.","","","","2026-08-10T09:31:30.400477+00:00"
"USAJOBS","Administrative Assistant","Commander, Navy Installations Command","https://www.usajobs.gov:443/job/879702300","This position is assigned to the Recreation Division; Morale, Welfare and Recreation (MWR) Department; Commander, Navy Installations Command (CNIC). The purpose of this position is to provide program support for Marina and Community Recreation Activities for the assigned Sailing Center or Marina facility.","$18.5-$20 PH","Norfolk, Virginia","This position is assigned to the Recreation Division; Morale, Welfare and Recreation (MWR) Department; Commander, Navy Installations Command (CNIC). The purpose of this position is to provide program support for Marina and Community Recreation Activities for the assigned Sailing Center or Marina facility.","","","","2026-08-10T09:31:30.401299+00:00"
"USAJOBS","Food and Beverage Attendant NA-02","United States Army Installation Management Command","https://www.usajobs.gov:443/job/878768800","This position is located at USAG Italy - MWR, Java Cafe, Caserma Ederle , Vicenza, Italy. This announcement will have a first cut-off date of 7-Aug-2026. Applications prior to that date and found eligible will be given first consideration. Additional referral lists may be issued as vacancies are needed. Incentives and Bonuses Incentives will not be paid.","$17.78-$20.75 PH","Vicenza, Italy","This position is located at USAG Italy - MWR, Java Cafe, Caserma Ederle , Vicenza, Italy. This announcement will have a first cut-off date of 7-Aug-2026. Applications prior to that date and found eligible will be given first consideration. Additional referral lists may be issued as vacancies are needed. Incentives and Bonuses Incentives will not be paid.","","","","2026-08-10T09:31:30.402041+00:00"
"USAJOBS","Recreation Specialist (Arts and Crafts Center Manager)","Air Combat Command","https://www.usajobs.gov:443/job/879674900","About the position: This position will be assigned to the Arts & Crafts Center on Nellis AFB, NV. Regular Full-Time employees are guaranteed 35 hours but may work up to 40 hours per week. This position does offer benefits. Must be able to work in an environment with occasional exposure to high noise levels, dust, grease, and dirt. Work requires some physical exertion, e.g., handling tools, materials, equipment/ organizing the physical environment for activities and teaching classes.","$25.26-$59.66 PH","Nellis AFB, Nevada","About the position: This position will be assigned to the Arts & Crafts Center on Nellis AFB, NV. Regular Full-Time employees are guaranteed 35 hours but may work up to 40 hours per week. This position does offer benefits. Must be able to work in an environment with occasional exposure to high noise levels, dust, grease, and dirt. Work requires some physical exertion, e.g., handling tools, materials, equipment/ organizing the physical environment for activities and teaching classes.","","","","2026-08-10T09:31:30.402994+00:00"
"USAJOBS","Recreation Aid","U.S. Air Forces, Europe","https://www.usajobs.gov:443/job/877303600","About the position:This is a Flexible (Intermittent) category position located at the Spartan Lanes Bowling Center, 423d Force Support Squadron, RAF Alconbury, United Kingdom. The incumbent may be required to work 0-40 hours per week, as needed. There are no guaranteed hours.","$15-$15 PH","Alconbury, United Kingdom","About the position:This is a Flexible (Intermittent) category position located at the Spartan Lanes Bowling Center, 423d Force Support Squadron, RAF Alconbury, United Kingdom. The incumbent may be required to work 0-40 hours per week, as needed. There are no guaranteed hours.","","","","2026-08-10T09:31:30.404176+00:00"
"USAJOBS","Food and Beverage Attendant NA-03","United States Army Installation Management Command","https://www.usajobs.gov:443/job/877268900","This position is located at: Shockwave - Fort Irwin, California. As one of the dining facilities, Shockwave offers a variety of services for our Fort Irwin Soldiers and Families, including: Dine-In and take-out, delivery service anywhere on Fort Irwin and a full bar. This is an open continuous announcement. All qualified applicants will be forwarded to management on a weekly or as needed basis.","$18.89-$22.04 PH","Fort Irwin, California","This position is located at: Shockwave - Fort Irwin, California. As one of the dining facilities, Shockwave offers a variety of services for our Fort Irwin Soldiers and Families, including: Dine-In and take-out, delivery service anywhere on Fort Irwin and a full bar. This is an open continuous announcement. All qualified applicants will be forwarded to management on a weekly or as needed basis.","","","","2026-08-10T09:31:30.404904+00:00"
"USAJOBS","Food and Beverage Attendant NA-02","Defense Logistics Agency","https://www.usajobs.gov:443/job/878318600","This position is located at Defense Logistics Agency in Richmond, Virginia. To better expedite the hiring process, we recommend including full contact information (name, address, phone number, email, etc.) for professional and personal references on your resume. Incentives and Bonuses Incentives will not be paid","$17.89-$20.88 PH","Richmond, Virginia","This position is located at Defense Logistics Agency in Richmond, Virginia. To better expedite the hiring process, we recommend including full contact information (name, address, phone number, email, etc.) for professional and personal references on your resume. Incentives and Bonuses Incentives will not be paid","","","","2026-08-10T09:31:30.405845+00:00"
"USAJOBS","Food and Beverage Attendant NA-03","United States Army Installation Management Command","https://www.usajobs.gov:443/job/879645400","This position is located at: Epicenter Food Truck - Fort Irwin, California. As a member of the Epicenter Food Truck team, you will be integral to a network of dining facilities. These establishments range from casual eateries to full-service dining and event catering. This is an open continuous announcement. All qualified applicants will be forwarded to management on a weekly or as needed basis","$18.89-$22.04 PH","Fort Irwin, California","This position is located at: Epicenter Food Truck - Fort Irwin, California. As a member of the Epicenter Food Truck team, you will be integral to a network of dining facilities. These establishments range from casual eateries to full-service dining and event catering. This is an open continuous announcement. All qualified applicants will be forwarded to management on a weekly or as needed basis","","","","2026-08-10T09:31:30.406637+00:00"
"USAJOBS","IT SPEC (INFOSEC/NETWORK) - TITLE 32","Air National Guard Units","https://www.usajobs.gov:443/job/862387500","THIS IS A NATIONAL GUARD TITLE 32 EXCEPTED SERVICE POSITION. This position is for an IT Spec (Infosec/Network), Position Description Number D2341000, located in the 117th COS, Hunter AFB, GA. This is a full-time, Excepted Permanent, dual status position which requires Georgia Air National Guard Membership. Area of Consideration: Open to members of the Air National Guard, Air Force Reserve or Air Force Active Duty component.","$74678-$97087 PA","Hunter AFB, Georgia","THIS IS A NATIONAL GUARD TITLE 32 EXCEPTED SERVICE POSITION. This position is for an IT Spec (Infosec/Network), Position Description Number D2341000, located in the 117th COS, Hunter AFB, GA. This is a full-time, Excepted Permanent, dual status position which requires Georgia Air National Guard Membership. Area of Consideration: Open to members of the Air National Guard, Air Force Reserve or Air Force Active Duty component.","","","","2026-08-10T09:31:30.407615+00:00"
"USAJOBS","ITSPEC (NETWORK)","Air National Guard Units","https://www.usajobs.gov:443/job/877303900","THIS IS A NATIONAL GUARD TITLE 32 EXCEPTED SERVICE POSITION. This National Guard position is for a ITSPEC (NETWORK), Position Description Number D2181P01 and is part of the 106TH RQW, National Guard. This vacancy does not meet the criteria for appointment of annuitants.","$88005-$114413 PA","Westhampton Beach, New York","THIS IS A NATIONAL GUARD TITLE 32 EXCEPTED SERVICE POSITION. This National Guard position is for a ITSPEC (NETWORK), Position Description Number D2181P01 and is part of the 106TH RQW, National Guard. This vacancy does not meet the criteria for appointment of annuitants.","","","","2026-08-10T09:31:30.408597+00:00"
"USAJOBS","RECREATION AID (FITNESS) - DIX","Air Mobility Command","https://www.usajobs.gov:443/job/877497400","About the position: This position is Non-Appropriated Fund (NAF) and will be assigned to Griffith Field House and Doughboy Gym, Fort Dix, NJ.","$15.92-$15.92 PH","Fort Dix, New Jersey","About the position: This position is Non-Appropriated Fund (NAF) and will be assigned to Griffith Field House and Doughboy Gym, Fort Dix, NJ.","","","","2026-08-10T09:31:30.409240+00:00"
"USAJOBS","IT SPEC (NETWORK)","Air National Guard Units","https://www.usajobs.gov:443/job/877558400","THIS IS A NATIONAL GUARD TITLE 32 EXCEPTED SERVICE POSITION. This National Guard position is for a IT SPEC (NETWORK), Position Description Number D2181P01 and is part of the 106TH RQW, National Guard. This vacancy does not meet the criteria for appointment of annuitants.","$88005-$114413 PA","Westhampton Beach, New York","THIS IS A NATIONAL GUARD TITLE 32 EXCEPTED SERVICE POSITION. This National Guard position is for a IT SPEC (NETWORK), Position Description Number D2181P01 and is part of the 106TH RQW, National Guard. This vacancy does not meet the criteria for appointment of annuitants.","","","","2026-08-10T09:31:30.409704+00:00"
"USAJOBS","RECREATION AID (FITNESS) - LAKEHURST","Air Mobility Command","https://www.usajobs.gov:443/job/878356900","About the position: This position is Non-Appropriated Funds (NAF) and will be assigned to the Lakehurst Fitness Center, Lakehurst, NJ.","$15.92-$15.92 PH","Lakehurst, New Jersey","About the position: This position is Non-Appropriated Funds (NAF) and will be assigned to the Lakehurst Fitness Center, Lakehurst, NJ.","","","","2026-08-10T09:31:30.410352+00:00"
"USAJOBS","OPS ASSOC NF2 ENGRAVING PARRIS ISLAND","U.S. Marine Corps","https://www.usajobs.gov:443/job/878426200","Marine Corps Community Services (MCCS) is looking for the best and brightest to join our Team! MCCS is a comprehensive program that supports and enhances the quality of life for Marines, their families, and others in the Marine Corps Community. We offer a team oriented environment comprised of military personnel, civilian employees, contractors and volunteers who keep the organization functioning smoothly and effectively.","$16.5-$16.5 PH","Beaufort, South Carolina","Marine Corps Community Services (MCCS) is looking for the best and brightest to join our Team! MCCS is a comprehensive program that supports and enhances the quality of life for Marines, their families, and others in the Marine Corps Community. We offer a team oriented environment comprised of military personnel, civilian employees, contractors and volunteers who keep the organization functioning smoothly and effectively.","","","","2026-08-10T09:31:30.410831+00:00"
"USAJOBS","Recreation Assistant (Marina)","Commander, Navy Installations Command","https://www.usajobs.gov:443/job/879560800","This position is located at Mulberry Cove Marina, Morale, Welfare and Recreation Department, Naval Air Station, Jacksonville, FL. The purpose of this position is to provide program support for Marina or the assigned Sailing Center and to perform a variety of duties in support of MWR special events, command events, community events, leisure skill classes and outdoor recreation or other similar MWR recreational services.","$17.14-$17.14 PH","Naval Air Station Jacksonville, Florida","This position is located at Mulberry Cove Marina, Morale, Welfare and Recreation Department, Naval Air Station, Jacksonville, FL. The purpose of this position is to provide program support for Marina or the assigned Sailing Center and to perform a variety of duties in support of MWR special events, command events, community events, leisure skill classes and outdoor recreation or other similar MWR recreational services.","","","","2026-08-10T09:31:30.411832+00:00"
"USAJOBS","SENIOR MARINE MART MANAGER / NF4","U.S. Marine Corps","https://www.usajobs.gov:443/job/879861500","Marine Corps Community Services (MCCS) is looking for the best and brightest to join our Team! MCCS is a comprehensive program that supports and enhances the quality of life for Marines, their families, and others in the Marine Corps Community. We offer a team oriented environment comprised of military personnel, civilian employees, contractors and volunteers who keep the organization functioning smoothly and effectively.","$70000-$85000 PA","Oceanside, California","Marine Corps Community Services (MCCS) is looking for the best and brightest to join our Team! MCCS is a comprehensive program that supports and enhances the quality of life for Marines, their families, and others in the Marine Corps Community. We offer a team oriented environment comprised of military personnel, civilian employees, contractors and volunteers who keep the organization functioning smoothly and effectively.","","","","2026-08-10T09:31:30.412799+00:00"
"USAJOBS","Recreation Assistant (Skeet & Trap)","Pacific Air Forces","https://www.usajobs.gov:443/job/867196300","The Eielson AFB Outdoor Recreation provides facilities and equipment for all military personnel and their families. Outdoor Recreation is organizing and executing outdoor events for all to enjoy. Work schedule subject but not limited to: Sunday - Saturday : 06:00AM to 11:00PM Incumbent must be 21+ years of age. Will require weekend and holiday work as needed. APPLICATIONS WILL BE PULLED FRIDAYS AT 8:00AM UNTIL POSITIONS IS FILLED.","$16.8-$18.27 PH","Eielson AFB, Alaska","The Eielson AFB Outdoor Recreation provides facilities and equipment for all military personnel and their families. Outdoor Recreation is organizing and executing outdoor events for all to enjoy. Work schedule subject but not limited to: Sunday - Saturday : 06:00AM to 11:00PM Incumbent must be 21+ years of age. Will require weekend and holiday work as needed. APPLICATIONS WILL BE PULLED FRIDAYS AT 8:00AM UNTIL POSITIONS IS FILLED.","","","","2026-08-10T09:31:30.413767+00:00"
"USAJOBS","Environmental Protection Specialist","Defense Logistics Agency","https://www.usajobs.gov:443/job/879592300","See below for important information regarding this job.","$61722-$97087 PA","Herlong Sierra Ordnance Depot, California","See below for important information regarding this job.","","","","2026-08-10T09:31:30.414768+00:00"
"USAJOBS","Environmental Protection Specialist","Defense Logistics Agency","https://www.usajobs.gov:443/job/879599300","See below for important information regarding this job.","$62640-$98530 PA","Norfolk, Virginia","See below for important information regarding this job.","","","","2026-08-10T09:31:30.415012+00:00"
"USAJOBS","CLUB OPERATIONS ASSISTANT","Pacific Air Forces","https://www.usajobs.gov:443/job/855686100","About the position: This position is Nonappropriated Fund (NAF) and is located at the Misawa Collocated Club of the 35th Force Support Squadron, Misawa AB, Japan. This is a Flexible category position; guaranteed 0 hours per week but may work up to 40 hours a week (depending on the needs of the facility). Military Spouse Preference is not lost if selected for this position.","$16-$17.5 PH","Misawa AFB, Japan","About the position: This position is Nonappropriated Fund (NAF) and is located at the Misawa Collocated Club of the 35th Force Support Squadron, Misawa AB, Japan. This is a Flexible category position; guaranteed 0 hours per week but may work up to 40 hours a week (depending on the needs of the facility). Military Spouse Preference is not lost if selected for this position.","","","","2026-08-10T09:31:30.415338+00:00"
"USAJOBS","IT SPECIALIST (SYSADMIN)","Air National Guard Units","https://www.usajobs.gov:443/job/877878000","THIS IS A NATIONAL GUARD TITLE 32 EXCEPTED SERVICE POSITION. This National Guard position is for a IT SPECIALIST (SYSADMIN), Position Description Number D1650P01 and is part of the 174TH ATKW, National Guard. This vacancy does not meet the criteria for appointment of annuitants. *There are 3 positions available for this announcement.*","$75278-$97867 PA","Syracuse, New York","THIS IS A NATIONAL GUARD TITLE 32 EXCEPTED SERVICE POSITION. This National Guard position is for a IT SPECIALIST (SYSADMIN), Position Description Number D1650P01 and is part of the 174TH ATKW, National Guard. This vacancy does not meet the criteria for appointment of annuitants. *There are 3 positions available for this announcement.*","","","","2026-08-10T09:31:30.416206+00:00"
"USAJOBS","IT SPEC (SYSADMIN)","Air National Guard Units","https://www.usajobs.gov:443/job/878594800","IOWA AIR NATIONAL GUARD - TITLE 32 EXCEPTED SERVICE POSITION This position is restricted to current Military members of the Air Force, Air Reserve, or Air National Guard willing and eligible to become a member of the Iowa Air National Guard. Please contact a recruiter at (515) 261-8535 to verify military membership eligibility. LOCATION: 132d Wing, Des Moines, Iowa","$75284-$97875 PA","Des Moines, Iowa","IOWA AIR NATIONAL GUARD - TITLE 32 EXCEPTED SERVICE POSITION This position is restricted to current Military members of the Air Force, Air Reserve, or Air National Guard willing and eligible to become a member of the Iowa Air National Guard. Please contact a recruiter at (515) 261-8535 to verify military membership eligibility. LOCATION: 132d Wing, Des Moines, Iowa","","","","2026-08-10T09:31:30.417008+00:00"
"USAJOBS","Waiter NA-03","United States Army Installation Management Command","https://www.usajobs.gov:443/job/876938900","This position is located at the Texas Roadhouse, Joint Base Lewis-McChord. To better expedite the hiring process, please include full contact information (name, address, phone number, email, etc.) for professional and personal references on your resume. Incentives and Bonuses Incentives will not be paid.","$19.71-$22.99 PH","Joint Base Lewis-McChord, Washington","This position is located at the Texas Roadhouse, Joint Base Lewis-McChord. To better expedite the hiring process, please include full contact information (name, address, phone number, email, etc.) for professional and personal references on your resume. Incentives and Bonuses Incentives will not be paid.","","","","2026-08-10T09:31:30.417866+00:00"
"USAJOBS","Bartender NA-05","United States Army Installation Management Command","https://www.usajobs.gov:443/job/874793600","Serves as a Bartender in the Beverage Department of the Hale Koa Hotel.The first cut-off date will be on 07/14/2026. Additional lists will be pulled after this first cut-off date at the request of the hiring manager. Local candidates will be reviewed first as PCS is not authorized. If determined that area of consideration is to be expanded, all candidates will be considered.","$25.86-$30.17 PH","Honolulu, Hawaii","Serves as a Bartender in the Beverage Department of the Hale Koa Hotel.The first cut-off date will be on 07/14/2026. Additional lists will be pulled after this first cut-off date at the request of the hiring manager. Local candidates will be reviewed first as PCS is not authorized. If determined that area of consideration is to be expanded, all candidates will be considered.","","","","2026-08-10T09:31:30.418644+00:00"
"USAJOBS","VCS Supply Clerk (Retail) - Orlando","Veterans Health Administration","https://www.usajobs.gov:443/job/879203600","Are you seeking a better work-life balance? Join an exceptional organization that prioritizes Veterans for an outstanding career! With over 78 years of serving our nation's Veterans, the Veterans Canteen Service (VCS) is currently seeking a dynamic Retail Supply Clerk for our Orlando, FL VA Medical Center Canteen. Join our fast-paced environment if you have a passion for our Veterans and their families, along with prior multi-unit experience.","$20.78-$20.78 PH","Winter Park, Florida","Are you seeking a better work-life balance? Join an exceptional organization that prioritizes Veterans for an outstanding career! With over 78 years of serving our nation's Veterans, the Veterans Canteen Service (VCS) is currently seeking a dynamic Retail Supply Clerk for our Orlando, FL VA Medical Center Canteen. Join our fast-paced environment if you have a passion for our Veterans and their families, along with prior multi-unit experience.","","","","2026-08-10T09:31:30.419706+00:00"
"USAJOBS","VCS-Vending Supply Clerk- Portland OR","Veterans Health Administration","https://www.usajobs.gov:443/job/879259600","Are you looking for a better work-life balance and opportunities to grow? Join an excellent organization that puts Veterans first for a fulfilling career! Since 1946 Veterans Canteen Service (VCS) has delivered the VCS benefits to millions of Veterans enrolled in the Department of Veterans Affairs (VA) Healthcare system, the largest Healthcare system in the United States.","$20.36-$20.36 PH","Portland, Oregon","Are you looking for a better work-life balance and opportunities to grow? Join an excellent organization that puts Veterans first for a fulfilling career! Since 1946 Veterans Canteen Service (VCS) has delivered the VCS benefits to millions of Veterans enrolled in the Department of Veterans Affairs (VA) Healthcare system, the largest Healthcare system in the United States.","","","","2026-08-10T09:31:30.420892+00:00"
"USAJOBS","Food Service Worker (Cashier)","Air Mobility Command","https://www.usajobs.gov:443/job/879587800","About the position: This position is Non-appropriated Fund (NAF) and will be assigned to the 92 Force Support Squadron, Alder House, Fairchild AFB, WA. The purpose of this position is to perform a wide variety of manual tasks in food preparation and food service areas. This is a Flex (Intermittent) position; Guaranteed 0-40 hours per week; depending on the needs of the facility.","$18.57-$21.67 PH","Fairchild AFB, Washington","About the position: This position is Non-appropriated Fund (NAF) and will be assigned to the 92 Force Support Squadron, Alder House, Fairchild AFB, WA. The purpose of this position is to perform a wide variety of manual tasks in food preparation and food service areas. This is a Flex (Intermittent) position; Guaranteed 0-40 hours per week; depending on the needs of the facility.","","","","2026-08-10T09:31:30.421854+00:00"
"USAJOBS","Waiter NA-01","United States Army Installation Management Command","https://www.usajobs.gov:443/job/858400300","This position is located at Fort Lee, VA - MWR - Business Recreation Division: The Gregg-Adams Club Incentives and Bonuses Incentives will not be paid. Note: This is an open continuous announcement to provide a ready pool of available applicants as needed. Applicants will be referred as vacancies occur. This is a ""Flexible"" position (0-40 hours). Hours are not guaranteed.","$17.05-$19.88 PH","Fort Lee, Virginia","This position is located at Fort Lee, VA - MWR - Business Recreation Division: The Gregg-Adams Club Incentives and Bonuses Incentives will not be paid. Note: This is an open continuous announcement to provide a ready pool of available applicants as needed. Applicants will be referred as vacancies occur. This is a ""Flexible"" position (0-40 hours). Hours are not guaranteed.","","","","2026-08-10T09:31:30.422766+00:00"
"USAJOBS","Waiter NA-03","United States Army Installation Management Command","https://www.usajobs.gov:443/job/871298100","This position is located at Texas Roadhouse, Fort Bliss, Texas To better expedite the hiring process, we recommend including full contact information (name, address, phone number, email, etc.) for professional and personal references on your resume.. Incentives and Bonuses Incentives will not be paid.","$19.08-$22.07 PH","Fort Bliss, Texas","This position is located at Texas Roadhouse, Fort Bliss, Texas To better expedite the hiring process, we recommend including full contact information (name, address, phone number, email, etc.) for professional and personal references on your resume.. Incentives and Bonuses Incentives will not be paid.","","","","2026-08-10T09:31:30.423824+00:00"
"USAJOBS","Bartender NA-03","United States Army Installation Management Command","https://www.usajobs.gov:443/job/878714000","This position is located within the Fort Gordon Business Operations Division. Note: If claiming Current/Former NAF or APF Employee preference, you are required to submit a copy of your personnel action (DA Form 3434 or SF-50) with your supporting documents to be eligible for this preference.","$19.08-$22.27 PH","Fort Gordon, Georgia","This position is located within the Fort Gordon Business Operations Division. Note: If claiming Current/Former NAF or APF Employee preference, you are required to submit a copy of your personnel action (DA Form 3434 or SF-50) with your supporting documents to be eligible for this preference.","","","","2026-08-10T09:31:30.424629+00:00"
"USAJOBS","IT SPECIALIST (NETWORK) (TITLE 32)","Air National Guard Units","https://www.usajobs.gov:443/job/849162500","This is a National Guard Title 32 Excepted Service Position. This position is a Temporary GS-2210-11 IT SPECIALIST (NETWORK) (TITLE 32), Position Description Number D1560P01and is part of the MO 131st Bomb Wing. This is a non-bargaining position. SEE NOTES UNDER CONDITIONS OF EMPLOYMENT BELOW.","$75815-$98554 PA","Jefferson Barracks, Missouri","This is a National Guard Title 32 Excepted Service Position. This position is a Temporary GS-2210-11 IT SPECIALIST (NETWORK) (TITLE 32), Position Description Number D1560P01and is part of the MO 131st Bomb Wing. This is a non-bargaining position. SEE NOTES UNDER CONDITIONS OF EMPLOYMENT BELOW.","","","","2026-08-10T09:31:30.425390+00:00"
"USAJOBS","IT SPECIALIST (NETWORK/SYSADMIN)","Army National Guard Units","https://www.usajobs.gov:443/job/877975100","THIS IS A NATIONAL GUARD TITLE 32 EXCEPTED SERVICE POSITION. This National Guard position is for a IT SPECIALIST (NETWORK/SYSADMIN), Position Description Number D2727000 and is part of the Sustainment Automation Support Management Office (SASMO), National Guard. This vacancy does not meet the criteria for appointment of annuitants.","$75278-$97867 PA","Syracuse, New York","THIS IS A NATIONAL GUARD TITLE 32 EXCEPTED SERVICE POSITION. This National Guard position is for a IT SPECIALIST (NETWORK/SYSADMIN), Position Description Number D2727000 and is part of the Sustainment Automation Support Management Office (SASMO), National Guard. This vacancy does not meet the criteria for appointment of annuitants.","","","","2026-08-10T09:31:30.426166+00:00"
"USAJOBS","INDUSTRIAL SPECIALIST","Naval Air Systems Command","https://www.usajobs.gov:443/job/878449900","You will serve as an INDUSTRIAL SPECIALIST in the FLEET SUPPORT TEAM (FST) LOGISITICS DIVISION of FLTREADCEN EAST.","$74678-$97087 PA","Cherry Point, North Carolina","You will serve as an INDUSTRIAL SPECIALIST in the FLEET SUPPORT TEAM (FST) LOGISITICS DIVISION of FLTREADCEN EAST.","","","","2026-08-10T09:31:30.426950+00:00"
"USAJOBS","LOGISTICS MANAGEMENT SPECIALIST","Naval Air Systems Command","https://www.usajobs.gov:443/job/879637900","This is a public notice flyer to notify interested applicants of anticipated vacancies through the DHA for Certain Personnel Dow/ Modified Direct Hire Authority. Applications will not be accepted through this flyer. Interested applicants must follow the directions in the ""How to Apply"" section of this flyer to be considered. There may or may not be actual vacancies filled from this flyer. Notice of Result letters will not be sent to applicants who respond to this flyer.","$102415-$158322 PA","Patuxent River, Maryland","This is a public notice flyer to notify interested applicants of anticipated vacancies through the DHA for Certain Personnel Dow/ Modified Direct Hire Authority. Applications will not be accepted through this flyer. Interested applicants must follow the directions in the ""How to Apply"" section of this flyer to be considered. There may or may not be actual vacancies filled from this flyer. Notice of Result letters will not be sent to applicants who respond to this flyer.","","","","2026-08-10T09:31:30.427428+00:00"
"USAJOBS","Barista NA-04","United States Army Installation Management Command","https://www.usajobs.gov:443/job/865553700","This position is located at the Sip of Glory Coffeehouse in The Peak. Join our team at the Directorate of Family and Morale, Welfare and Recreation (FMWR) at Fort Drum. We are dedicated to enhancing the lives of Soldiers and their Families by providing essential support services, including child and youth programs and a variety of recreational activities that directly contribute to Soldier readiness and well-being. Incentives and Bonuses Incentives will not be paid.","$19.96-$23.29 PH","Fort Drum, New York","This position is located at the Sip of Glory Coffeehouse in The Peak. Join our team at the Directorate of Family and Morale, Welfare and Recreation (FMWR) at Fort Drum. We are dedicated to enhancing the lives of Soldiers and their Families by providing essential support services, including child and youth programs and a variety of recreational activities that directly contribute to Soldier readiness and well-being. Incentives and Bonuses Incentives will not be paid.","","","","2026-08-10T09:31:30.428552+00:00"
"USAJOBS","Store Associate","Defense Commissary Agency","https://www.usajobs.gov:443/job/847506100","About the Position: This announcement may be used to fill full-time or part-time work schedules. If you decline a position covered in this announcement and want to be considered at a later time, you must reapply.","$37193-$46526 PA","Multiple Locations","About the Position: This announcement may be used to fill full-time or part-time work schedules. If you decline a position covered in this announcement and want to be considered at a later time, you must reapply.","","","","2026-08-10T09:31:30.429582+00:00"
"USAJOBS","Waiter NA-03","United States Army Installation Management Command","https://www.usajobs.gov:443/job/869606400","This position is located at Fort Campbell Texas Roadhouse. This position is a FLEX position. FLEX positions can be worked anywhere between 0 - 40 hours per week. Incentives and Bonuses Incentives will not be paid.","$18.89-$22.04 PH","Multiple Locations","This position is located at Fort Campbell Texas Roadhouse. This position is a FLEX position. FLEX positions can be worked anywhere between 0 - 40 hours per week. Incentives and Bonuses Incentives will not be paid.","","","","2026-08-10T09:31:30.430148+00:00"
"USAJOBS","Operations Assistant (Shift Lead) - Club Complex","U.S. Air Forces, Europe","https://www.usajobs.gov:443/job/859595500","About the position: This position is Non-appropriated Fund (NAF) and is located at the Ramstein Club Complex in Ramstein Air Base, Germany. This position may offer Logistic Support. The primary purpose of this position is to provide support and assistance to the Operation Managers in the economic and efficient operation of a Business Operations Restaurant (Food & Beverage).","$18-$21 PH","Ramstein, Germany","About the position: This position is Non-appropriated Fund (NAF) and is located at the Ramstein Club Complex in Ramstein Air Base, Germany. This position may offer Logistic Support. The primary purpose of this position is to provide support and assistance to the Operation Managers in the economic and efficient operation of a Business Operations Restaurant (Food & Beverage).","","","","2026-08-10T09:31:30.430783+00:00"
"USAJOBS","IT SPECIALIST (SYSADMIN)","Air National Guard Units","https://www.usajobs.gov:443/job/875708400","This is a Washington Air National Guard Title 32 Excepted Service Unit Technician position: IT SPECIALIST (SYSADMIN) Location: 194th Intelligence Squadron Camp Murray, Washington 98430 Air National Guard Units Appointment Type: Permanent, excepted service Advertised as: ENLISTED ""Pending funds availability, a recruitment or relocation incentive may be available"" Your resume must contain your own words. Resumes that are verbatim, from this announcement, will not be considered.","$83935-$109122 PA","Camp Murray, Washington","This is a Washington Air National Guard Title 32 Excepted Service Unit Technician position: IT SPECIALIST (SYSADMIN) Location: 194th Intelligence Squadron Camp Murray, Washington 98430 Air National Guard Units Appointment Type: Permanent, excepted service Advertised as: ENLISTED ""Pending funds availability, a recruitment or relocation incentive may be available"" Your resume must contain your own words. Resumes that are verbatim, from this announcement, will not be considered.","","","","2026-08-10T09:31:30.431705+00:00"
"USAJOBS","IT SPECIALIST (CUSTSPT) (TITLE 32)","Air National Guard Units","https://www.usajobs.gov:443/job/879427300","This is a National Guard Title 32 Excepted Service Position. This is an Indefinite with Right to Convert to Permanent GS-2210-11 IT SPECIALIST (CUSTSPT) (TITLE 32), Position Description Number D2182P01 and is part of the MO 139th Airlift Wing. SEE NOTES UNDER CONDITIONS OF EMPLOYMENT.","$75897-$98671 PA","Saint Joseph, Missouri","This is a National Guard Title 32 Excepted Service Position. This is an Indefinite with Right to Convert to Permanent GS-2210-11 IT SPECIALIST (CUSTSPT) (TITLE 32), Position Description Number D2182P01 and is part of the MO 139th Airlift Wing. SEE NOTES UNDER CONDITIONS OF EMPLOYMENT.","","","","2026-08-10T09:31:30.432766+00:00"
"USAJOBS","Teller","Defense Commissary Agency","https://www.usajobs.gov:443/job/879154300","Tellers control and account for all funds received and deposited daily as part of the commissary store operation.. Specific assignments vary by individual store and store management requirements.","$17.82-$23.01 PH","Randolph AFB, Texas","Tellers control and account for all funds received and deposited daily as part of the commissary store operation.. Specific assignments vary by individual store and store management requirements.","","","","2026-08-10T09:31:30.433610+00:00"
"USAJOBS","Teller","Defense Commissary Agency","https://www.usajobs.gov:443/job/879506600","Tellers control and account for all funds received and deposited daily within the Defense Commissary Agency (DeCA) system, performing a variety of duties including setting up cash drawers, receiving funds from cashiers, and processing customer refunds. Specific assignments vary by individual store and store management requirements.","$18.21-$23.68 PH","Schofield Barracks, Hawaii","Tellers control and account for all funds received and deposited daily within the Defense Commissary Agency (DeCA) system, performing a variety of duties including setting up cash drawers, receiving funds from cashiers, and processing customer refunds. Specific assignments vary by individual store and store management requirements.","","","","2026-08-10T09:31:30.434193+00:00"
"USAJOBS","Bartender NA-04","United States Army Installation Management Command","https://www.usajobs.gov:443/job/852612400","This position is located at the Peak but may fill other vacancies in the Business Recreation Division. This position is for Directorate of Family and Morale, Welfare and Recreation (FMWR) at Fort Drum, New York. FMWR includes Child and Youth Services, Business Recreation, and Support Services, which enable Soldier readiness, support the resilience and well-being of Soldiers and Families. Incentives and Bonuses Incentives will NOT be paid.","$19.96-$23.29 PH","Fort Drum, New York","This position is located at the Peak but may fill other vacancies in the Business Recreation Division. This position is for Directorate of Family and Morale, Welfare and Recreation (FMWR) at Fort Drum, New York. FMWR includes Child and Youth Services, Business Recreation, and Support Services, which enable Soldier readiness, support the resilience and well-being of Soldiers and Families. Incentives and Bonuses Incentives will NOT be paid.","","","","2026-08-10T09:31:30.435092+00:00"
"USAJOBS","Bartender NA-03","United States Army Installation Management Command","https://www.usajobs.gov:443/job/854271100","This position is located at West Point Club. Incentives and Bonuses Incentives will not be paid. Initial Cut-Off Date: Tuesday, January 27, 2026 (Applications must be received by 11:59 PM EST). Applications received by the Initial Cut-Off Date will be reviewed and possibly referred to the Selecting Official PRIOR to the Closing Date of this Vacancy Announcement. Subsequent referrals to the Hiring Manager will occur every two weeks thereafter based on management's need to fill positions.","$19.47-$22.72 PH","West Point, New York","This position is located at West Point Club. Incentives and Bonuses Incentives will not be paid. Initial Cut-Off Date: Tuesday, January 27, 2026 (Applications must be received by 11:59 PM EST). Applications received by the Initial Cut-Off Date will be reviewed and possibly referred to the Selecting Official PRIOR to the Closing Date of this Vacancy Announcement. Subsequent referrals to the Hiring Manager will occur every two weeks thereafter based on management's need to fill positions.","","","","2026-08-10T09:31:30.436161+00:00"
"USAJOBS","Bartender NA-03","U.S. Military Academy","https://www.usajobs.gov:443/job/854986400","This position is located at Eisenhower Hall. This position is Weather Essential. Incentives and Bonuses Incentives will not be paid.","$19.47-$22.72 PH","West Point, New York","This position is located at Eisenhower Hall. This position is Weather Essential. Incentives and Bonuses Incentives will not be paid.","","","","2026-08-10T09:31:30.437244+00:00"
"USAJOBS","Recreation Aid (Range / Paintball Operation) NF-01","United States Army Installation Management Command","https://www.usajobs.gov:443/job/856675000","This position is located at Fort Lee, VA - DFMWR Outdoor Recreation. Incentives and Bonuses Incentives will not be paid. Please note: This is an open continuous announcement to provide a ready pool of available applicants as needed. Applicants will be referred as vacancies occur.","$15-$17 PH","Fort Lee, Virginia","This position is located at Fort Lee, VA - DFMWR Outdoor Recreation. Incentives and Bonuses Incentives will not be paid. Please note: This is an open continuous announcement to provide a ready pool of available applicants as needed. Applicants will be referred as vacancies occur.","","","","2026-08-10T09:31:30.437711+00:00"
"USAJOBS","Bartender NA-03","United States Army Installation Management Command","https://www.usajobs.gov:443/job/856867900","This position is located at Fort Lee and can be filled throughout Fort Lee MWR, Business Recreation Division: The Gregg-Adams Club TenStrike Bowling Center HideAway Cardinal Golf Club Incentives and Bonuses Incentives will not be paid. This is an open continuous announcement. Lists with qualified candidates will be referred when requested by hiring managers.","$18.75-$21.87 PH","Fort Lee, Virginia","This position is located at Fort Lee and can be filled throughout Fort Lee MWR, Business Recreation Division: The Gregg-Adams Club TenStrike Bowling Center HideAway Cardinal Golf Club Incentives and Bonuses Incentives will not be paid. This is an open continuous announcement. Lists with qualified candidates will be referred when requested by hiring managers.","","","","2026-08-10T09:31:30.438496+00:00"
"USAJOBS","Parts Management Specialist","Army Tank-Automotive and Armament Command (TACOM)","https://www.usajobs.gov:443/job/878712500","About the Position: Red River Army Depot (RRAD) is located in northeast Texas, 19 miles west of Texarkana and approximately 170 miles northeast of Dallas. RRAD is near the corners of 4 states - Arkansas, Louisiana, Oklahoma and Texas. The depot's enormous maintenance mission includes the repair, rebuild, overhaul and conversion of tactical wheeled vehicles. For more information on Red River Army Depot, go to the following web site: www.redriver.army.mil.","$61722-$80243 PA","Texarkana, Texas","About the Position: Red River Army Depot (RRAD) is located in northeast Texas, 19 miles west of Texarkana and approximately 170 miles northeast of Dallas. RRAD is near the corners of 4 states - Arkansas, Louisiana, Oklahoma and Texas. The depot's enormous maintenance mission includes the repair, rebuild, overhaul and conversion of tactical wheeled vehicles. For more information on Red River Army Depot, go to the following web site: www.redriver.army.mil.","","","","2026-08-10T09:31:30.439409+00:00"
"USAJOBS","Parts Management Specialist","Army Tank-Automotive and Armament Command (TACOM)","https://www.usajobs.gov:443/job/878715100","About the Position: Red River Army Depot (RRAD) is located in northeast Texas, 19 miles west of Texarkana and approximately 170 miles northeast of Dallas. RRAD is near the corners of 4 states - Arkansas, Louisiana, Oklahoma and Texas. The depot's enormous maintenance mission includes the repair, rebuild, overhaul and conversion of tactical wheeled vehicles. For more information on Red River Army Depot, go to the following web site: www.redriver.army.mil.","$61722-$80243 PA","Texarkana, Texas","About the Position: Red River Army Depot (RRAD) is located in northeast Texas, 19 miles west of Texarkana and approximately 170 miles northeast of Dallas. RRAD is near the corners of 4 states - Arkansas, Louisiana, Oklahoma and Texas. The depot's enormous maintenance mission includes the repair, rebuild, overhaul and conversion of tactical wheeled vehicles. For more information on Red River Army Depot, go to the following web site: www.redriver.army.mil.","","","","2026-08-10T09:31:30.440468+00:00"
"USAJOBS","Civil Engineer/Mechanical Engineer/Electrical Engineer","Bonneville Power Administration","https://www.usajobs.gov:443/job/879071800","These positions are located with Bonneville Power Administration in Lines (TIPL) and Substations (TIPS), Project Portfolio Management (TIP), Transmission Infrastructure Asset Management (TI), Transmission Services (T). A successful candidate in the Civil Engineer/Mechanical Engineer/Electrical Engineer position will serve as an engineering Project Manager (PM) to plan, direct, and coordinate activities for assigned engineering projects.","$130328-$157607 PA","Vancouver, Washington","These positions are located with Bonneville Power Administration in Lines (TIPL) and Substations (TIPS), Project Portfolio Management (TIP), Transmission Infrastructure Asset Management (TI), Transmission Services (T). A successful candidate in the Civil Engineer/Mechanical Engineer/Electrical Engineer position will serve as an engineering Project Manager (PM) to plan, direct, and coordinate activities for assigned engineering projects.","","","","2026-08-10T09:31:30.441519+00:00"
"USAJOBS","MWR Recreation Assistant (Golf)","Commander, Navy Installations Command","https://www.usajobs.gov:443/job/879831900","This position is located in Golf at the Morale, Welfare and Recreation (MWR) Department of Naval Air Station North Island; Sea N' Air Golf Course. The primary purpose of this position is to sell golf equipment and supplies and collect Green and Golf Cart fees from patrons.","$21.28-$21.28 PH","Coronado, California","This position is located in Golf at the Morale, Welfare and Recreation (MWR) Department of Naval Air Station North Island; Sea N' Air Golf Course. The primary purpose of this position is to sell golf equipment and supplies and collect Green and Golf Cart fees from patrons.","","","","2026-08-10T09:31:30.442527+00:00"
"USAJOBS","Bartender NA-03","United States Army Installation Management Command","https://www.usajobs.gov:443/job/878549500","This position is located at the Fort Bliss Centennial Banquet and Conference Center. To better expedite the hiring process, we recommend including full contact information (name, address, phone number, email, etc.) for professional and personal references on your resume. Incentives and Bonuses Incentives will not be paid.","$19.08-$22.27 PH","Fort Bliss, Texas","This position is located at the Fort Bliss Centennial Banquet and Conference Center. To better expedite the hiring process, we recommend including full contact information (name, address, phone number, email, etc.) for professional and personal references on your resume. Incentives and Bonuses Incentives will not be paid.","","","","2026-08-10T09:31:30.443247+00:00"
"USAJOBS","Public Affairs Specialist","U.S. Mint","https://www.usajobs.gov:443/job/878654500","This position is located at US Mint,Office of the Director. As a Public Affairs Specialist, you will plan, design, develop, and disseminate public affairs information and materials to inform and educate the public about bureau programs, products and services.","$102415-$133142 PA","Washington, District of Columbia","This position is located at US Mint,Office of the Director. As a Public Affairs Specialist, you will plan, design, develop, and disseminate public affairs information and materials to inform and educate the public about bureau programs, products and services.","","","","2026-08-10T09:31:30.444152+00:00"
"USAJOBS","PRINTING SERVICES SPECIALIST (TITLE 32)","Army National Guard Units","https://www.usajobs.gov:443/job/876103500","THIS IS A NATIONAL GUARD TITLE 32 EXCEPTED SERVICE POSITION. This National Guard position is for a PRINTING SERVICES SPECIALIST (TITLE 32), Position Description Number D1598P01 and is part of the IL DCSIM, National Guard.","$50460-$65599 PA","Springfield, Illinois","THIS IS A NATIONAL GUARD TITLE 32 EXCEPTED SERVICE POSITION. This National Guard position is for a PRINTING SERVICES SPECIALIST (TITLE 32), Position Description Number D1598P01 and is part of the IL DCSIM, National Guard.","","","","2026-08-10T09:31:30.444780+00:00"
"USAJOBS","IT SPECIALIST (CUSTOMER SUPPORT) (3 Vacancies)","Army National Guard Units","https://www.usajobs.gov:443/job/878360000","IOWA ARMY NATIONAL GUARD - TITLE 32 EXCEPTED SERVICE POSITION This position is restricted to current Military members of the Iowa Army National Guard. LOCATION: G6, Johnston, IA","$68545-$97875 PA","Camp Dodge Military Reservation, Iowa","IOWA ARMY NATIONAL GUARD - TITLE 32 EXCEPTED SERVICE POSITION This position is restricted to current Military members of the Iowa Army National Guard. LOCATION: G6, Johnston, IA","","","","2026-08-10T09:31:30.445358+00:00"
"USAJOBS","Realty Specialist","Forest Service","https://www.usajobs.gov:443/job/878843100","This announcement is being advertised as a Forest Service National Hiring effort to fill multiple vacancies. Positions may be filled at one or more of the duty locations included in this announcement. Final determination of the duty location will be made at the time of the job offer. ? For additional information about the duties of this position, please contact Carlos Coontz at Carlos.Coontz@usda.gov.","$61722-$97087 PA","Multiple Locations","This announcement is being advertised as a Forest Service National Hiring effort to fill multiple vacancies. Positions may be filled at one or more of the duty locations included in this announcement. Final determination of the duty location will be made at the time of the job offer. ? For additional information about the duties of this position, please contact Carlos Coontz at Carlos.Coontz@usda.gov.","","","","2026-08-10T09:31:30.445912+00:00"
"USAJOBS","Recreation Assistant","Commander, Navy Installations Command","https://www.usajobs.gov:443/job/875926100","Performs a variety of duties in support of the Morale, Welfare, and Recreation (MWR) Community Recreation program that may include special events, recreation information/resources, command events, visiting ships or fleet support, community events, trips, tours, outings, party and picnic rental equipment, resale tickets, recreational green space management, bowling, Library, Liberty, grab-n-go, movies, and outdoor recreation. This position is located at Naval Weapons Station in Yorktown, VA.","$17.25-$17.25 PH","Yorktown, Virginia","Performs a variety of duties in support of the Morale, Welfare, and Recreation (MWR) Community Recreation program that may include special events, recreation information/resources, command events, visiting ships or fleet support, community events, trips, tours, outings, party and picnic rental equipment, resale tickets, recreational green space management, bowling, Library, Liberty, grab-n-go, movies, and outdoor recreation. This position is located at Naval Weapons Station in Yorktown, VA.","","","","2026-08-10T09:31:30.446859+00:00"
"USAJOBS","Recreation Assistant","Commander, Navy Installations Command","https://www.usajobs.gov:443/job/876133400","Performs a variety of duties in support of the Morale, Welfare, and Recreation (MWR) Community Recreation program that may include special events, recreation information/resources, command events, visiting ships or fleet support, community events, trips, tours, outings, party and picnic rental equipment, resale tickets, recreational green space management, bowling, Library, Liberty, grab-n-go, movies, and outdoor recreation.","$17.25-$17.25 PH","Newport News, Virginia","Performs a variety of duties in support of the Morale, Welfare, and Recreation (MWR) Community Recreation program that may include special events, recreation information/resources, command events, visiting ships or fleet support, community events, trips, tours, outings, party and picnic rental equipment, resale tickets, recreational green space management, bowling, Library, Liberty, grab-n-go, movies, and outdoor recreation.","","","","2026-08-10T09:31:30.447949+00:00"
"USAJOBS","MWR Recreation Assistant","Commander, Navy Installations Command","https://www.usajobs.gov:443/job/877070400","Performs a variety of duties in support of the Morale, Welfare, and Recreation (MWR) Community Recreation program that may include special events, recreation information/resources, command events, visiting ships or fleet support, community events, trips, tours, outings, party and picnic rental equipment, resale tickets, recreational green space management, bowling, Library, Liberty, grab-n-go, movies, and outdoor recreation.","$18-$18 PH","Fallon, Nevada","Performs a variety of duties in support of the Morale, Welfare, and Recreation (MWR) Community Recreation program that may include special events, recreation information/resources, command events, visiting ships or fleet support, community events, trips, tours, outings, party and picnic rental equipment, resale tickets, recreational green space management, bowling, Library, Liberty, grab-n-go, movies, and outdoor recreation.","","","","2026-08-10T09:31:30.448921+00:00"
"USAJOBS","Recreation Assistant (Community Recreation)","Commander, Navy Installations Command","https://www.usajobs.gov:443/job/878039300","Performs a variety of duties in support of the Morale, Welfare, and Recreation (MWR) Community Recreation program that may include special events, recreation information/resources, command events, visiting ships or fleet support, community events, trips, tours, outings, party and picnic rental equipment, resale tickets, recreational green space management, bowling, Library, Liberty, grab-n-go, movies, and outdoor recreation.","$17.25-$17.25 PH","Portsmouth, Virginia","Performs a variety of duties in support of the Morale, Welfare, and Recreation (MWR) Community Recreation program that may include special events, recreation information/resources, command events, visiting ships or fleet support, community events, trips, tours, outings, party and picnic rental equipment, resale tickets, recreational green space management, bowling, Library, Liberty, grab-n-go, movies, and outdoor recreation.","","","","2026-08-10T09:31:30.449900+00:00"
"USAJOBS","Recreation Assistant (Liberty Program)","Commander, Navy Installations Command","https://www.usajobs.gov:443/job/878525900","All positions assigned to the NAF Fleet and Family Readiness Programs, NAVSTA Great Lakes. Will perform a variety of duties to support the MWR Program; either at The Liberty Program . Duties will vary based on the location assigned, but may include assistance with special events, programs, resale/retail operations, providing recreational services, information and resources, collecting fees, facility opening/closing, etc.","$18-$18 PH","Great Lakes, Illinois","All positions assigned to the NAF Fleet and Family Readiness Programs, NAVSTA Great Lakes. Will perform a variety of duties to support the MWR Program; either at The Liberty Program . Duties will vary based on the location assigned, but may include assistance with special events, programs, resale/retail operations, providing recreational services, information and resources, collecting fees, facility opening/closing, etc.","","","","2026-08-10T09:31:30.450886+00:00"
"USAJOBS","Recreation Assistant - Liberty in Paradise","Commander, Navy Installations Command","https://www.usajobs.gov:443/job/878707500","This position is assigned to the Non-Appropriated Fund (NAF) Community Programs (N922) Branch; Morale, Welfare, and Recreation (MWR) Recreational Fleet and Family Readiness Support Services (N94); Commander, Navy Region Hawaii, at Joint Base Pearl Harbor Hickam (JBPHH), Honolulu, HI. The purpose of this position is to provide customer service to patrons as well as to perform a variety of duties in support of the MWR community recreation program; located at Liberty in Paradise.","$19.19-$19.19 PH","Honolulu, Hawaii","This position is assigned to the Non-Appropriated Fund (NAF) Community Programs (N922) Branch; Morale, Welfare, and Recreation (MWR) Recreational Fleet and Family Readiness Support Services (N94); Commander, Navy Region Hawaii, at Joint Base Pearl Harbor Hickam (JBPHH), Honolulu, HI. The purpose of this position is to provide customer service to patrons as well as to perform a variety of duties in support of the MWR community recreation program; located at Liberty in Paradise.","","","","2026-08-10T09:31:30.451896+00:00"
"USAJOBS","MWR Recreation Assistant","Commander, Navy Installations Command","https://www.usajobs.gov:443/job/878726600","Performs a variety of duties in support of the Morale, Welfare, and Recreation (MWR) Community Recreation program that may include special events, recreation information/resources, command events, visiting ships or fleet support, community events, trips, tours, outings, party and picnic rental equipment, resale tickets, recreational green space management, bowling, Library, Liberty, grab-n-go, movies, and outdoor recreation.","$22-$22 PH","San Clemente Naval Reserve Island, California","Performs a variety of duties in support of the Morale, Welfare, and Recreation (MWR) Community Recreation program that may include special events, recreation information/resources, command events, visiting ships or fleet support, community events, trips, tours, outings, party and picnic rental equipment, resale tickets, recreational green space management, bowling, Library, Liberty, grab-n-go, movies, and outdoor recreation.","","","","2026-08-10T09:31:30.453011+00:00"
"USAJOBS","Recreation Assistant - Pier Side Bowling","Commander, Navy Installations Command","https://www.usajobs.gov:443/job/878750800","This position is assigned to the Non-Appropriated Fund (NAF) Community Programs (N922) Branch; Morale, Welfare, and Recreation (MWR) Recreational Fleet and Family Readiness Support Services (N94); Commander, Navy Region Hawaii, at Joint Base Pearl Harbor Hickam (JBPHH), Honolulu, HI. The purpose of this position is to provide customer service to patrons as well as to perform a variety of duties in support of the MWR community recreation program; located at the Pier Side Bowling Center.","$19.19-$21.5 PH","Honolulu, Hawaii","This position is assigned to the Non-Appropriated Fund (NAF) Community Programs (N922) Branch; Morale, Welfare, and Recreation (MWR) Recreational Fleet and Family Readiness Support Services (N94); Commander, Navy Region Hawaii, at Joint Base Pearl Harbor Hickam (JBPHH), Honolulu, HI. The purpose of this position is to provide customer service to patrons as well as to perform a variety of duties in support of the MWR community recreation program; located at the Pier Side Bowling Center.","","","","2026-08-10T09:31:30.454116+00:00"
"USAJOBS","Recreation Assistant","Commander, Navy Installations Command","https://www.usajobs.gov:443/job/878827400","Performs a variety of duties in support of the Morale, Welfare, and Recreation (MWR) Community Recreation program that may include special events, recreation information/resources, command events, visiting ships or fleet support, community events, trips, tours, outings, party and picnic rental equipment, resale tickets, recreational green space management, bowling, Library, Liberty, grab-n-go, movies, and outdoor recreation. Positions will be at various locations at Cheatham Annex.","$17.25-$17.25 PH","Williamsburg, Virginia","Performs a variety of duties in support of the Morale, Welfare, and Recreation (MWR) Community Recreation program that may include special events, recreation information/resources, command events, visiting ships or fleet support, community events, trips, tours, outings, party and picnic rental equipment, resale tickets, recreational green space management, bowling, Library, Liberty, grab-n-go, movies, and outdoor recreation. Positions will be at various locations at Cheatham Annex.","","","","2026-08-10T09:31:30.455279+00:00"
"USAJOBS","Recreation Assistant Com Rec","Commander, Navy Installations Command","https://www.usajobs.gov:443/job/879386000","This position is assigned to the Recreation Division; Morale, Welfare and Recreation (MWR) Commander, Navy Installations Command (CNIC). Performs a variety of duties in support of the MWR Community Recreation program that may include special events, recreation information/resources, command events, community events, trips, tours, outings, party and picnic rental equipment, resale tickets, recreational green space management, bowling, Library, Liberty, grab-n-go, movies, and outdoor recreation.","$17.25-$17.25 PH","Chesapeake, Virginia","This position is assigned to the Recreation Division; Morale, Welfare and Recreation (MWR) Commander, Navy Installations Command (CNIC). Performs a variety of duties in support of the MWR Community Recreation program that may include special events, recreation information/resources, command events, community events, trips, tours, outings, party and picnic rental equipment, resale tickets, recreational green space management, bowling, Library, Liberty, grab-n-go, movies, and outdoor recreation.","","","","2026-08-10T09:31:30.456380+00:00"
"USAJOBS","MWR Recreation Assistant (Liberty Program)","Commander, Navy Installations Command","https://www.usajobs.gov:443/job/879695100","Performs a variety of duties in support of the Morale, Welfare, and Recreation (MWR) Community Recreation program that may include special events, recreation information/resources, command events, visiting ships or fleet support, community events, trips, tours, outings, party and picnic rental equipment, resale tickets, recreational green space management, bowling, Library, Liberty, grab-n-go, movies, and outdoor recreation.","$21.28-$21.28 PH","China Lake, California","Performs a variety of duties in support of the Morale, Welfare, and Recreation (MWR) Community Recreation program that may include special events, recreation information/resources, command events, visiting ships or fleet support, community events, trips, tours, outings, party and picnic rental equipment, resale tickets, recreational green space management, bowling, Library, Liberty, grab-n-go, movies, and outdoor recreation.","","","","2026-08-10T09:31:30.457492+00:00"
"USAJOBS","MWR Recreation Assistant (Golf)","Commander, Navy Installations Command","https://www.usajobs.gov:443/job/879779100","Performs a variety of duties in support of the Morale, Welfare, and Recreation (MWR) Community Recreation program that may include special events, recreation information/resources, command events, visiting ships or fleet support, community events, trips, tours, outings, party and picnic rental equipment, resale tickets, recreational green space management, bowling, Library, Liberty, grab-n-go, movies, and outdoor recreation.","$20.28-$20.28 PH","Seal Beach, California","Performs a variety of duties in support of the Morale, Welfare, and Recreation (MWR) Community Recreation program that may include special events, recreation information/resources, command events, visiting ships or fleet support, community events, trips, tours, outings, party and picnic rental equipment, resale tickets, recreational green space management, bowling, Library, Liberty, grab-n-go, movies, and outdoor recreation.","","","","2026-08-10T09:31:30.458491+00:00"
"USAJOBS","MWR Recreation Assistant","Commander, Navy Installations Command","https://www.usajobs.gov:443/job/879829900","Performs a variety of duties in support of the Morale, Welfare, and Recreation (MWR) Community Recreation program that may include special events, recreation information/resources, command events, visiting ships or fleet support, community events, trips, tours, outings, party and picnic rental equipment, resale tickets, recreational green space management, bowling, Library, Liberty, grab-n-go, movies, and outdoor recreation.","$21.28-$21.28 PH","San Diego, California","Performs a variety of duties in support of the Morale, Welfare, and Recreation (MWR) Community Recreation program that may include special events, recreation information/resources, command events, visiting ships or fleet support, community events, trips, tours, outings, party and picnic rental equipment, resale tickets, recreational green space management, bowling, Library, Liberty, grab-n-go, movies, and outdoor recreation.","","","","2026-08-10T09:31:30.459468+00:00"
"USAJOBS","MWR Recreation Assistant (Golf)","Commander, Navy Installations Command","https://www.usajobs.gov:443/job/879836100","This position is located in Golf at the Morale, Welfare and Recreation (MWR) Department of Naval Base San Diego; Admiral Baker Golf Course. The primary purpose of this position is to sell golf equipment and supplies and collect Green and Golf Cart fees from patrons.","$21.28-$21.28 PH","San Diego, California","This position is located in Golf at the Morale, Welfare and Recreation (MWR) Department of Naval Base San Diego; Admiral Baker Golf Course. The primary purpose of this position is to sell golf equipment and supplies and collect Green and Golf Cart fees from patrons.","","","","2026-08-10T09:31:30.460398+00:00"
"USAJOBS","MWR Recreation Assistant (Golf)","Commander, Navy Installations Command","https://www.usajobs.gov:443/job/879839200","This position is located in Golf at the Morale, Welfare and Recreation (MWR) Department of Naval Base San Diego; Admiral Baker Golf Course. The primary purpose of this position is to sell golf equipment and supplies and collect Green and Golf Cart fees from patrons.","$44406-$44406 PA","San Diego, California","This position is located in Golf at the Morale, Welfare and Recreation (MWR) Department of Naval Base San Diego; Admiral Baker Golf Course. The primary purpose of this position is to sell golf equipment and supplies and collect Green and Golf Cart fees from patrons.","","","","2026-08-10T09:31:30.461073+00:00"
"USAJOBS","VCS Supervisory Operations Clerk - East Orange NJ","Veterans Health Administration","https://www.usajobs.gov:443/job/879031400","Are you seeking a better work-life balance? Join an exceptional organization that prioritizes Veterans for an outstanding career! With over 78 years of serving our nation's Veterans, the Veterans Canteen Service (VCS) is currently seeking a dynamic Supervisory Operations Clerk for our East Orange, NJ VA Medical Center Canteen. Join our fast-paced environment if you have a passion for our Veterans and their families, along with prior multi-unit experience.","$22.16-$22.16 PH","East Orange, New Jersey","Are you seeking a better work-life balance? Join an exceptional organization that prioritizes Veterans for an outstanding career! With over 78 years of serving our nation's Veterans, the Veterans Canteen Service (VCS) is currently seeking a dynamic Supervisory Operations Clerk for our East Orange, NJ VA Medical Center Canteen. Join our fast-paced environment if you have a passion for our Veterans and their families, along with prior multi-unit experience.","","","","2026-08-10T09:31:30.461801+00:00"
"USAJOBS","VCS Supervisory Operations Clerk - Orlando","Veterans Health Administration","https://www.usajobs.gov:443/job/879205800","Are you seeking a better work-life balance? Join an exceptional organization that prioritizes Veterans for an outstanding career! With over 78 years of serving our nation's Veterans, the Veterans Canteen Service (VCS) is currently seeking a dynamic Supervisory Operations Clerk for our Orlando, FL VA Medical Center Canteen. Join our fast-paced environment if you have a passion for our Veterans and their families, along with prior multi-unit experience.","$21.69-$21.69 PH","Winter Park, Florida","Are you seeking a better work-life balance? Join an exceptional organization that prioritizes Veterans for an outstanding career! With over 78 years of serving our nation's Veterans, the Veterans Canteen Service (VCS) is currently seeking a dynamic Supervisory Operations Clerk for our Orlando, FL VA Medical Center Canteen. Join our fast-paced environment if you have a passion for our Veterans and their families, along with prior multi-unit experience.","","","","2026-08-10T09:31:30.463136+00:00"
"USAJOBS","Engineering Technician (Mechanical)","United States Army Installation Management Command","https://www.usajobs.gov:443/job/879295500","About the Position: Serve as a Project Technician on energy, renewable and water projects. Assist with research, analysis, development of programs and policies for installation public awareness, installation energy and water conservation, energy related maintenance, and applicable major construction projects.","$84439-$109777 PA","Fort Wainwright, Alaska","About the Position: Serve as a Project Technician on energy, renewable and water projects. Assist with research, analysis, development of programs and policies for installation public awareness, installation energy and water conservation, energy related maintenance, and applicable major construction projects.","","","","2026-08-10T09:31:30.464287+00:00"
"USAJOBS","VCS- Operations Supervisor - Los Angeles CA","Veterans Health Administration","https://www.usajobs.gov:443/job/879612900","Are you seeking a better work-life balance? Join an exceptional organization that prioritizes Veterans for an outstanding career! With over 78 years of serving our nation's Veterans, the Veterans Canteen Service (VCS) is currently seeking a dynamic Operations Supervisor for our Los Angeles, CA VA Medical Center Canteen. Join our fast-paced environment if you have a passion for our Veterans and their families, along with prior multi-unit experience.","$24.91-$24.91 PH","Los Angeles, California","Are you seeking a better work-life balance? Join an exceptional organization that prioritizes Veterans for an outstanding career! With over 78 years of serving our nation's Veterans, the Veterans Canteen Service (VCS) is currently seeking a dynamic Operations Supervisor for our Los Angeles, CA VA Medical Center Canteen. Join our fast-paced environment if you have a passion for our Veterans and their families, along with prior multi-unit experience.","","","","2026-08-10T09:31:30.465084+00:00"
"USAJOBS","Recreation Specialist (ITT)","Air Combat Command","https://www.usajobs.gov:443/job/879142600","About the position: This position is Non-appropriated Fund (NAF) and will be assigned to Outdoor Recreation Manges Information Tickets and Travel. Maintains physical inventory of tickets. Negotiates group pricing for admission/travel events. Responsible for balancing ITT accounts as required. Maintains records for inspections and audits. Assists with planning, developing, coordinating and conducting a variety of classes and trips. Provide transportation when needed.","$17.03-$19 PH","Seymour Johnson AFB, North Carolina","About the position: This position is Non-appropriated Fund (NAF) and will be assigned to Outdoor Recreation Manges Information Tickets and Travel. Maintains physical inventory of tickets. Negotiates group pricing for admission/travel events. Responsible for balancing ITT accounts as required. Maintains records for inspections and audits. Assists with planning, developing, coordinating and conducting a variety of classes and trips. Provide transportation when needed.","","","","2026-08-10T09:31:30.466307+00:00"
"USAJOBS","Privatization Financial Management Specialist - Direct Hire Authority","Air Force Materiel Command","https://www.usajobs.gov:443/job/876477000","Click on ""Learn more about this agency"" button below to view Eligibilities being considered and other IMPORTANT information. The primary purpose of this position is to provide expert financial and business advice to AFCEC, Air Staff and other DoD agencies related to present and future efforts to Privatized Military Family Housing.","$90823-$140403 PA","Lackland AFB, Texas","Click on ""Learn more about this agency"" button below to view Eligibilities being considered and other IMPORTANT information. The primary purpose of this position is to provide expert financial and business advice to AFCEC, Air Staff and other DoD agencies related to present and future efforts to Privatized Military Family Housing.","","","","2026-08-10T09:31:30.467393+00:00"
"USAJOBS","IT SPECIALIST (CUSTSPT) TITLE 32 PERMANENT","Army National Guard Units","https://www.usajobs.gov:443/job/876773100","THIS IS A NATIONAL GUARD TITLE 32 EXCEPTED SERVICE POSITION. This National Guard position is for a IT SPECIALIST (CUSTSPT) TITLE 32 PERMANENT, Position Description Number D2526P02 and is part of the NH ARNG DCSIM, National Guard This vacancy is to gather applications that may or may not result in a referral or selection.","$84579-$109959 PA","Concord, New Hampshire","THIS IS A NATIONAL GUARD TITLE 32 EXCEPTED SERVICE POSITION. This National Guard position is for a IT SPECIALIST (CUSTSPT) TITLE 32 PERMANENT, Position Description Number D2526P02 and is part of the NH ARNG DCSIM, National Guard This vacancy is to gather applications that may or may not result in a referral or selection.","","","","2026-08-10T09:31:30.468237+00:00"
"USAJOBS","LOGISTICS MANAGEMENT SPECIALIST","Army Tank-Automotive and Armament Command (TACOM)","https://www.usajobs.gov:443/job/879165700","About the Position: This position is located within the Materiel Systems Organization (MSO), Security Assistance Management Directorate (SAMD) and is one of the Department of the Army's premier support organizations. The MSO encompasses TACOM's total life cycle acquisition responsibilities, providing functional and technical expertise for disciplined program and contract execution.","$117402-$152625 PA","Warren, Michigan","About the Position: This position is located within the Materiel Systems Organization (MSO), Security Assistance Management Directorate (SAMD) and is one of the Department of the Army's premier support organizations. The MSO encompasses TACOM's total life cycle acquisition responsibilities, providing functional and technical expertise for disciplined program and contract execution.","","","","2026-08-10T09:31:30.469054+00:00"
"USAJOBS","IT SPECIALIST (CUSTOMER SUPPORT)","Army National Guard Units","https://www.usajobs.gov:443/job/879240100","This is a National Guard Title 32 Excepted position for a IT SPECIALIST (CUSTOMER SUPPORT), Position Description Number PDD2525P02 , and is part of the SC DOIM, South Carolina Army National Guard.","$68545-$89114 PA","Columbia, South Carolina","This is a National Guard Title 32 Excepted position for a IT SPECIALIST (CUSTOMER SUPPORT), Position Description Number PDD2525P02 , and is part of the SC DOIM, South Carolina Army National Guard.","","","","2026-08-10T09:31:30.469910+00:00"
"USAJOBS","Property Disposal Specialist (Environmental)","Defense Logistics Agency","https://www.usajobs.gov:443/job/879408100","See below for important information regarding this job.","$50460-$65599 PA","Battle Creek, Michigan","See below for important information regarding this job.","","","","2026-08-10T09:31:30.470424+00:00"
"USAJOBS","Club Operations Assistant","U.S. Air Forces, Europe","https://www.usajobs.gov:443/job/879700400","About the position: This position is Non-appropriated Fund (NAF) and is located at the Liberty Club on RAF Lakenheath, UK. This position requires shift work to provide coverage on days, evenings, weekends, holidays, or special situations. Scheduled hours will be 0-40 per week with no minimum guaranteed per week.","$16.94-$16.94 PH","Lakenheath, United Kingdom","About the position: This position is Non-appropriated Fund (NAF) and is located at the Liberty Club on RAF Lakenheath, UK. This position requires shift work to provide coverage on days, evenings, weekends, holidays, or special situations. Scheduled hours will be 0-40 per week with no minimum guaranteed per week.","","","","2026-08-10T09:31:30.470746+00:00"
"USAJOBS","Engineering Technician (Civil)","U.S. Army Corps of Engineers","https://www.usajobs.gov:443/job/878061900","This is a Direct Hire Authority (DHA) solicitation utilizing the DHA for Certain Personnel of the DoD Workforce to recruit and appoint qualified candidates to positions in the competitive service. About the Position: at the full performance level, you will serve as a Engineering Technician (Civil). You will perform work involving the gathering, processing, analyzing, and evaluating of hydrographic and related survey data.","$37193-$52957 PA","Memphis, Tennessee","This is a Direct Hire Authority (DHA) solicitation utilizing the DHA for Certain Personnel of the DoD Workforce to recruit and appoint qualified candidates to positions in the competitive service. About the Position: at the full performance level, you will serve as a Engineering Technician (Civil). You will perform work involving the gathering, processing, analyzing, and evaluating of hydrographic and related survey data.","","","","2026-08-10T09:31:30.471554+00:00"
"USAJOBS","Student Trainee (Logistics Management)","U.S. Army Security Assistance Command","https://www.usajobs.gov:443/job/878329800","About the Position: Position(s) will be filled under the Department of the Army Pathways Intern Program. Click here or more information on Pathways program participation. This position serves as a Student Trainee (Logistics Management) for U.S. Army Security Assistance Command located at Redstone Arsenal, AL. This position may be non-competitively converted to competitive service after completion of program.","$37918-$55151 PA","Redstone Arsenal, Alabama","About the Position: Position(s) will be filled under the Department of the Army Pathways Intern Program. Click here or more information on Pathways program participation. This position serves as a Student Trainee (Logistics Management) for U.S. Army Security Assistance Command located at Redstone Arsenal, AL. This position may be non-competitively converted to competitive service after completion of program.","","","","2026-08-10T09:31:30.472646+00:00"
"USAJOBS","Traffic Management Specialist","Defense Contract Management Agency","https://www.usajobs.gov:443/job/879044600","See below for important information regarding this job. Additional vacancies may be filled from this announcement. All OCONUS CMOs requires medical clearance which may include immunization and/or physical exam. Military spouses working remotely are exempt from in-person work under the conditions explained by OPM's February 12, 2025 memorandum and the March 20, 2025 Frequently Asked Questions.","$52727-$68549 PA","Wiesbaden, Germany","See below for important information regarding this job. Additional vacancies may be filled from this announcement. All OCONUS CMOs requires medical clearance which may include immunization and/or physical exam. Military spouses working remotely are exempt from in-person work under the conditions explained by OPM's February 12, 2025 memorandum and the March 20, 2025 Frequently Asked Questions.","","","","2026-08-10T09:31:30.473627+00:00"
"USAJOBS","Recreation Assistant - Liberty Program, PMRF","Commander, Navy Installations Command","https://www.usajobs.gov:443/job/878305400","Performs a variety of duties in support of the Morale, Welfare, and Recreation (MWR) Community Recreation program that may include special events, recreation information/resources, command events, visiting ships or fleet support, community events, trips, tours, outing, party and picnic rental equipment, resale tickets, recreational green space management, bowling, Library, Liberty, grab-n-go, movies, and outdoor recreation. * This posting is for current residents on the island of Kaua'i *","$19.19-$20 PH","Honolulu, Hawaii","Performs a variety of duties in support of the Morale, Welfare, and Recreation (MWR) Community Recreation program that may include special events, recreation information/resources, command events, visiting ships or fleet support, community events, trips, tours, outing, party and picnic rental equipment, resale tickets, recreational green space management, bowling, Library, Liberty, grab-n-go, movies, and outdoor recreation. * This posting is for current residents on the island of Kaua'i *","","","","2026-08-10T09:31:30.474590+00:00"
"USAJOBS","Recreation Assistant","Commander, Navy Installations Command","https://www.usajobs.gov:443/job/878628600","Performs a variety of duties in support of the Morale, Welfare, and Recreation program that may include special events, recreation information/resources, command events, visiting ships or fleet support, community events, trips, tours, outings, party/picnic rental equipment, resale tickets, recreational green space mgmt., bowling, Library, Liberty, grab-n-go, movies, and outdoor recreation.","$20-$20 PH","Naval Air Station Key West, Florida","Performs a variety of duties in support of the Morale, Welfare, and Recreation program that may include special events, recreation information/resources, command events, visiting ships or fleet support, community events, trips, tours, outings, party/picnic rental equipment, resale tickets, recreational green space mgmt., bowling, Library, Liberty, grab-n-go, movies, and outdoor recreation.","","","","2026-08-10T09:31:30.475706+00:00"
"USAJOBS","Recreation Assistant","Commander, Navy Installations Command","https://www.usajobs.gov:443/job/879141600","Performs a variety of duties in support of the Morale, Welfare, and Recreation program that may include special events, recreation information/resources, command events, visiting ships or fleet support, community events, trips, tours, outings, party/picnic rental equipment, resale tickets, recreational green space mgmt., bowling, Library, Liberty, grab-n-go, movies, and outdoor recreation.","$15.5-$17.34 PH","Naval Air Station/JRB Fort Worth, Texas","Performs a variety of duties in support of the Morale, Welfare, and Recreation program that may include special events, recreation information/resources, command events, visiting ships or fleet support, community events, trips, tours, outings, party/picnic rental equipment, resale tickets, recreational green space mgmt., bowling, Library, Liberty, grab-n-go, movies, and outdoor recreation.","","","","2026-08-10T09:31:30.476639+00:00"
"USAJOBS","Recreation Assistant - Barber's Point Beach Cottages Information, Tickets & Travel (ITT)","Commander, Navy Installations Command","https://www.usajobs.gov:443/job/879298100","Performs a variety of duties in support of the Morale, Welfare, and Recreation (MWR)Community Recreation program that may include special events, recreation information/resources, command events, visiting ships or fleet support, community events, trips, tours, outings, party and picnic rental equipment, resale tickets, recreational green space management, bowling, Library, Liberty, grab-n-go, movies, and outdoor recreation.","$19.19-$19.75 PH","Honolulu, Hawaii","Performs a variety of duties in support of the Morale, Welfare, and Recreation (MWR)Community Recreation program that may include special events, recreation information/resources, command events, visiting ships or fleet support, community events, trips, tours, outings, party and picnic rental equipment, resale tickets, recreational green space management, bowling, Library, Liberty, grab-n-go, movies, and outdoor recreation.","","","","2026-08-10T09:31:30.477571+00:00"
"USAJOBS","TELLER","Defense Commissary Agency","https://www.usajobs.gov:443/job/856769300","This is an open continuous announcement. The initial cut off date will be two weeks after the open date, after this date additional referral lists will be created as vacancies become available. If you are referred and not selected or receive a letter indicating, you were ineligible because of missing documents you must complete a new application package for this vacancy to receive further consideration. This announcement may be used to fill full-time or part-time work schedules.","$37193-$46526 PA","Multiple Locations","This is an open continuous announcement. The initial cut off date will be two weeks after the open date, after this date additional referral lists will be created as vacancies become available. If you are referred and not selected or receive a letter indicating, you were ineligible because of missing documents you must complete a new application package for this vacancy to receive further consideration. This announcement may be used to fill full-time or part-time work schedules.","","","","2026-08-10T09:31:30.478613+00:00"
"USAJOBS","Materials Engineer (6 Month Register)","Defense Logistics Agency","https://www.usajobs.gov:443/job/864695500","This is an open-continuous announcement with an established initial cut-off date of April 30, 2026. Please see the ""How You Will Be Evaluated"" section for more information. See below for important information regarding this job.","$121785-$158322 PA","Fort Belvoir, Virginia","This is an open-continuous announcement with an established initial cut-off date of April 30, 2026. Please see the ""How You Will Be Evaluated"" section for more information. See below for important information regarding this job.","","","","2026-08-10T09:31:30.480111+00:00"
"USAJOBS","RECREATION AID","Air Force Materiel Command","https://www.usajobs.gov:443/job/878565000","About the position: This position is Non-appropriated Fund (NAF) and will be assigned to the Patriot Golf Course, Hanscom AFB, Bedford, Massachusetts. The work schedule is Flexible. Incumbent may be scheduled 0 to 40 hours per week. Applications will be reviewed every 2 weeks until close of this announcement. .","$16-$19 PH","Hanscom AFB, Massachusetts","About the position: This position is Non-appropriated Fund (NAF) and will be assigned to the Patriot Golf Course, Hanscom AFB, Bedford, Massachusetts. The work schedule is Flexible. Incumbent may be scheduled 0 to 40 hours per week. Applications will be reviewed every 2 weeks until close of this announcement. .","","","","2026-08-10T09:31:30.480727+00:00"
"USAJOBS","VCS - Lead Operations Clerk","Veterans Health Administration","https://www.usajobs.gov:443/job/878907600","Are you looking for a better work-life balance and opportunities to grow? Join an excellent organization that puts Veterans first for a fulfilling career! Since 1946 Veterans Canteen Service (VCS) has delivered the VCS benefits to millions of Veterans enrolled in the Department of Veterans Affairs (VA) Healthcare system, the largest Healthcare system in the United States.","$19.95-$19.95 PH","Erie, Pennsylvania","Are you looking for a better work-life balance and opportunities to grow? Join an excellent organization that puts Veterans first for a fulfilling career! Since 1946 Veterans Canteen Service (VCS) has delivered the VCS benefits to millions of Veterans enrolled in the Department of Veterans Affairs (VA) Healthcare system, the largest Healthcare system in the United States.","","","","2026-08-10T09:31:30.481493+00:00"
"USAJOBS","VCS-Operations Lead Clerk-Indianapolis IN","Veterans Health Administration","https://www.usajobs.gov:443/job/879177700","Are you looking for a better work-life balance and opportunities to grow? Join an excellent organization that puts Veterans first for a fulfilling career! Since 1946 Veterans Canteen Service (VCS) has delivered the VCS benefits to millions of Veterans enrolled in the Department of Veterans Affairs (VA) Healthcare system, the largest Healthcare system in the United States.","$20.81-$20.81 PH","Indianapolis, Indiana","Are you looking for a better work-life balance and opportunities to grow? Join an excellent organization that puts Veterans first for a fulfilling career! Since 1946 Veterans Canteen Service (VCS) has delivered the VCS benefits to millions of Veterans enrolled in the Department of Veterans Affairs (VA) Healthcare system, the largest Healthcare system in the United States.","","","","2026-08-10T09:31:30.482538+00:00"
"USAJOBS","VCS-Operations Lead-Albany NY","Veterans Health Administration","https://www.usajobs.gov:443/job/879217100","Are you looking for a better work-life balance and opportunities to grow? Join an excellent organization that puts Veterans first for a fulfilling career! Since 1946 Veterans Canteen Service (VCS) has delivered the VCS benefits to millions of Veterans enrolled in the Department of Veterans Affairs (VA) Healthcare system, the largest Healthcare system in the United States.","$20.25-$20.25 PH","Albany, New York","Are you looking for a better work-life balance and opportunities to grow? Join an excellent organization that puts Veterans first for a fulfilling career! Since 1946 Veterans Canteen Service (VCS) has delivered the VCS benefits to millions of Veterans enrolled in the Department of Veterans Affairs (VA) Healthcare system, the largest Healthcare system in the United States.","","","","2026-08-10T09:31:30.483497+00:00"
"USAJOBS","VCS-Operations Lead- Charleston SC","Veterans Health Administration","https://www.usajobs.gov:443/job/879218700","Are you looking for a better work-life balance and opportunities to grow? Join an excellent organization that puts Veterans first for a fulfilling career! Since 1946 Veterans Canteen Service (VCS) has delivered the VCS benefits to millions of Veterans enrolled in the Department of Veterans Affairs (VA) Healthcare system, the largest Healthcare system in the United States.","$19.95-$19.95 PH","Charleston, South Carolina","Are you looking for a better work-life balance and opportunities to grow? Join an excellent organization that puts Veterans first for a fulfilling career! Since 1946 Veterans Canteen Service (VCS) has delivered the VCS benefits to millions of Veterans enrolled in the Department of Veterans Affairs (VA) Healthcare system, the largest Healthcare system in the United States.","","","","2026-08-10T09:31:30.484439+00:00"
"USAJOBS","VCS-Operations Lead- White River Junction VT","Veterans Health Administration","https://www.usajobs.gov:443/job/879265300","Are you looking for a better work-life balance and opportunities to grow? Join an excellent organization that puts Veterans first for a fulfilling career! Since 1946 Veterans Canteen Service (VCS) has delivered the VCS benefits to millions of Veterans enrolled in the Department of Veterans Affairs (VA) Healthcare system, the largest Healthcare system in the United States.","$20.29-$20.29 PH","White River Junction, Vermont","Are you looking for a better work-life balance and opportunities to grow? Join an excellent organization that puts Veterans first for a fulfilling career! Since 1946 Veterans Canteen Service (VCS) has delivered the VCS benefits to millions of Veterans enrolled in the Department of Veterans Affairs (VA) Healthcare system, the largest Healthcare system in the United States.","","","","2026-08-10T09:31:30.485395+00:00"
"USAJOBS","GUEST SERVICES REPRESENTATIVES","Air Combat Command","https://www.usajobs.gov:443/job/879267600","About the position: This position is Non-appropriated Fund (NAF) and will be assigned to the Gold Country Inn, Beale AFB, CA... You will be scheduled to work anywhere from 0-40 hours per week; hours are not guaranteed. This position does not receive benefits.","$16.9-$21.9 PH","Beale AFB, California","About the position: This position is Non-appropriated Fund (NAF) and will be assigned to the Gold Country Inn, Beale AFB, CA... You will be scheduled to work anywhere from 0-40 hours per week; hours are not guaranteed. This position does not receive benefits.","","","","2026-08-10T09:31:30.486322+00:00"
"USAJOBS","Guest Services Representative","U.S. Air Forces, Europe","https://www.usajobs.gov:443/job/878045900","About the position: This position is Non-appropriated Fund (NAF) and is located at the Gateway Inn-Lodging, RAF Mildenhall, United Kingdom. Scheduled shifts may include days, nights, weekends and holidays. STANDING REGISTER ANNOUNCEMENT: Applications will be reviewed, and referrals made every 7 days throughout the open period. This position may close sooner than the date advertised if the vacancy is filled.","$15-$15.41 PH","Mildenhall, United Kingdom","About the position: This position is Non-appropriated Fund (NAF) and is located at the Gateway Inn-Lodging, RAF Mildenhall, United Kingdom. Scheduled shifts may include days, nights, weekends and holidays. STANDING REGISTER ANNOUNCEMENT: Applications will be reviewed, and referrals made every 7 days throughout the open period. This position may close sooner than the date advertised if the vacancy is filled.","","","","2026-08-10T09:31:30.487021+00:00"
"USAJOBS","Business Manager (Food Service) NF-03","Army Tank-Automotive and Armament Command (TACOM)","https://www.usajobs.gov:443/job/878324700","This position is located at Anniston, Alabama. To better expedite the hiring process, we recommend including full contact information (name, address, phone number, email, etc.) for professional and personal references on your resume. Incentives and Bonuses Incentives will not be paid.","$45000-$55000 PA","Anniston Army Depot, Alabama","This position is located at Anniston, Alabama. To better expedite the hiring process, we recommend including full contact information (name, address, phone number, email, etc.) for professional and personal references on your resume. Incentives and Bonuses Incentives will not be paid.","","","","2026-08-10T09:31:30.487976+00:00"
"USAJOBS","Recreation Assistant (Range Operations) NF-02","United States Army Installation Management Command","https://www.usajobs.gov:443/job/878905200","This position is located at the Cheyenne Mountain Shooting Complex. To better expedite the hiring process, we recommend including full contact information (name, address, phone number, email, etc.) for professional and personal references on your resume. Incentives and Bonuses Incentives will not be paid.","$18.19-$25.98 PH","Fort Carson, Colorado","This position is located at the Cheyenne Mountain Shooting Complex. To better expedite the hiring process, we recommend including full contact information (name, address, phone number, email, etc.) for professional and personal references on your resume. Incentives and Bonuses Incentives will not be paid.","","","","2026-08-10T09:31:30.488722+00:00"
"USAJOBS","Supervisory General Supply Specialist NF-04","United States Army Installation Management Command","https://www.usajobs.gov:443/job/879395500","This position is located at .DFMWR Support Division, Fort Bliss, TX. To better expedite the hiring process, we recommend including full contact information (name, address, phone number, email, etc.) for professional and personal references on your resume. Incentives and Bonuses Incentives will not be paid.","$75000-$95000 PA","Fort Bliss, Texas","This position is located at .DFMWR Support Division, Fort Bliss, TX. To better expedite the hiring process, we recommend including full contact information (name, address, phone number, email, etc.) for professional and personal references on your resume. Incentives and Bonuses Incentives will not be paid.","","","","2026-08-10T09:31:30.489510+00:00"
"USAJOBS","Bartender NA-03","United States Army Installation Management Command","https://www.usajobs.gov:443/job/869532600","This position is located at Pershing Community Center, Fort Leonard Wood, MO. **This announcement is open and continuous; closing 08/17/2026 or till position is filled. Weekly reviews and lists will be sent to management starting 21 May 2026; additional lists may be sent at management request.** Incentives and Bonuses Incentives will not be paid.","$19.08-$22.27 PH","Fort Leonard Wood, Missouri","This position is located at Pershing Community Center, Fort Leonard Wood, MO. **This announcement is open and continuous; closing 08/17/2026 or till position is filled. Weekly reviews and lists will be sent to management starting 21 May 2026; additional lists may be sent at management request.** Incentives and Bonuses Incentives will not be paid.","","","","2026-08-10T09:31:30.490289+00:00"
"USAJOBS","Recreation Assistant (Range Operations) NF-02","United States Army Installation Management Command","https://www.usajobs.gov:443/job/877113900","This position is located at: Fort Riley, Kansas. Join our team at For Riley. DFMWR provides family support activities and services; social, fitness and recreational activities that enhance community life, fosters Soldier and unit readiness and promotes mental and physical fitness; and wellness programs that directly support readiness and resiliency. This is an open continuous announcement. All qualified applicants will be forwarded to management on a weekly or as needed basis.","$17-$19 PH","Fort Riley, Kansas","This position is located at: Fort Riley, Kansas. Join our team at For Riley. DFMWR provides family support activities and services; social, fitness and recreational activities that enhance community life, fosters Soldier and unit readiness and promotes mental and physical fitness; and wellness programs that directly support readiness and resiliency. This is an open continuous announcement. All qualified applicants will be forwarded to management on a weekly or as needed basis.","","","","2026-08-10T09:31:30.491171+00:00"
"USAJOBS","Bartender (Ozark Tavern) NA-03","United States Army Installation Management Command","https://www.usajobs.gov:443/job/879429200","This position is located at Ozark Tavern Fort Leonard Wood, MO. Incentives and Bonuses Incentives will not be paid. **This announcement is open and continuous; closing 11/03/2026 or till position is filled. Weekly reviews and lists will be sent to management starting 12 August 2026; additional lists may be sent at management request.**","$19.08-$22.27 PH","Fort Leonard Wood, Missouri","This position is located at Ozark Tavern Fort Leonard Wood, MO. Incentives and Bonuses Incentives will not be paid. **This announcement is open and continuous; closing 11/03/2026 or till position is filled. Weekly reviews and lists will be sent to management starting 12 August 2026; additional lists may be sent at management request.**","","","","2026-08-10T09:31:30.492410+00:00"
"USAJOBS","Property Disposal Officer","Bonneville Power Administration","https://www.usajobs.gov:443/job/879806500","This position is located with Bonneville Power Administration, in Logistics Management (NSL) organization in Supply Chain Services (NS), Chief Administrative Office (N). A successful candidate in the Property Disposal Officer position will supervise the overall compliance of the Hazardous Waste Facility and the Supply System Analyst function.","$114684-$149091 PA","Vancouver, Washington","This position is located with Bonneville Power Administration, in Logistics Management (NSL) organization in Supply Chain Services (NS), Chief Administrative Office (N). A successful candidate in the Property Disposal Officer position will supervise the overall compliance of the Hazardous Waste Facility and the Supply System Analyst function.","","","","2026-08-10T09:31:30.493255+00:00"
"USAJOBS","FOOD SERVICE WORKER SUPERVISOR S04","U.S. Marine Corps","https://www.usajobs.gov:443/job/867627800","Marine Corps Community Services (MCCS) is looking for the best and brightest to join our Team! MCCS is a comprehensive program that supports and enhances the quality of life for Marines, their families, and others in the Marine Corps Community. We offer a team oriented environment comprised of military personnel, civilian employees, contractors and volunteers who keep the organization functioning smoothly and effectively.","$24.38-$24.38 PH","Twentynine Palms, California","Marine Corps Community Services (MCCS) is looking for the best and brightest to join our Team! MCCS is a comprehensive program that supports and enhances the quality of life for Marines, their families, and others in the Marine Corps Community. We offer a team oriented environment comprised of military personnel, civilian employees, contractors and volunteers who keep the organization functioning smoothly and effectively.","","","","2026-08-10T09:31:30.494096+00:00"
"USAJOBS","PROGRAM ANALYST - DIRECT HIRE AUTHORITY","Air Force Materiel Command","https://www.usajobs.gov:443/job/867064600","Click on ""Learn more about this agency"" button below to view Eligibilities being considered and other IMPORTANT information. The primary purpose of this position is to plan, organize, and determine necessary policies, regulations, directives, programs, doctrine, and procedures for the establishment and maintenance of assigned major command program(s).","$92841-$143523 PA","Wright-Patterson AFB, Ohio","Click on ""Learn more about this agency"" button below to view Eligibilities being considered and other IMPORTANT information. The primary purpose of this position is to plan, organize, and determine necessary policies, regulations, directives, programs, doctrine, and procedures for the establishment and maintenance of assigned major command program(s).","","","","2026-08-10T09:31:30.495085+00:00"
"USAJOBS","Property Disposal Specialist (Environmental)","Defense Logistics Agency","https://www.usajobs.gov:443/job/879409100","See below for important information regarding this job. Selected applicants will serve as entry-level trainees in the DLA Pathways to Career Excellence (PaCE) Program performing a series of progressively responsible Property Disposal Specialist functions, along with formal and on-the-job training (OJT). Positions are for DLA Disposition.","$50460-$65599 PA","Battle Creek, Michigan","See below for important information regarding this job. Selected applicants will serve as entry-level trainees in the DLA Pathways to Career Excellence (PaCE) Program performing a series of progressively responsible Property Disposal Specialist functions, along with formal and on-the-job training (OJT). Positions are for DLA Disposition.","","","","2026-08-10T09:31:30.495947+00:00"
"USAJOBS","Teller","Defense Commissary Agency","https://www.usajobs.gov:443/job/856171000","This is an open continuous announcement. The initial cutoff for referral is 14 days, after the date and additional referral lists will be created as vacancies are available. Please review the U.S. Embassy website https://kr.usembassy.gov/services-controlled-substance/ for South Korea for prescription/drug regulations.","$37193-$46526 PA","Multiple Locations","This is an open continuous announcement. The initial cutoff for referral is 14 days, after the date and additional referral lists will be created as vacancies are available. Please review the U.S. Embassy website https://kr.usembassy.gov/services-controlled-substance/ for South Korea for prescription/drug regulations.","","","","2026-08-10T09:31:30.496762+00:00"
"USAJOBS","Cashier (Club)","Pacific Air Forces","https://www.usajobs.gov:443/job/859547100","About the position: The primary purpose of this position is to perform receiving and disbursing cashier duties at the Misawa Collocated Club of the 35th Force Support Squadron, Misawa, AB. This is a flexible category position; guaranteed 0 hours per week, but may work up to 40 hours a week depending on the needs of the facility. Military Spouse Preference is not lost if selected for this position.","$15.5-$15.5 PH","Misawa AFB, Japan","About the position: The primary purpose of this position is to perform receiving and disbursing cashier duties at the Misawa Collocated Club of the 35th Force Support Squadron, Misawa, AB. This is a flexible category position; guaranteed 0 hours per week, but may work up to 40 hours a week depending on the needs of the facility. Military Spouse Preference is not lost if selected for this position.","","","","2026-08-10T09:31:30.497930+00:00"
"USAJOBS","Recreation Assistant","Commander, Navy Installations Command","https://www.usajobs.gov:443/job/863584700","Support the Military's Quality of Life programs! The Morale, Welfare, and Recreation (MWR) department of Commander, Navy Installations Command (CNIC) provides fitness, recreation, lodging and food and beverage programs for service members, their families, retired military and civilian employees. This position is located at the Cliffside RV Park aboard NAS Whidbey Island.","$20.54-$20.54 PH","Oak Harbor, Washington","Support the Military's Quality of Life programs! The Morale, Welfare, and Recreation (MWR) department of Commander, Navy Installations Command (CNIC) provides fitness, recreation, lodging and food and beverage programs for service members, their families, retired military and civilian employees. This position is located at the Cliffside RV Park aboard NAS Whidbey Island.","","","","2026-08-10T09:31:30.498899+00:00"
"USAJOBS","CASHIER","Air Force Global Strike Command","https://www.usajobs.gov:443/job/878511400","About the position: This position is located at the Resource Management Office on F.E. Warren AFB, Wyoming. This position is considered Flexible and is guaranteed 0.00 hours but has the potential to work up to 40 hours per week. You may be required to work some nights, weekends and holidays.Flexible employees are not eligible for leave or benefits. The starting pay for this position is $15.00 per hour.","$15-$17 PH","Warren AFB, Wyoming","About the position: This position is located at the Resource Management Office on F.E. Warren AFB, Wyoming. This position is considered Flexible and is guaranteed 0.00 hours but has the potential to work up to 40 hours per week. You may be required to work some nights, weekends and holidays.Flexible employees are not eligible for leave or benefits. The starting pay for this position is $15.00 per hour.","","","","2026-08-10T09:31:30.500360+00:00"
"USAJOBS","Recreation Aid (Fitness)","Air Education and Training Command","https://www.usajobs.gov:443/job/879471900","This position is Non-appropriated Fund (NAF) and located at the JBSA Fort Sam Houston Fitness Center. This is a regular part-time position with guaranteed 20 hrs./wk., may work up to 40 hrs./wk. Scheduled as needed. This position is eligible for benefits.","$15.5-$15.75 PH","Fort Sam Houston, Texas","This position is Non-appropriated Fund (NAF) and located at the JBSA Fort Sam Houston Fitness Center. This is a regular part-time position with guaranteed 20 hrs./wk., may work up to 40 hrs./wk. Scheduled as needed. This position is eligible for benefits.","","","","2026-08-10T09:31:30.501260+00:00"
"USAJOBS","Store Worker","Defense Commissary Agency","https://www.usajobs.gov:443/job/856169900","**This is an open continuous announcement.** Referral lists will be created every 14 days as vacancies are available. Please review the U.S. Embassy website https://kr.usembassy.gov/services-controlled-substance/ for South Korea for prescription/drug regulations.","$20.65-$24.11 PH","Multiple Locations","**This is an open continuous announcement.** Referral lists will be created every 14 days as vacancies are available. Please review the U.S. Embassy website https://kr.usembassy.gov/services-controlled-substance/ for South Korea for prescription/drug regulations.","","","","2026-08-10T09:31:30.501919+00:00"
"USAJOBS","STORE WORKER","Defense Commissary Agency","https://www.usajobs.gov:443/job/857086700","This is an open continuous announcement. The initial cut off date will be two weeks after the open date, after this date additional referral lists will be created as vacancies become available. If you are referred and not selected or receive a letter indicating, you were ineligible because of missing documents you must complete a new application package for this vacancy to receive further consideration. This announcement may be used to fill full-time or part-time work schedules.","$20.65-$24.11 PH","Multiple Locations","This is an open continuous announcement. The initial cut off date will be two weeks after the open date, after this date additional referral lists will be created as vacancies become available. If you are referred and not selected or receive a letter indicating, you were ineligible because of missing documents you must complete a new application package for this vacancy to receive further consideration. This announcement may be used to fill full-time or part-time work schedules.","","","","2026-08-10T09:31:30.502963+00:00"
"USAJOBS","RECREATION ASSISTANT (GOLF)","United States Space Force","https://www.usajobs.gov:443/job/879107400","About the position: This position is Non-appropriated Fund (NAF) and will be assigned to the Manatee Cove Golf Course. This position requires shift work to provide coverage on days, evenings, weekends, holidays, or special situations. Scheduled hours will be 0-40 per week.","$16.8-$17 PH","Patrick AFB, Florida","About the position: This position is Non-appropriated Fund (NAF) and will be assigned to the Manatee Cove Golf Course. This position requires shift work to provide coverage on days, evenings, weekends, holidays, or special situations. Scheduled hours will be 0-40 per week.","","","","2026-08-10T09:31:30.504519+00:00"
"USAJOBS","Recreation Aid (Counter Ops)","Air Force Materiel Command","https://www.usajobs.gov:443/job/879798000","About the position: This position is Non-appropriated Fund (NAF) and will be assigned to the Outdoor Recreation on Robins AFB, GA. Flexible employees have no guaranteed hours but may work up to 40 hours per week. This position does not offer benefits.","$15-$15 PH","Robins AFB, Georgia","About the position: This position is Non-appropriated Fund (NAF) and will be assigned to the Outdoor Recreation on Robins AFB, GA. Flexible employees have no guaranteed hours but may work up to 40 hours per week. This position does not offer benefits.","","","","2026-08-10T09:31:30.505219+00:00"
"USAJOBS","IT SPECIALIST (CUSTSPT)","Army National Guard Units","https://www.usajobs.gov:443/job/879394700","THIS IS A NATIONAL GUARD TITLE 32 EXCEPTED SERVICE POSITION. This National Guard position is for a IT SPECIALIST (CUSTSPT), Position Description Number D2525P02 and D2525P02 and is part of the PA Deputy Chief of Staff G6, National Guard. 1 or more Position(s) may be hired against this Announcement.","$68545-$99053 PA","Indiantown Gap, Pennsylvania","THIS IS A NATIONAL GUARD TITLE 32 EXCEPTED SERVICE POSITION. This National Guard position is for a IT SPECIALIST (CUSTSPT), Position Description Number D2525P02 and D2525P02 and is part of the PA Deputy Chief of Staff G6, National Guard. 1 or more Position(s) may be hired against this Announcement.","","","","2026-08-10T09:31:30.505901+00:00"
"USAJOBS","Waiter, NA-02","United States Army Installation Management Command","https://www.usajobs.gov:443/job/855103600","Serves as a Waiter in the Banquet Department of the Hale Koa Hotel. The first cut-off date will be on 2/1/2026. Additional lists will be pulled after this first cut-off date at the request of the hiring manager. Local candidates will be reviewed first as PCS is not authorized. If determined that area of consideration is to be expanded, all candidates will be considered. This announcement was modified on 6/8/2026 to change the Bargaining Unit Status to No.","$22.98-$26.81 PH","Honolulu, Hawaii","Serves as a Waiter in the Banquet Department of the Hale Koa Hotel. The first cut-off date will be on 2/1/2026. Additional lists will be pulled after this first cut-off date at the request of the hiring manager. Local candidates will be reviewed first as PCS is not authorized. If determined that area of consideration is to be expanded, all candidates will be considered. This announcement was modified on 6/8/2026 to change the Bargaining Unit Status to No.","","","","2026-08-10T09:31:30.506695+00:00"
"USAJOBS","Recreation Aid (Marina)","Pacific Air Forces","https://www.usajobs.gov:443/job/876210900","About the position: This position is Non-appropriated Fund (NAF) and is located at the Kadena Marina on Kadena Air Base in Okinawa, Japan.","$15-$15.75 PH","Kadena Air Base Okinawa, Japan","About the position: This position is Non-appropriated Fund (NAF) and is located at the Kadena Marina on Kadena Air Base in Okinawa, Japan.","","","","2026-08-10T09:31:30.507780+00:00"
"USAJOBS","Interdisciplinary General Engineer/Operations Research Analyst","Missile Defense Agency","https://www.usajobs.gov:443/job/877321700","The position(s) covered by this vacancy announcement is in the Department of Defense (DoD) Acquisition Workforce Personnel Demonstration Project (AcqDemo). For more information please see: ACQDEMO This position is part of the Director for Test Organization. The incumbent will be responsible for providing input to acquisition decisions based on assessment of the adequacy of test and evaluation programs and assessment of the results of tests and evaluation.","$143913-$197200 PA","Dahlgren, Virginia","The position(s) covered by this vacancy announcement is in the Department of Defense (DoD) Acquisition Workforce Personnel Demonstration Project (AcqDemo). For more information please see: ACQDEMO This position is part of the Director for Test Organization. The incumbent will be responsible for providing input to acquisition decisions based on assessment of the adequacy of test and evaluation programs and assessment of the results of tests and evaluation.","","","","2026-08-10T09:31:30.508298+00:00"
"USAJOBS","Cashier","Commander, Navy Installations Command","https://www.usajobs.gov:443/job/877751200","This position is located at Naval Support Activity, Panama City, FL within the Morale, Welfare and Recreation (MWR) Department, Commander, Navy Region Southeast. This position is assigned to the C-Street Café and is assigned duties within the C-Street Café as cashier.","$15-$15 PH","Panama City, Florida","This position is located at Naval Support Activity, Panama City, FL within the Morale, Welfare and Recreation (MWR) Department, Commander, Navy Region Southeast. This position is assigned to the C-Street Café and is assigned duties within the C-Street Café as cashier.","","","","2026-08-10T09:31:30.509375+00:00"
"USAJOBS","SUPERVISORY PROGRAM MANAGER","Defense Security Cooperation Agency","https://www.usajobs.gov:443/job/878466300","This position is part of the Defense Security Cooperation Agency. The incumbent will be responsible for Providing authoritative advice, guidance and decisions on MILGP business practices, staffing levels at MILGPs and training requirements for the MILGP enterprise; Executing the management of MILGP human, financial, and logistics resources to ensure that the MILGP enterprise is appropriately resourced to achieve national security priorities security cooperation objectives.","$169279-$197200 PA","Arlington, Virginia","This position is part of the Defense Security Cooperation Agency. The incumbent will be responsible for Providing authoritative advice, guidance and decisions on MILGP business practices, staffing levels at MILGPs and training requirements for the MILGP enterprise; Executing the management of MILGP human, financial, and logistics resources to ensure that the MILGP enterprise is appropriately resourced to achieve national security priorities security cooperation objectives.","","","","2026-08-10T09:31:30.510121+00:00"
"USAJOBS","Teller","Defense Commissary Agency","https://www.usajobs.gov:443/job/878482200","Tellers control and account for all funds received and deposited daily as part of commissary store operations. Specific assignments vary by individual store and store management requirements. Read the entire announcement before starting the application process.","$17.82-$22.68 PH","Dyess AFB, Texas","Tellers control and account for all funds received and deposited daily as part of commissary store operations. Specific assignments vary by individual store and store management requirements. Read the entire announcement before starting the application process.","","","","2026-08-10T09:31:30.511136+00:00"
"USAJOBS","Supervisory Criminal Investigator (ARPA Chief)","Interior, Bureau of Indian Affairs","https://www.usajobs.gov:443/job/877999600","This position is located with the Bureau of Indian Affairs, OJS, Cultural Resources Division in Albuquerque, New Mexico. This position is a Supervisory Criminal Investigator with the Cultural Resources Division, responsible for the supervising all investigatory processes related to Archeological Resources Protection Act and the Native American Graves Protection and Repatriation Act (ARPA/NAGPRA), and complex criminal investigations on Indian Reservations and trust lands throughout the U.S.","$110574-$143748 PA","Albuquerque, New Mexico","This position is located with the Bureau of Indian Affairs, OJS, Cultural Resources Division in Albuquerque, New Mexico. This position is a Supervisory Criminal Investigator with the Cultural Resources Division, responsible for the supervising all investigatory processes related to Archeological Resources Protection Act and the Native American Graves Protection and Repatriation Act (ARPA/NAGPRA), and complex criminal investigations on Indian Reservations and trust lands throughout the U.S.","","","","2026-08-10T09:31:30.511984+00:00"
"USAJOBS","FUL-Recreation Fee Technician","National Park Service","https://www.usajobs.gov:443/job/878105700","This position serves as a Recreation Fee Technician in any organizational unit within the National Park Service (NPS). The primary purpose of this position is to perform a variety of duties associated with the collection, deposit, tracking, and expenditure of fee revenue and donations collected from the public under legal authorities such as the Federal Lands Recreation Enhancement Act. Cost of Living Allowance (COLA) rate of 8.64% is authorized.","$42528-$55287 PA","Hana, Hawaii","This position serves as a Recreation Fee Technician in any organizational unit within the National Park Service (NPS). The primary purpose of this position is to perform a variety of duties associated with the collection, deposit, tracking, and expenditure of fee revenue and donations collected from the public under legal authorities such as the Federal Lands Recreation Enhancement Act. Cost of Living Allowance (COLA) rate of 8.64% is authorized.","","","","2026-08-10T09:31:30.513117+00:00"
"USAJOBS","EQUIPMENT SPECIALIST - DIRECT HIRE AUTHORITY","Air Force Materiel Command","https://www.usajobs.gov:443/job/878118000","Click on ""Learn more about this agency"" button below to view Eligibilities being considered and other IMPORTANT information. The primary purpose of this position is to advance AFLCMC's ability to acquire, develop, support and sustain Products and Services by generating logistics solutions and supporting personnel. This position serves as an Equipment Specialist for an assigned AFLCMC Directorate organization.","$76463-$118204 PA","Multiple Locations","Click on ""Learn more about this agency"" button below to view Eligibilities being considered and other IMPORTANT information. The primary purpose of this position is to advance AFLCMC's ability to acquire, develop, support and sustain Products and Services by generating logistics solutions and supporting personnel. This position serves as an Equipment Specialist for an assigned AFLCMC Directorate organization.","","","","2026-08-10T09:31:30.514148+00:00"
"USAJOBS","Supervisory Criminal Investigator (ARPA Chief)","Interior, Bureau of Indian Affairs","https://www.usajobs.gov:443/job/878225000","This position is located with the Bureau of Indian Affairs, OJS, Cultural Resources Division in Albuquerque, New Mexico. This position is a Supervisory Criminal Investigator, responsible for the supervising all investigatory processes related to Archeological Resources Protection Act and the Native American Graves Protection and Repatriation Act (ARPA/NAGPRA), and complex criminal investigations on Indian Reservations and trust lands throughout the United States.","$110574-$143748 PA","Albuquerque, New Mexico","This position is located with the Bureau of Indian Affairs, OJS, Cultural Resources Division in Albuquerque, New Mexico. This position is a Supervisory Criminal Investigator, responsible for the supervising all investigatory processes related to Archeological Resources Protection Act and the Native American Graves Protection and Repatriation Act (ARPA/NAGPRA), and complex criminal investigations on Indian Reservations and trust lands throughout the United States.","","","","2026-08-10T09:31:30.515137+00:00"
"USAJOBS","IT SPECIALIST (CUSTSPT)","Army National Guard Units","https://www.usajobs.gov:443/job/879392000","THIS IS A NATIONAL GUARD TITLE 32 EXCEPTED SERVICE POSITION. This National Guard position is for a IT SPECIALIST (CUSTSPT), Position Description Number D2526P0A and is part of the PA Deputy Chief of Staff G6, National Guard. 1 or more Position(s) may be hired against this Announcement. SECURITY + REQUIRED WITHIN 6 MONTHS","$68545-$99053 PA","Indiantown Gap, Pennsylvania","THIS IS A NATIONAL GUARD TITLE 32 EXCEPTED SERVICE POSITION. This National Guard position is for a IT SPECIALIST (CUSTSPT), Position Description Number D2526P0A and is part of the PA Deputy Chief of Staff G6, National Guard. 1 or more Position(s) may be hired against this Announcement. SECURITY + REQUIRED WITHIN 6 MONTHS","","","","2026-08-10T09:31:30.516227+00:00"
"USAJOBS","IT SPECIALIST (CUSTSPT)","Army National Guard Units","https://www.usajobs.gov:443/job/879392200","THIS IS A NATIONAL GUARD TITLE 32 EXCEPTED SERVICE POSITION. This National Guard position is for a IT SPECIALIST (CUSTSPT), Position Description Number D2526P02 and is part of the PA Deputy Chief of Staff G6, National Guard. 1 or more Position(s) may be hired against this Announcement. SECURITY + REQUIRED WITHIN 6 MONTHS","$68545-$99053 PA","Indiantown Gap, Pennsylvania","THIS IS A NATIONAL GUARD TITLE 32 EXCEPTED SERVICE POSITION. This National Guard position is for a IT SPECIALIST (CUSTSPT), Position Description Number D2526P02 and is part of the PA Deputy Chief of Staff G6, National Guard. 1 or more Position(s) may be hired against this Announcement. SECURITY + REQUIRED WITHIN 6 MONTHS","","","","2026-08-10T09:31:30.517010+00:00"
"USAJOBS","FOOD SERVICE WORKER (MVO)","Air Mobility Command","https://www.usajobs.gov:443/job/842910200","About the position: This position is Non-appropriated Fund (NAF) and will be assigned to the Food Truck at McGuire AFB, New Jersey.","$19.75-$19.75 PH","McGuire AFB, New Jersey","About the position: This position is Non-appropriated Fund (NAF) and will be assigned to the Food Truck at McGuire AFB, New Jersey.","","","","2026-08-10T09:31:30.517732+00:00"
"USAJOBS","Guest Services Representative","Pacific Air Forces","https://www.usajobs.gov:443/job/872833400","The Gold Rush Inn mission is to support combat-ready and strategic artic airpower! Join our prestigious team with over 100 rooms and more than 7 million dollars of annual revenue a year, providing world-class hospitality to our dedicated military members, civilians, and families. Incumbent must be 21+ years of age. APPLICANTS WILL BE PULLED EVERY FRIDAY AT 8:00AM UNTIL POSITIONS ARE FILLED.","$15-$18 PH","Eielson AFB, Alaska","The Gold Rush Inn mission is to support combat-ready and strategic artic airpower! Join our prestigious team with over 100 rooms and more than 7 million dollars of annual revenue a year, providing world-class hospitality to our dedicated military members, civilians, and families. Incumbent must be 21+ years of age. APPLICANTS WILL BE PULLED EVERY FRIDAY AT 8:00AM UNTIL POSITIONS ARE FILLED.","","","","2026-08-10T09:31:30.518193+00:00"
"USAJOBS","Guest Services Representative","Pacific Air Forces","https://www.usajobs.gov:443/job/875281900","About the position: This position is Non-Appropriated Fund (NAF) and will be assigned to Joint Base Elmendorf-Richardson Lodging. Applications are open to ages 18 and older (must be 21 if selling alcohol). You are eligible for the following benefits and compensation: Health and Life Insurance, Awards, Leave, Retirement, 401K, Overtime Pay, Workers' Compensation, Shift Differential, Sunday Premium Pay, Holiday Pay.","$17-$18.5 PH","Elmendorf AFB, Alaska","About the position: This position is Non-Appropriated Fund (NAF) and will be assigned to Joint Base Elmendorf-Richardson Lodging. Applications are open to ages 18 and older (must be 21 if selling alcohol). You are eligible for the following benefits and compensation: Health and Life Insurance, Awards, Leave, Retirement, 401K, Overtime Pay, Workers' Compensation, Shift Differential, Sunday Premium Pay, Holiday Pay.","","","","2026-08-10T09:31:30.519135+00:00"
"USAJOBS","GUEST SERVICES REPRESENTATIVES","Air Force Global Strike Command","https://www.usajobs.gov:443/job/878332100","About the position: This position is Non-appropriated Fund (NAF) and will be assigned to the Barksdale AFB, Bossier City, LA 71110. This is a Flexible position. No benefits are offered at this time.","$16.5-$16.5 PH","Barksdale AFB, Louisiana","About the position: This position is Non-appropriated Fund (NAF) and will be assigned to the Barksdale AFB, Bossier City, LA 71110. This is a Flexible position. No benefits are offered at this time.","","","","2026-08-10T09:31:30.520043+00:00"
"USAJOBS","Guest Services Representative","U.S. Air Forces, Europe","https://www.usajobs.gov:443/job/878380100","About the position: This position is Non-appropriated Fund (NAF) and is located at the Lodging facility, Morón AB, Spain. Receives and confirms room reservations by letter, telephone, email, or personal contact. Registers and assigns rooms to guests, makes and issues room keys, and may escort guests to rooms as needed. This position does not offer logistical support.","$15-$16 PH","Moron De La Frontera, Spain","About the position: This position is Non-appropriated Fund (NAF) and is located at the Lodging facility, Morón AB, Spain. Receives and confirms room reservations by letter, telephone, email, or personal contact. Registers and assigns rooms to guests, makes and issues room keys, and may escort guests to rooms as needed. This position does not offer logistical support.","","","","2026-08-10T09:31:30.520667+00:00"
"USAJOBS","Recreation Aid (Rod & Gun)","U.S. Air Forces, Europe","https://www.usajobs.gov:443/job/878382300","About the position: This position is Non-appropriated Fund (NAF) and is located at the Rod and Gun Club, Kaiserslautern, Germany. This position does not offer logistical support. The primary purpose of this position is to perform and/or assists other recreation assistants or specialist in the operation and maintenance of the Rod & Gun facilities.","$15-$15 PH","Kaiserslautern, Germany","About the position: This position is Non-appropriated Fund (NAF) and is located at the Rod and Gun Club, Kaiserslautern, Germany. This position does not offer logistical support. The primary purpose of this position is to perform and/or assists other recreation assistants or specialist in the operation and maintenance of the Rod & Gun facilities.","","","","2026-08-10T09:31:30.521673+00:00"
"USAJOBS","Guest Services Representative","Air Force Global Strike Command","https://www.usajobs.gov:443/job/878636000","This announcement is in conjunction with the Minot AFB, NAF Job Fair to be held on Thursday, 6 Aug 2026 from 1PM - 4PM at the Rough Rider Golf Course. About the position: This position will be a Guest Services Representative assigned to Sakakawea Inn at Minot AFB, ND This is a FLEXIBLE position that does not have guaranteed hours; you may work 0-40 hours/week as needed by the facility Employees are eligible to use: fitness center, golf course, bowling center, clubs, swimming pool","$17.32-$17.32 PH","Minot AFB, North Dakota","This announcement is in conjunction with the Minot AFB, NAF Job Fair to be held on Thursday, 6 Aug 2026 from 1PM - 4PM at the Rough Rider Golf Course. About the position: This position will be a Guest Services Representative assigned to Sakakawea Inn at Minot AFB, ND This is a FLEXIBLE position that does not have guaranteed hours; you may work 0-40 hours/week as needed by the facility Employees are eligible to use: fitness center, golf course, bowling center, clubs, swimming pool","","","","2026-08-10T09:31:30.522573+00:00"
"USAJOBS","Guest Services Representative","Air Force Materiel Command","https://www.usajobs.gov:443/job/878720100","About the position: This position is Non-appropriated Fund (NAF) and will be assigned to the Lodging facility at Wright Patt AFB. Receives and confirms room reservations by letter, telephone, email, or personal contact. Registers and assigns rooms to guests, makes and issues room keys, and may escort guests to rooms as needed. The position includes paid holidays, leave accrual, optional participation in Group Health, Dental and Life Insurance, Retirement, 401K and Flexible Benefits plans.","$17-$19 PH","Wright-Patterson AFB, Ohio","About the position: This position is Non-appropriated Fund (NAF) and will be assigned to the Lodging facility at Wright Patt AFB. Receives and confirms room reservations by letter, telephone, email, or personal contact. Registers and assigns rooms to guests, makes and issues room keys, and may escort guests to rooms as needed. The position includes paid holidays, leave accrual, optional participation in Group Health, Dental and Life Insurance, Retirement, 401K and Flexible Benefits plans.","","","","2026-08-10T09:31:30.523712+00:00"
"USAJOBS","GUEST SERVICES REPRESENTATIVE (LODGING)","United States Space Force","https://www.usajobs.gov:443/job/878889300","About the position: This position is Non-appropriated Fund (NAF) and will be assigned to Lodging with the Space Coast Inn. The position requires shift work with coverage on days, evenings, weekends, holidays, or special situations.","$15-$15 PH","Patrick AFB, Florida","About the position: This position is Non-appropriated Fund (NAF) and will be assigned to Lodging with the Space Coast Inn. The position requires shift work with coverage on days, evenings, weekends, holidays, or special situations.","","","","2026-08-10T09:31:30.524757+00:00"
"USAJOBS","GUEST SERVICES REPRESENTATIVES","Air Mobility Command","https://www.usajobs.gov:443/job/878970700","About the position: This position is Non-appropriated Fund (NAF) and will be assigned to the Lodging Facility at JB Charleston AFB. Hours may vary and will be determined by the needs of the facility.","$15-$15 PH","Charleston AFB, South Carolina","About the position: This position is Non-appropriated Fund (NAF) and will be assigned to the Lodging Facility at JB Charleston AFB. Hours may vary and will be determined by the needs of the facility.","","","","2026-08-10T09:31:30.525369+00:00"
"USAJOBS","INVENTORY MANAGEMENT SPECIALIST","U.S. Pacific Fleet","https://www.usajobs.gov:443/job/879204900","You will serve as a INVENTORY MANAGEMENT SPECIALIST in the AD&C LOGISTICS SUPPORT of NMCPAC CWD DET FALLON.","$50658-$80559 PA","Fallon, Nevada","You will serve as a INVENTORY MANAGEMENT SPECIALIST in the AD&C LOGISTICS SUPPORT of NMCPAC CWD DET FALLON.","","","","2026-08-10T09:31:30.525900+00:00"
"USAJOBS","GUEST SERVICES REPRESENTATIVES","Air Combat Command","https://www.usajobs.gov:443/job/879292600","About the position: This position is Non-appropriated Fund (NAF) and will be assigned to the Heritage Inn at Davis-Monthan AFB, AZ This is a flexible position. Flexible positions are guaranteed 0 hours but may work up to 40 hours per week. No benefit.","$15.5-$15.5 PH","Davis Monthan AFB, Arizona","About the position: This position is Non-appropriated Fund (NAF) and will be assigned to the Heritage Inn at Davis-Monthan AFB, AZ This is a flexible position. Flexible positions are guaranteed 0 hours but may work up to 40 hours per week. No benefit.","","","","2026-08-10T09:31:30.526306+00:00"
"USAJOBS","INVENTORY MANAGEMENT SPECIALIST","U.S. Pacific Fleet","https://www.usajobs.gov:443/job/879584800","You will serve as a INVENTORY MANAGEMENT SPECIALIST in the AD&C LOGISTICS SUPPORT of NMC CWD DET SEAL BEACH.","$58827-$93549 PA","Seal Beach, California","You will serve as a INVENTORY MANAGEMENT SPECIALIST in the AD&C LOGISTICS SUPPORT of NMC CWD DET SEAL BEACH.","","","","2026-08-10T09:31:30.526931+00:00"
"USAJOBS","GUEST SERVICES REPRESENTATIVE (MCGUIRE)","Air Mobility Command","https://www.usajobs.gov:443/job/835811200","About the position: This position is Non-appropriated Fund (NAF) and will be assigned to the All American Inn, McGuire AFB, NJ.","$15.92-$15.92 PH","McGuire AFB, New Jersey","About the position: This position is Non-appropriated Fund (NAF) and will be assigned to the All American Inn, McGuire AFB, NJ.","","","","2026-08-10T09:31:30.527917+00:00"
"USAJOBS","GUEST SERVICES REPRESENTATIVES","U.S. Air Force Academy","https://www.usajobs.gov:443/job/876926900","About the position: This position is Non-appropriated Fund (NAF) and will be assigned to the Rampart Lodge, Air Force Academy, Colorado. This position does include benefits.","$16.03-$16.03 PH","Air Force Academy, Colorado","About the position: This position is Non-appropriated Fund (NAF) and will be assigned to the Rampart Lodge, Air Force Academy, Colorado. This position does include benefits.","","","","2026-08-10T09:31:30.528334+00:00"
"USAJOBS","GUEST SERVICES REPRESENTATIVES","U.S. Air Forces, Europe","https://www.usajobs.gov:443/job/878194400","About the position: This position is located at the Shepherd's Rest Inn, RAF Croughton, UK. Successful completion and favorable adjudication of applicable background investigation (Tier 1 Level) is required.","$15.71-$15.71 PH","Croughton, United Kingdom","About the position: This position is located at the Shepherd's Rest Inn, RAF Croughton, UK. Successful completion and favorable adjudication of applicable background investigation (Tier 1 Level) is required.","","","","2026-08-10T09:31:30.528827+00:00"
"USAJOBS","Guest Services Representative","Air Education and Training Command","https://www.usajobs.gov:443/job/878538200","This position will be assigned to the JBSA Randolph Lodging Facility. This is a regular part-time category position with guaranteed 20 hours per week, may work up to 40 hrs/week. Employees appointed to regular category positions are eligible for benefits.","$15.5-$15.5 PH","Randolph AFB, Texas","This position will be assigned to the JBSA Randolph Lodging Facility. This is a regular part-time category position with guaranteed 20 hours per week, may work up to 40 hrs/week. Employees appointed to regular category positions are eligible for benefits.","","","","2026-08-10T09:31:30.529389+00:00"
"USAJOBS","Barista A02","U.S. Marine Corps","https://www.usajobs.gov:443/job/878612400","Marine Corps Community Services (MCCS) is looking for the best and brightest to join our Team! MCCS is a comprehensive program that supports and enhances the quality of life for Marines, their families, and others in the Marine Corps Community. We offer a team oriented environment comprised of military personnel, civilian employees, contractors and volunteers who keep the organization functioning smoothly and effectively.","$17.97-$17.97 PH","Quantico, Virginia","Marine Corps Community Services (MCCS) is looking for the best and brightest to join our Team! MCCS is a comprehensive program that supports and enhances the quality of life for Marines, their families, and others in the Marine Corps Community. We offer a team oriented environment comprised of military personnel, civilian employees, contractors and volunteers who keep the organization functioning smoothly and effectively.","","","","2026-08-10T09:31:30.530088+00:00"
"USAJOBS","Food Service Worker","Commander, Navy Installations Command","https://www.usajobs.gov:443/job/878964800","Support the Military's Quality of Life programs! The Morale, Welfare, and Recreation (MWR) department of Commander, Navy Installations Command (CNIC) provides fitness, recreation, lodging and food and beverage programs for service members, their families, retired military and civilian employees. This position is located at Naval Station Everett Food & Beverage. Seeking to fill 2 flexible and 2 part-time positions *Weekly review of applicants*","$22.76-$26.55 PH","Everett, Washington","Support the Military's Quality of Life programs! The Morale, Welfare, and Recreation (MWR) department of Commander, Navy Installations Command (CNIC) provides fitness, recreation, lodging and food and beverage programs for service members, their families, retired military and civilian employees. This position is located at Naval Station Everett Food & Beverage. Seeking to fill 2 flexible and 2 part-time positions *Weekly review of applicants*","","","","2026-08-10T09:31:30.531098+00:00"
"USAJOBS","Business Financial Analyst","Architect of the Capitol","https://www.usajobs.gov:443/job/878965600","This position is located in the Architect of the Capitol (AOC), Office of the Chief Executive Officer for Visitor Services, Capitol Visitor Center. The Business Financial Analyst serves as principal advisor, and provides expert level financial management, budget formulation/execution, and advisory services to senior leadership.","$121785-$158322 PA","Washington, District of Columbia","This position is located in the Architect of the Capitol (AOC), Office of the Chief Executive Officer for Visitor Services, Capitol Visitor Center. The Business Financial Analyst serves as principal advisor, and provides expert level financial management, budget formulation/execution, and advisory services to senior leadership.","","","","2026-08-10T09:31:30.532360+00:00"
"USAJOBS","Assistant Manager","Pacific Air Forces","https://www.usajobs.gov:443/job/879092000","About the position: This position is Non-appropriated Fund (NAF) and is located at the Chili's Grill and Bar on Kadena Air Base in Okinawa, Japan.","$18.33-$25 PH","Kadena Air Base Okinawa, Japan","About the position: This position is Non-appropriated Fund (NAF) and is located at the Chili's Grill and Bar on Kadena Air Base in Okinawa, Japan.","","","","2026-08-10T09:31:30.533130+00:00"
"USAJOBS","Concessions Management Specialist - FUL","National Park Service","https://www.usajobs.gov:443/job/879162800","This position is located inJoshua Tree National Park, in the Division of Visitor and Resource Protection.","$71957-$113185 PA","Twentynine Palms, California","This position is located inJoshua Tree National Park, in the Division of Visitor and Resource Protection.","","","","2026-08-10T09:31:30.533565+00:00"
"USAJOBS","IT SPECIALIST (NETWORK) (TITLE 32)","Air National Guard Units","https://www.usajobs.gov:443/job/879538700","THIS IS A NATIONAL GUARD TITLE 32 EXCEPTED SERVICE POSITION. This National Guard position is for a IT SPECIALIST (NETWORK) (TITLE 32), Position Description Number D2181P01 and is part of the FL 125th FW, National Guard.","$68545-$97867 PA","Jacksonville, Florida","THIS IS A NATIONAL GUARD TITLE 32 EXCEPTED SERVICE POSITION. This National Guard position is for a IT SPECIALIST (NETWORK) (TITLE 32), Position Description Number D2181P01 and is part of the FL 125th FW, National Guard.","","","","2026-08-10T09:31:30.533963+00:00"
"USAJOBS","Legal Administrative Specialist (Financial Litigation)","Executive Office for U.S. Attorneys and the Office of the U.S. Attorneys","https://www.usajobs.gov:443/job/879745800","For more information on the Department of Justice and the United States Attorneys' Offices, visit http://www.justice.gov/usao/. As needed, additional positions may be filled using this announcement.","$68999-$108533 PA","Chicago, Illinois","For more information on the Department of Justice and the United States Attorneys' Offices, visit http://www.justice.gov/usao/. As needed, additional positions may be filled using this announcement.","","","","2026-08-10T09:31:30.534602+00:00"
"USAJOBS","ASSISTANT BUYER NF3","U.S. Marine Corps","https://www.usajobs.gov:443/job/879501000","Marine Corps Community Services (MCCS) is looking for the best and brightest to join our Team! MCCS is a comprehensive program that supports and enhances the quality of life for Marines, their families, and others in the Marine Corps Community. We offer a team oriented environment comprised of military personnel, civilian employees, contractors and volunteers who keep the organization functioning smoothly and effectively.","$50000-$60000 PA","Quantico, Virginia","Marine Corps Community Services (MCCS) is looking for the best and brightest to join our Team! MCCS is a comprehensive program that supports and enhances the quality of life for Marines, their families, and others in the Marine Corps Community. We offer a team oriented environment comprised of military personnel, civilian employees, contractors and volunteers who keep the organization functioning smoothly and effectively.","","","","2026-08-10T09:31:30.535284+00:00"
"USAJOBS","Assistant Bowling Center Manager","U.S. Air Forces, Europe","https://www.usajobs.gov:443/job/875645400","About the position: This is a Regular Part Time category position located at the Spartan Lanes Bowling Center, 423d Force Support Squadron, RAF Alconbury, United Kingdom. This position offers 32 guaranteed hours per week, but the incumbent may be required to work 32-40 hours per week, as needed. This position also offers benefits, such as 401K, Health & Life Insurance Coverage and Retirement Coverage.","$18-$22 PH","Alconbury, United Kingdom","About the position: This is a Regular Part Time category position located at the Spartan Lanes Bowling Center, 423d Force Support Squadron, RAF Alconbury, United Kingdom. This position offers 32 guaranteed hours per week, but the incumbent may be required to work 32-40 hours per week, as needed. This position also offers benefits, such as 401K, Health & Life Insurance Coverage and Retirement Coverage.","","","","2026-08-10T09:31:30.536326+00:00"
"USAJOBS","Supervisory Printing Services Specialist","Internal Revenue Service","https://www.usajobs.gov:443/job/879425800","WHAT IS TAXPAYER SERVICES? A description of the business units can be found at: https://www.jobs.irs.gov/about/who/business-divisions Position(s) are to be filled in following area(s): TS - CARE-Customer Assistance, Relationship and Education - Customer Assistance Relationship, Media & Publications REVIEW THE ADDITIONAL INFORMATION BELOW FOR FURTHER DETAILS","$125776-$187093 PA","Multiple Locations","WHAT IS TAXPAYER SERVICES? A description of the business units can be found at: https://www.jobs.irs.gov/about/who/business-divisions Position(s) are to be filled in following area(s): TS - CARE-Customer Assistance, Relationship and Education - Customer Assistance Relationship, Media & Publications REVIEW THE ADDITIONAL INFORMATION BELOW FOR FURTHER DETAILS","","","","2026-08-10T09:31:30.537295+00:00"
"USAJOBS","Recreation Assistant (Yoga Ins","Veterans Health Administration","https://www.usajobs.gov:443/job/879556700","The position is located at a Department of Veterans Affairs VHA Medical Center Las Vegas, Nevada, and serves as a Recreation Assistant working to implement the objectives of the Integrative Health Coordinating Center and the VHA Office of Patient-Centered Care and Cultural Transformation. The position is responsible for providing yoga instruction for the purpose of promoting, restoring, and preserving health and well-being of Veterans, and supporting additional recreational activities.","$46382-$60297 PA","Las Vegas, Nevada","The position is located at a Department of Veterans Affairs VHA Medical Center Las Vegas, Nevada, and serves as a Recreation Assistant working to implement the objectives of the Integrative Health Coordinating Center and the VHA Office of Patient-Centered Care and Cultural Transformation. The position is responsible for providing yoga instruction for the purpose of promoting, restoring, and preserving health and well-being of Veterans, and supporting additional recreational activities.","","","","2026-08-10T09:31:30.538222+00:00"
"USAJOBS","Food Service Worker Barista (Club)","Pacific Air Forces","https://www.usajobs.gov:443/job/859547400","About the position: This position is Non-appropriated Fund (NAF) and is located at the Club of the 35th Force Support Squadron. This is a Flexible employment category position; guaranteed 0 hours per week, but may work up to 40 hours a week depending on the needs of the facility. Military Spouse Preference IS NOT lost if selected for this position.","$17.6-$17.6 PH","Misawa AFB, Japan","About the position: This position is Non-appropriated Fund (NAF) and is located at the Club of the 35th Force Support Squadron. This is a Flexible employment category position; guaranteed 0 hours per week, but may work up to 40 hours a week depending on the needs of the facility. Military Spouse Preference IS NOT lost if selected for this position.","","","","2026-08-10T09:31:30.539338+00:00"
"USAJOBS","Recreation Assistant (Automotive)","Commander, Navy Installations Command","https://www.usajobs.gov:443/job/873812500","This position is located within Commander, Mid-Atlantic Region, Fleet and Family Readiness Program. The purpose of this position is to provide technical knowledge, advice and guidance upon request to active duty, retired military members and their eligible dependents.","$18-$20 PH","Colts Neck, New Jersey","This position is located within Commander, Mid-Atlantic Region, Fleet and Family Readiness Program. The purpose of this position is to provide technical knowledge, advice and guidance upon request to active duty, retired military members and their eligible dependents.","","","","2026-08-10T09:31:30.540180+00:00"
"USAJOBS","CASHIER NF1* (FLEX) CAMP SMITH ALOHA KITCHEN","U.S. Marine Corps","https://www.usajobs.gov:443/job/876716800","Marine Corps Community Services (MCCS) is looking for the best and brightest to join our Team! MCCS is a comprehensive program that supports and enhances the quality of life for Marines, their families, and others in the Marine Corps Community. We offer a team oriented environment comprised of military personnel, civilian employees, contractors and volunteers who keep the organization functioning smoothly and effectively.","$17-$17 PH","Kaneohe, Hawaii","Marine Corps Community Services (MCCS) is looking for the best and brightest to join our Team! MCCS is a comprehensive program that supports and enhances the quality of life for Marines, their families, and others in the Marine Corps Community. We offer a team oriented environment comprised of military personnel, civilian employees, contractors and volunteers who keep the organization functioning smoothly and effectively.","","","","2026-08-10T09:31:30.540909+00:00"
"USAJOBS","CASHIER NF1* (FLEX) ALOHA GRAB & GO","U.S. Marine Corps","https://www.usajobs.gov:443/job/877670000","Marine Corps Community Services (MCCS) is looking for the best and brightest to join our Team! MCCS is a comprehensive program that supports and enhances the quality of life for Marines, their families, and others in the Marine Corps Community. We offer a team oriented environment comprised of military personnel, civilian employees, contractors and volunteers who keep the organization functioning smoothly and effectively.","$17-$17 PH","Kaneohe, Hawaii","Marine Corps Community Services (MCCS) is looking for the best and brightest to join our Team! MCCS is a comprehensive program that supports and enhances the quality of life for Marines, their families, and others in the Marine Corps Community. We offer a team oriented environment comprised of military personnel, civilian employees, contractors and volunteers who keep the organization functioning smoothly and effectively.","","","","2026-08-10T09:31:30.542064+00:00"
"USAJOBS","GUEST SERVICES REPRESENTATIVE","Air Force Special Operations Command","https://www.usajobs.gov:443/job/877859900","About the position: This position is Non-appropriated Fund (NAF) and will be assigned to the Commando Inn Lodging and is a Regular position with guaranteed hours. You are also eligible for NAF benefits such as: Health/Dental/Vision Insurance Life Insurance 401k with Employer Matching Contribution AFNAF Retirement Plan Paid Time Off and Paid Sick Leave Paid Federal Holidays Tuition Assistance","$15.5-$15.5 PH","Hurlburt Field, Florida","About the position: This position is Non-appropriated Fund (NAF) and will be assigned to the Commando Inn Lodging and is a Regular position with guaranteed hours. You are also eligible for NAF benefits such as: Health/Dental/Vision Insurance Life Insurance 401k with Employer Matching Contribution AFNAF Retirement Plan Paid Time Off and Paid Sick Leave Paid Federal Holidays Tuition Assistance","","","","2026-08-10T09:31:30.543194+00:00"
"USAJOBS","Wildland Firefighter (Fuels Management)","Forest Service","https://www.usajobs.gov:443/job/878570200","This position is located within a National Forest. The position is located on a fire crew as a crewmember within the fire management organization. The position serves as a skilled member of a fuels management crew.","$25.37-$25.37 PH","Location Negotiable After Selection","This position is located within a National Forest. The position is located on a fire crew as a crewmember within the fire management organization. The position serves as a skilled member of a fuels management crew.","","","","2026-08-10T09:31:30.544143+00:00"
"USAJOBS","Wildland Firefighter (Fuels Management)","Forest Service","https://www.usajobs.gov:443/job/878572200","This position is located within a National Forest. The position is located on a fire crew as a crewmember within the fire management organization. The position serves as a skilled member of a fuels management crew.","$25.37-$25.37 PH","Location Negotiable After Selection","This position is located within a National Forest. The position is located on a fire crew as a crewmember within the fire management organization. The position serves as a skilled member of a fuels management crew.","","","","2026-08-10T09:31:30.544759+00:00"
"USAJOBS","Wildland Firefighter (Fuels Management)","Forest Service","https://www.usajobs.gov:443/job/878576700","This position is located within a National Forest. The position is located on a fire crew as a crewmember within the fire management organization. The position serves as a skilled member of a fuels management crew.","$25.37-$25.37 PH","Location Negotiable After Selection","This position is located within a National Forest. The position is located on a fire crew as a crewmember within the fire management organization. The position serves as a skilled member of a fuels management crew.","","","","2026-08-10T09:31:30.545366+00:00"
"USAJOBS","Cashier (Customer Service)","Pacific Air Forces","https://www.usajobs.gov:443/job/878759000","About the position: This position is Non-appropriated Fund (NAF) and is located at the Rocker Complex Club on Kadena Air Base in Okinawa, Japan.","$16.55-$18 PH","Kadena Air Base Okinawa, Japan","About the position: This position is Non-appropriated Fund (NAF) and is located at the Rocker Complex Club on Kadena Air Base in Okinawa, Japan.","","","","2026-08-10T09:31:30.545928+00:00"
"USAJOBS","RECREATION ASSISTANT (OUTDOOR RECREATION)","Air Force Global Strike Command","https://www.usajobs.gov:443/job/878959700","About the position: This position is Non-appropriated Fund (NAF) and will be assigned to the Barksdale Air Force Base, Bossier City, LA 71110. This is a Flexible position. No benefits are offered at this time.","$17-$17 PH","Barksdale AFB, Louisiana","About the position: This position is Non-appropriated Fund (NAF) and will be assigned to the Barksdale Air Force Base, Bossier City, LA 71110. This is a Flexible position. No benefits are offered at this time.","","","","2026-08-10T09:31:30.546424+00:00"
"USAJOBS","ACCOUNTING TECHNICIAN NF2","U.S. Marine Corps","https://www.usajobs.gov:443/job/879077600","Marine Corps Community Services (MCCS) is looking for the best and brightest to join our Team! MCCS is a comprehensive program that supports and enhances the quality of life for Marines, their families, and others in the Marine Corps Community. We offer a team oriented environment comprised of military personnel, civilian employees, contractors and volunteers who keep the organization functioning smoothly and effectively.","$20.28-$20.28 PH","Twentynine Palms, California","Marine Corps Community Services (MCCS) is looking for the best and brightest to join our Team! MCCS is a comprehensive program that supports and enhances the quality of life for Marines, their families, and others in the Marine Corps Community. We offer a team oriented environment comprised of military personnel, civilian employees, contractors and volunteers who keep the organization functioning smoothly and effectively.","","","","2026-08-10T09:31:30.547093+00:00"
"USAJOBS","Field Unit Local Hiring Authority (FUL) - Lead Park Guide","National Park Service","https://www.usajobs.gov:443/job/879520500","You will serve as a Field Unit Local Hiring Authority (FUL) - Lead Park Guide within the Interpretation division. Career-Seasonal appointments are permanent positions and include the same benefits as permanent appointments, but do not provide work on a year-round basis. You will work for approximately 51 weeks, and you will be in a non-pay status for 1 pay period (2 weeks) in July for the remainder of the year. First time hires to the Federal government normally start at the step 1 rate.","$46270-$60151 PA","Tucson, Arizona","You will serve as a Field Unit Local Hiring Authority (FUL) - Lead Park Guide within the Interpretation division. Career-Seasonal appointments are permanent positions and include the same benefits as permanent appointments, but do not provide work on a year-round basis. You will work for approximately 51 weeks, and you will be in a non-pay status for 1 pay period (2 weeks) in July for the remainder of the year. First time hires to the Federal government normally start at the step 1 rate.","","","","2026-08-10T09:31:30.548202+00:00"
"USAJOBS","AUTOMOTIVE WORKER, NA-06/07/08/ RFT, CAMP KINSER","U.S. Marine Corps","https://www.usajobs.gov:443/job/878192400","Marine Corps Community Services (MCCS) is looking for the best and brightest to join our Team! MCCS is a comprehensive program that supports and enhances the quality of life for Marines, their families, and others in the Marine Corps Community. We offer a team oriented environment comprised of military personnel, civilian employees, contractors and volunteers who keep the organization functioning smoothly and effectively.","$21.16-$22.86 PH","Camp Foster, Japan","Marine Corps Community Services (MCCS) is looking for the best and brightest to join our Team! MCCS is a comprehensive program that supports and enhances the quality of life for Marines, their families, and others in the Marine Corps Community. We offer a team oriented environment comprised of military personnel, civilian employees, contractors and volunteers who keep the organization functioning smoothly and effectively.","","","","2026-08-10T09:31:30.549389+00:00"
"USAJOBS","ACCOUNTING TECHNICIAN SUPERVISOR - RA NF3","U.S. Marine Corps","https://www.usajobs.gov:443/job/879264100","Marine Corps Community Services (MCCS) is looking for the best and brightest to join our Team! MCCS is a comprehensive program that supports and enhances the quality of life for Marines, their families, and others in the Marine Corps Community. We offer a team oriented environment comprised of military personnel, civilian employees, contractors and volunteers who keep the organization functioning smoothly and effectively.","$60000-$70000 PA","Quantico, Virginia","Marine Corps Community Services (MCCS) is looking for the best and brightest to join our Team! MCCS is a comprehensive program that supports and enhances the quality of life for Marines, their families, and others in the Marine Corps Community. We offer a team oriented environment comprised of military personnel, civilian employees, contractors and volunteers who keep the organization functioning smoothly and effectively.","","","","2026-08-10T09:31:30.550499+00:00"
"USAJOBS","Recreation Maintenance Leader","Commander, Navy Installations Command","https://www.usajobs.gov:443/job/879449300","This position is assigned to the Community Recreation Division; Morale, Welfare and Recreation (MWR) Department; Commander, Navy Installations Command (CNIC). The purpose of this position is to perform duties in a variety of work situations and different occupations in MWR, such as grounds maintenance, warehouses, facilities, and rental operations. Involves working as a leader, performing heavy labor, using hand and power tools, operation motor vehicles, towing, and utilizing large equipment.","$25.75-$25.75 PH","Yorktown, Virginia","This position is assigned to the Community Recreation Division; Morale, Welfare and Recreation (MWR) Department; Commander, Navy Installations Command (CNIC). The purpose of this position is to perform duties in a variety of work situations and different occupations in MWR, such as grounds maintenance, warehouses, facilities, and rental operations. Involves working as a leader, performing heavy labor, using hand and power tools, operation motor vehicles, towing, and utilizing large equipment.","","","","2026-08-10T09:31:30.551722+00:00"
"USAJOBS","IT SPECIALIST (SYSTEMS ADMINISTRATION)","Army National Guard Units","https://www.usajobs.gov:443/job/858068400","This National Guard position is for a IT SPECIALIST (SYSTEMS ADMINISTRATION), Position Description Number D2489P01, and is part of G6 Nebraska Army National Guard.","$68545-$97867 PA","Lincoln, Nebraska","This National Guard position is for a IT SPECIALIST (SYSTEMS ADMINISTRATION), Position Description Number D2489P01, and is part of G6 Nebraska Army National Guard.","","","","2026-08-10T09:31:30.552868+00:00"
"USAJOBS","Recreation Fee Technician","National Park Service","https://www.usajobs.gov:443/job/879352500","First time hires to the federal government typically start at the beginning salary in the range for their respective grade level. Salary Range:GS-05: $40,736 (Step 1) to $52,957 (Step 10) per year - Salary Table 2026-RUS","$40736-$52957 PA","Saint Augustine, Florida","First time hires to the federal government typically start at the beginning salary in the range for their respective grade level. Salary Range:GS-05: $40,736 (Step 1) to $52,957 (Step 10) per year - Salary Table 2026-RUS","","","","2026-08-10T09:31:30.553413+00:00"
"USAJOBS","EQUIPMENT SPECIALIST (AUTOMOTIVE)","Air Force Materiel Command","https://www.usajobs.gov:443/job/879702200","Click on ""Learn more about this agency"" button below to view Eligibilities being considered and other IMPORTANT information. The primary purpose of this position is to provide support to all Major Command and base Vehicle Management Staffs on all aspects of Air Force vehicle management functions to include force module creation, vehicle prioritization replacement and procurement plan, vehicle management operations and maintenance budget forecasting, Logistics, Installation and Mission Support.","$90838-$118092 PA","Langley AFB, Virginia","Click on ""Learn more about this agency"" button below to view Eligibilities being considered and other IMPORTANT information. The primary purpose of this position is to provide support to all Major Command and base Vehicle Management Staffs on all aspects of Air Force vehicle management functions to include force module creation, vehicle prioritization replacement and procurement plan, vehicle management operations and maintenance budget forecasting, Logistics, Installation and Mission Support.","","","","2026-08-10T09:31:30.554130+00:00"
"USAJOBS","KITCHEN MANAGER NF3","U.S. Marine Corps","https://www.usajobs.gov:443/job/865104700","Marine Corps Community Services (MCCS) is looking for the best and brightest to join our Team! MCCS is a comprehensive program that supports and enhances the quality of life for Marines, their families, and others in the Marine Corps Community. We offer a team oriented environment comprised of military personnel, civilian employees, contractors and volunteers who keep the organization functioning smoothly and effectively.","$33.65-$33.65 PH","Twentynine Palms, California","Marine Corps Community Services (MCCS) is looking for the best and brightest to join our Team! MCCS is a comprehensive program that supports and enhances the quality of life for Marines, their families, and others in the Marine Corps Community. We offer a team oriented environment comprised of military personnel, civilian employees, contractors and volunteers who keep the organization functioning smoothly and effectively.","","","","2026-08-10T09:31:30.555310+00:00"
"USAJOBS","Recreation Assistant Auto Skills","Commander, Navy Installations Command","https://www.usajobs.gov:443/job/877259800","This position is located in the Morale, Welfare and Recreation Department, Naval Support Activity Panama City. The primary purpose of this position is to provide control and assistance in the operation and maintenance of the MWR Auto Skills Program.","$16.8-$16.8 PH","Panama City, Florida","This position is located in the Morale, Welfare and Recreation Department, Naval Support Activity Panama City. The primary purpose of this position is to provide control and assistance in the operation and maintenance of the MWR Auto Skills Program.","","","","2026-08-10T09:31:30.556309+00:00"
"USAJOBS","Teller","Defense Commissary Agency","https://www.usajobs.gov:443/job/878639400","Serves as a Teller in a commissary store at a Defense Commissary Agency (DeCA) facility. The primary purpose of this position is to control and account for all funds received and deposited daily as part of commissary store operations. Specific assignments vary by individual store and store management requirements. Read the entire announcement before starting the application process.","$37644-$48940 PA","Moon, Pennsylvania","Serves as a Teller in a commissary store at a Defense Commissary Agency (DeCA) facility. The primary purpose of this position is to control and account for all funds received and deposited daily as part of commissary store operations. Specific assignments vary by individual store and store management requirements. Read the entire announcement before starting the application process.","","","","2026-08-10T09:31:30.557014+00:00"
"USAJOBS","FLEX Recreation Aid","Commander, Navy Installations Command","https://www.usajobs.gov:443/job/879308300","This position is assigned to the Morale, Welfare, and Recreation (MWR) Department; Fleet Readiness (N92); Commander, Navy Region Naval District Washington; NAS Patuxent River, MD. Incumbent serves as a Recreation Aide, providing customer service and support for the Bowling Center Front Desk and Snack Bar.","$15-$15 PH","Naval Air Station Patuxent River, Maryland","This position is assigned to the Morale, Welfare, and Recreation (MWR) Department; Fleet Readiness (N92); Commander, Navy Region Naval District Washington; NAS Patuxent River, MD. Incumbent serves as a Recreation Aide, providing customer service and support for the Bowling Center Front Desk and Snack Bar.","","","","2026-08-10T09:31:30.557945+00:00"
"USAJOBS","CASHIER (OA)","Air Education and Training Command","https://www.usajobs.gov:443/job/867051100","About the position: This position is Non-appropriated Fund (NAF) and will be assigned to the 97th FSS Club Altus. This position is a Flexible position (flexible positions DO NOT have any benefits) Intermittent (flexible) employees have no guaranteed hours but may be worked 0 to 40 hours a week.","$15-$15 PH","Altus AFB, Oklahoma","About the position: This position is Non-appropriated Fund (NAF) and will be assigned to the 97th FSS Club Altus. This position is a Flexible position (flexible positions DO NOT have any benefits) Intermittent (flexible) employees have no guaranteed hours but may be worked 0 to 40 hours a week.","","","","2026-08-10T09:31:30.558783+00:00"
"USAJOBS","Motor Vehicle Operator (Food Service Worker)","Air Force Global Strike Command","https://www.usajobs.gov:443/job/871130500","This announcement is in conjunction with the Minot AFB NAF Job Fair on Thursday 6 Aug 2026 from 1PM - 4PM at the Rough Rider Golf Course. About: This position will be a MOTOR VEHICLE OPERATOR (FOOD SERVICE WORKER) assigned to ROCKERS BAR & GRILL at Minot AFB, ND. This is a FLEXIBLE (FLEX) position and does not have guaranteed hours; you may work 0-40 hours/week as needed by the facility. Employees are eligible to use: fitness center, golf course, bowling center, clubs, swimming pool.","$20.61-$20.61 PH","Minot AFB, North Dakota","This announcement is in conjunction with the Minot AFB NAF Job Fair on Thursday 6 Aug 2026 from 1PM - 4PM at the Rough Rider Golf Course. About: This position will be a MOTOR VEHICLE OPERATOR (FOOD SERVICE WORKER) assigned to ROCKERS BAR & GRILL at Minot AFB, ND. This is a FLEXIBLE (FLEX) position and does not have guaranteed hours; you may work 0-40 hours/week as needed by the facility. Employees are eligible to use: fitness center, golf course, bowling center, clubs, swimming pool.","","","","2026-08-10T09:31:30.559669+00:00"
"USAJOBS","RECREATION ASSISTANT NF2* (FLEX) INFORMATION, TICKETS & TOURS (ITT) OFFICE","U.S. Marine Corps","https://www.usajobs.gov:443/job/877672000","Marine Corps Community Services (MCCS) is looking for the best and brightest to join our Team! MCCS is a comprehensive program that supports and enhances the quality of life for Marines, their families, and others in the Marine Corps Community. We offer a team oriented environment comprised of military personnel, civilian employees, contractors and volunteers who keep the organization functioning smoothly and effectively.","$19.19-$19.19 PH","Kaneohe, Hawaii","Marine Corps Community Services (MCCS) is looking for the best and brightest to join our Team! MCCS is a comprehensive program that supports and enhances the quality of life for Marines, their families, and others in the Marine Corps Community. We offer a team oriented environment comprised of military personnel, civilian employees, contractors and volunteers who keep the organization functioning smoothly and effectively.","","","","2026-08-10T09:31:30.561114+00:00"
"USAJOBS","Operations Assistant","Air Education and Training Command","https://www.usajobs.gov:443/job/878083800","About the position: This position will be assigned to the Keesler AFB, MS. This is a Regular Part Time (RPT) position with benefits (medical, dental, life insurance, retirement, 401(k), and annual/sick leave.","$18.07-$18.07 PH","Keesler AFB, Mississippi","About the position: This position will be assigned to the Keesler AFB, MS. This is a Regular Part Time (RPT) position with benefits (medical, dental, life insurance, retirement, 401(k), and annual/sick leave.","","","","2026-08-10T09:31:30.562176+00:00"
"USAJOBS","Snack Bar Manager (Polar Bowl)","Pacific Air Forces","https://www.usajobs.gov:443/job/878912600","About the position: This position is Non-appropriated Fund (NAF) and will be assigned to the Polar Bowl on JBER. Regular Full-Time employees have a regular and continuous work schedule of at least 35 hours to a maximum of 40 hours per week. You are eligible for the following benefits: Health and Life Insurance, Awards, Leave, Retirement, 401K, Overtime Pay, Workers' Compensation, Shift Differential, Sunday Premium Pay, Holiday Pay.","$25-$28 PH","Elmendorf AFB, Alaska","About the position: This position is Non-appropriated Fund (NAF) and will be assigned to the Polar Bowl on JBER. Regular Full-Time employees have a regular and continuous work schedule of at least 35 hours to a maximum of 40 hours per week. You are eligible for the following benefits: Health and Life Insurance, Awards, Leave, Retirement, 401K, Overtime Pay, Workers' Compensation, Shift Differential, Sunday Premium Pay, Holiday Pay.","","","","2026-08-10T09:31:30.562842+00:00"
"USAJOBS","Biological Science Technician (Wildlife)","Air Force Materiel Command","https://www.usajobs.gov:443/job/879139400","About the position: This position is Non-appropriated Fund (NAF) and will be assigned to the Eglin Natural Resources Office (Jackson Guard). Position is Regular Full-time (RFT) guaranteed 35 hours per week. RFT employees receive benefits (Health/Life Insurance; 401K & AFNAF Retirement Plan; Annual/Sick Leave and Holidays).","$20.99-$22.99 PH","Eglin AFB, Florida","About the position: This position is Non-appropriated Fund (NAF) and will be assigned to the Eglin Natural Resources Office (Jackson Guard). Position is Regular Full-time (RFT) guaranteed 35 hours per week. RFT employees receive benefits (Health/Life Insurance; 401K & AFNAF Retirement Plan; Annual/Sick Leave and Holidays).","","","","2026-08-10T09:31:30.563883+00:00"
"USAJOBS","F-35 Commander's Action Division Director -DIRECT HIRE AUTHORITY","Air Force Materiel Command","https://www.usajobs.gov:443/job/867019000","Click on ""Learn more about this agency"" button below to view Eligibilities being considered and other IMPORTANT information. The primary purpose of this position is to serve as a F-35 Commander's Action Division Director for the organization. The incumbent serves as the principal advisor to Senior leadership on all matters relating to strategic communications in support of the PEO/Director associated with the organization.","$143913-$197200 PA","Arlington, Virginia","Click on ""Learn more about this agency"" button below to view Eligibilities being considered and other IMPORTANT information. The primary purpose of this position is to serve as a F-35 Commander's Action Division Director for the organization. The incumbent serves as the principal advisor to Senior leadership on all matters relating to strategic communications in support of the PEO/Director associated with the organization.","","","","2026-08-10T09:31:30.564781+00:00"
"USAJOBS","IT SPECIALIST (NETWORK) (TITLE 32)","Air National Guard Units","https://www.usajobs.gov:443/job/877413200","This National Guard position is for a IT SPECIALIST (NETWORK) (TITLE 32), Position Description Number D1937P01 and is part of the FL HQ 101 AOG, National Guard.","$68545-$97867 PA","Tyndall AFB, Florida","This National Guard position is for a IT SPECIALIST (NETWORK) (TITLE 32), Position Description Number D1937P01 and is part of the FL HQ 101 AOG, National Guard.","","","","2026-08-10T09:31:30.565774+00:00"
"USAJOBS","IT SPECIALIST (CUSTSPT)(Title 32)","Air National Guard Units","https://www.usajobs.gov:443/job/879332900","THIS IS A TITLE 32 DUAL STATUS POSITION DUTY LOCATION: 103d Communications Flight (CF), East Granby, CT AREA(S) OF CONSIDERATION: Area 1: All currently employed full-time permanent and indefinite personnel, assigned to the Communication Flight of the CTANG. Area 2: All currently employed full-time temporary technician personnel and all current traditional members, assigned to the Communication Flight the CTANG.","$70127-$109545 PA","East Granby, Connecticut","THIS IS A TITLE 32 DUAL STATUS POSITION DUTY LOCATION: 103d Communications Flight (CF), East Granby, CT AREA(S) OF CONSIDERATION: Area 1: All currently employed full-time permanent and indefinite personnel, assigned to the Communication Flight of the CTANG. Area 2: All currently employed full-time temporary technician personnel and all current traditional members, assigned to the Communication Flight the CTANG.","","","","2026-08-10T09:31:30.566380+00:00"
"USAJOBS","Recreation Aid (Liberty/Augusta Bay) - Flexible","Commander, Navy Installations Command","https://www.usajobs.gov:443/job/847127700","This position is located in the Recreation Centers, Liberty/Deployed Forces Support Branch, Community Activities Division, Morale, Welfare and Recreation (MWR) Department, U.S. Naval Air Station, Sigonella, Italy. The Recreation Centers are intended to provide a comprehensive social recreation environment and snack bar operation. The primary purpose of the position is to assist in the general operations of the recreation center, event planning, administration and promotion of the facility.","$15-$15 PH","Sigonella Sicily, Italy","This position is located in the Recreation Centers, Liberty/Deployed Forces Support Branch, Community Activities Division, Morale, Welfare and Recreation (MWR) Department, U.S. Naval Air Station, Sigonella, Italy. The Recreation Centers are intended to provide a comprehensive social recreation environment and snack bar operation. The primary purpose of the position is to assist in the general operations of the recreation center, event planning, administration and promotion of the facility.","","","","2026-08-10T09:31:30.567509+00:00"
"USAJOBS","RECREATION AID (LIFEGUARD)","Air Mobility Command","https://www.usajobs.gov:443/job/852821600","About the position: This position is Non-appropriated Fund (NAF) and will be assigned to the Joint Base Charleston or Naval Weapons Station Base Pool. Will be determined by the facility. May work have to work at both the Charleston Air Force Base and Weapon Station which is be determined by the facility. Physical Effort: Must be physically fit and be capable of lifting and moving up to 40 pounds.","$16.5-$16.5 PH","Multiple Locations","About the position: This position is Non-appropriated Fund (NAF) and will be assigned to the Joint Base Charleston or Naval Weapons Station Base Pool. Will be determined by the facility. May work have to work at both the Charleston Air Force Base and Weapon Station which is be determined by the facility. Physical Effort: Must be physically fit and be capable of lifting and moving up to 40 pounds.","","","","2026-08-10T09:31:30.568747+00:00"
"USAJOBS","BRIDGEPORT, CA - FOOD SERVICE WORKER A05","U.S. Marine Corps","https://www.usajobs.gov:443/job/874970300","Marine Corps Community Services (MCCS) is looking for the best and brightest to join our Team! MCCS is a comprehensive program that supports and enhances the quality of life for Marines, their families, and others in the Marine Corps Community. We offer a team oriented environment comprised of military personnel, civilian employees, contractors and volunteers who keep the organization functioning smoothly and effectively.","$21-$21 PH","Bridgeport, California","Marine Corps Community Services (MCCS) is looking for the best and brightest to join our Team! MCCS is a comprehensive program that supports and enhances the quality of life for Marines, their families, and others in the Marine Corps Community. We offer a team oriented environment comprised of military personnel, civilian employees, contractors and volunteers who keep the organization functioning smoothly and effectively.","","","","2026-08-10T09:31:30.569822+00:00"
"USAJOBS","Purchasing Agent","Veterans Health Administration","https://www.usajobs.gov:443/job/878828100","This position serves as a Purchasing Agent for the Logistics Service within the VA Health Care System Supply Chain Management performing work to acquire supplies, services, and construction by purchase, rental, or lease through (a) delivery orders and/or (b) small purchase procedures.","$51871-$67432 PA","San Diego, California","This position serves as a Purchasing Agent for the Logistics Service within the VA Health Care System Supply Chain Management performing work to acquire supplies, services, and construction by purchase, rental, or lease through (a) delivery orders and/or (b) small purchase procedures.","","","","2026-08-10T09:31:30.570997+00:00"
"USAJOBS","Guest Services Manager","Air Education and Training Command","https://www.usajobs.gov:443/job/879389200","This position is Non-appropriated Fund (NAF) and will be assigned to JBSA Lackland Lodging. This is a regular part-time category position with guaranteed 20 hours per week, may work up to 40 hrs./week. Employees appointed to a regular category position are eligible for benefits.","$19-$19 PH","Lackland AFB, Texas","This position is Non-appropriated Fund (NAF) and will be assigned to JBSA Lackland Lodging. This is a regular part-time category position with guaranteed 20 hours per week, may work up to 40 hrs./week. Employees appointed to a regular category position are eligible for benefits.","","","","2026-08-10T09:31:30.571747+00:00"
"USAJOBS","IT SPECIALIST (CUSTSPT)","Air National Guard Units","https://www.usajobs.gov:443/job/870809800","THIS IS A NATIONAL GUARD TITLE 32 EXCEPTED SERVICE POSITION. This National Guard position is for a IT SPECIALIST (CUSTSPT), Position Description Number D2182P01 and is part of the NE 155 CF, National Guard.","$57331-$97867 PA","Lincoln, Nebraska","THIS IS A NATIONAL GUARD TITLE 32 EXCEPTED SERVICE POSITION. This National Guard position is for a IT SPECIALIST (CUSTSPT), Position Description Number D2182P01 and is part of the NE 155 CF, National Guard.","","","","2026-08-10T09:31:30.572482+00:00"
"USAJOBS","ASSISTANT MANAGER BEACH","U.S. Marine Corps","https://www.usajobs.gov:443/job/878463300","Marine Corps Community Services (MCCS) is looking for the best and brightest to join our Team! MCCS is a comprehensive program that supports and enhances the quality of life for Marines, their families, and others in the Marine Corps Community. We offer a team oriented environment comprised of military personnel, civilian employees, contractors and volunteers who keep the organization functioning smoothly and effectively.","$61360-$64480 PA","Oceanside, California","Marine Corps Community Services (MCCS) is looking for the best and brightest to join our Team! MCCS is a comprehensive program that supports and enhances the quality of life for Marines, their families, and others in the Marine Corps Community. We offer a team oriented environment comprised of military personnel, civilian employees, contractors and volunteers who keep the organization functioning smoothly and effectively.","","","","2026-08-10T09:31:30.573114+00:00"
"USAJOBS","Senior Guest Services Representative","U.S. Air Forces, Europe","https://www.usajobs.gov:443/job/878950200","About the position: This position is Non-appropriated Fund (NAF) and is located at the Ramstein Lodging facility, Ramstein AB, Germany. This position may offer logistical support. Performs as a Senior Guest Services Representative in support of the front desk/office operations for Lodging.","$16-$21.8 PH","Ramstein, Germany","About the position: This position is Non-appropriated Fund (NAF) and is located at the Ramstein Lodging facility, Ramstein AB, Germany. This position may offer logistical support. Performs as a Senior Guest Services Representative in support of the front desk/office operations for Lodging.","","","","2026-08-10T09:31:30.574085+00:00"
"USAJOBS","FOOD SERVICE WORKER LEADER (STARBUCKS) L02","U.S. Marine Corps","https://www.usajobs.gov:443/job/861031900","Marine Corps Community Services (MCCS) is looking for the best and brightest to join our Team! MCCS is a comprehensive program that supports and enhances the quality of life for Marines, their families, and others in the Marine Corps Community. We offer a team oriented environment comprised of military personnel, civilian employees, contractors and volunteers who keep the organization functioning smoothly and effectively.","$19.84-$19.84 PH","Twentynine Palms, California","Marine Corps Community Services (MCCS) is looking for the best and brightest to join our Team! MCCS is a comprehensive program that supports and enhances the quality of life for Marines, their families, and others in the Marine Corps Community. We offer a team oriented environment comprised of military personnel, civilian employees, contractors and volunteers who keep the organization functioning smoothly and effectively.","","","","2026-08-10T09:31:30.574880+00:00"
"USAJOBS","FOOD SERVICE WORKER LEADER (STARBUCKS) L02","U.S. Marine Corps","https://www.usajobs.gov:443/job/867675700","Marine Corps Community Services (MCCS) is looking for the best and brightest to join our Team! MCCS is a comprehensive program that supports and enhances the quality of life for Marines, their families, and others in the Marine Corps Community. We offer a team oriented environment comprised of military personnel, civilian employees, contractors and volunteers who keep the organization functioning smoothly and effectively.","$19.84-$19.84 PH","Twentynine Palms, California","Marine Corps Community Services (MCCS) is looking for the best and brightest to join our Team! MCCS is a comprehensive program that supports and enhances the quality of life for Marines, their families, and others in the Marine Corps Community. We offer a team oriented environment comprised of military personnel, civilian employees, contractors and volunteers who keep the organization functioning smoothly and effectively.","","","","2026-08-10T09:31:30.575963+00:00"
"USAJOBS","General Attorney - Recruitment Incentive Authorized","Customs and Border Protection","https://www.usajobs.gov:443/job/873016800","Organizational Location: This position is with the Department of Homeland Security, within U.S. Customs and Border Protection, Office of Chief Counsel, located in multiple locations across the country.","$89508-$162514 PA","Multiple Locations","Organizational Location: This position is with the Department of Homeland Security, within U.S. Customs and Border Protection, Office of Chief Counsel, located in multiple locations across the country.","","","","2026-08-10T09:31:30.576981+00:00"
"USAJOBS","Food Service Worker Supervisor S04","U.S. Marine Corps","https://www.usajobs.gov:443/job/878628500","Marine Corps Community Services (MCCS) is looking for the best and brightest to join our Team! MCCS is a comprehensive program that supports and enhances the quality of life for Marines, their families, and others in the Marine Corps Community. We offer a team oriented environment comprised of military personnel, civilian employees, contractors and volunteers who keep the organization functioning smoothly and effectively.","$24.31-$24.31 PH","Quantico, Virginia","Marine Corps Community Services (MCCS) is looking for the best and brightest to join our Team! MCCS is a comprehensive program that supports and enhances the quality of life for Marines, their families, and others in the Marine Corps Community. We offer a team oriented environment comprised of military personnel, civilian employees, contractors and volunteers who keep the organization functioning smoothly and effectively.","","","","2026-08-10T09:31:30.577644+00:00"
"USAJOBS","SUPERVISORY RECREATION SPECIALIST","Air Combat Command","https://www.usajobs.gov:443/job/879024400","About the position: This is a NAF Career Program position assigned to Moody AFB, GA. A recruitment and relocation incentive of $3,000 has been authorized for this position for eligible applicants. This is a Regular Full Time (RFT) position with benefits (medical, dental, life insurance, retirement, 401(k), and annual/sick leave.","$52727-$62727 PA","Moody AFB, Georgia","About the position: This is a NAF Career Program position assigned to Moody AFB, GA. A recruitment and relocation incentive of $3,000 has been authorized for this position for eligible applicants. This is a Regular Full Time (RFT) position with benefits (medical, dental, life insurance, retirement, 401(k), and annual/sick leave.","","","","2026-08-10T09:31:30.578686+00:00"
"USAJOBS","SUPERVISORY RECREATION SPECIALIST","Air Education and Training Command","https://www.usajobs.gov:443/job/879219500","About the position: This is a NAF Career Program position assigned to Fort Sam Houston, TX. A recruitment and relocation incentive has been authorized for this position for eligible applicants. This is a Regular Full Time (RFT) position with benefits (medical, dental, life insurance, retirement, 401(k), and annual/sick leave.","$70000-$80000 PA","Fort Sam Houston, Texas","About the position: This is a NAF Career Program position assigned to Fort Sam Houston, TX. A recruitment and relocation incentive has been authorized for this position for eligible applicants. This is a Regular Full Time (RFT) position with benefits (medical, dental, life insurance, retirement, 401(k), and annual/sick leave.","","","","2026-08-10T09:31:30.579527+00:00"
"USAJOBS","Afloat Recreation Specialist (Fun Boss)","Commander, Navy Installations Command","https://www.usajobs.gov:443/job/879817400","This position is that of Afloat Recreation Specialist (NAF Civilian position) on board ships worldwide. The primary purpose of this position also known as ""Fun Boss"" is to plan, coordinate, organize, and direct a well-balanced afloat recreation program and leisure activities for crew members and embarked personnel aboard United States Navy aircraft carriers and large-deck amphibious assault ships.","$79462-$84462 PA","San Diego, California","This position is that of Afloat Recreation Specialist (NAF Civilian position) on board ships worldwide. The primary purpose of this position also known as ""Fun Boss"" is to plan, coordinate, organize, and direct a well-balanced afloat recreation program and leisure activities for crew members and embarked personnel aboard United States Navy aircraft carriers and large-deck amphibious assault ships.","","","","2026-08-10T09:31:30.580394+00:00"
"USAJOBS","Dental Laboratory Technician","Veterans Health Administration","https://www.usajobs.gov:443/job/849385800","This position is in the Dental Clinic at the Washington DC VA Medical Center (DC VAMC). The Dental clinic provides General Dentistry as well as specialty care in Prosthodontics, Periodontics, Endodontics and Oral Surgery for eligible outpatient, inpatient, community living center (CLC) and homeless Veterans.","$63307-$90898 PA","Washington, District of Columbia","This position is in the Dental Clinic at the Washington DC VA Medical Center (DC VAMC). The Dental clinic provides General Dentistry as well as specialty care in Prosthodontics, Periodontics, Endodontics and Oral Surgery for eligible outpatient, inpatient, community living center (CLC) and homeless Veterans.","","","","2026-08-10T09:31:30.581600+00:00"
"USAJOBS","Engineering Technician","Veterans Health Administration","https://www.usajobs.gov:443/job/876436800","The primary purpose of the Engineering Technician is to use computer aided software applications to plan and develop various products for projects in support of Facilities Management. The Engineering technician also updates and maintains various complex and diverse databases storing design files. Incumbents must possess a Bachelors degree in a STEM major. (Science, technology, Engineering and Mathematics), or related discipline.","$74678-$97087 PA","Salt Lake City, Utah","The primary purpose of the Engineering Technician is to use computer aided software applications to plan and develop various products for projects in support of Facilities Management. The Engineering technician also updates and maintains various complex and diverse databases storing design files. Incumbents must possess a Bachelors degree in a STEM major. (Science, technology, Engineering and Mathematics), or related discipline.","","","","2026-08-10T09:31:30.582460+00:00"
"USAJOBS","Food & Beverage Manager","Commander, Navy Installations Command","https://www.usajobs.gov:443/job/878139000","This position is assigned to the Non-Appropriated Fund (NAF) Food and Beverage Division, Morale, Welfare and Recreation (MWR) Department, Fleet and Family Readiness (FFR), at Naval Station Everett (NSE). The incumbent is responsible for ensuring the safe and efficient operation of the Essential Station Mess program, All American Restaurant, Pierside Grill, Catering Services, MWR Concessionaires & CNIC Branded Food concepts. Negotiable: Reimbursement of relocation expenses OR $2,000 sign-on bonus","$79268-$93870 PA","Everett, Washington","This position is assigned to the Non-Appropriated Fund (NAF) Food and Beverage Division, Morale, Welfare and Recreation (MWR) Department, Fleet and Family Readiness (FFR), at Naval Station Everett (NSE). The incumbent is responsible for ensuring the safe and efficient operation of the Essential Station Mess program, All American Restaurant, Pierside Grill, Catering Services, MWR Concessionaires & CNIC Branded Food concepts. Negotiable: Reimbursement of relocation expenses OR $2,000 sign-on bonus","","","","2026-08-10T09:31:30.583942+00:00"
"USAJOBS","FITNESS CENTER MANAGER NF3","U.S. Marine Corps","https://www.usajobs.gov:443/job/879686300","Marine Corps Community Services (MCCS) is looking for the best and brightest to join our Team! MCCS is a comprehensive program that supports and enhances the quality of life for Marines, their families, and others in the Marine Corps Community. We offer a team oriented environment comprised of military personnel, civilian employees, contractors and volunteers who keep the organization functioning smoothly and effectively.","$28.26-$28.26 PH","Twentynine Palms, California","Marine Corps Community Services (MCCS) is looking for the best and brightest to join our Team! MCCS is a comprehensive program that supports and enhances the quality of life for Marines, their families, and others in the Marine Corps Community. We offer a team oriented environment comprised of military personnel, civilian employees, contractors and volunteers who keep the organization functioning smoothly and effectively.","","","","2026-08-10T09:31:30.585133+00:00"
"USAJOBS","General Attorney (TR) (Bureau of Consumer Protection)","Federal Trade Commission","https://www.usajobs.gov:443/job/872311200","The Bureau of Consumer Protection investigates and litigates civil actions to enforce federal consumer protection laws. For more information visit, https://www.ftc.gov/about-ftc.","$102415-$197200 PA","Multiple Locations","The Bureau of Consumer Protection investigates and litigates civil actions to enforce federal consumer protection laws. For more information visit, https://www.ftc.gov/about-ftc.","","","","2026-08-10T09:31:30.586097+00:00"
"USAJOBS","Recreation Assistant - Hospice","Veterans Health Administration","https://www.usajobs.gov:443/job/876578100","This position is located at the Royal C. Johnson VA Medical Center, Sioux Falls, South Dakota. This position is for the Hospice Cottage which is organized around the needs and lives of Veterans who live there. Being a constant companion of the elderly is the purpose and responsibility of the recreation assistant. The duty of the recreation assistant is to protect, to nurture, and to sustain the elder, to maintain the safety and cleanliness of the environment, and for providing high quality care.","$37193-$59031 PA","Sioux Falls, South Dakota","This position is located at the Royal C. Johnson VA Medical Center, Sioux Falls, South Dakota. This position is for the Hospice Cottage which is organized around the needs and lives of Veterans who live there. Being a constant companion of the elderly is the purpose and responsibility of the recreation assistant. The duty of the recreation assistant is to protect, to nurture, and to sustain the elder, to maintain the safety and cleanliness of the environment, and for providing high quality care.","","","","2026-08-10T09:31:30.586931+00:00"
"USAJOBS","Nuclear Medicine Technologist","Veterans Health Administration","https://www.usajobs.gov:443/job/866591100","This is an OPEN CONTINUOUS ANNOUNCEMENT and will remain open until September 30, 2026. All eligible applicants will be reviewed and referred to the hiring manager at regular intervals or as additional vacancies occur on an as-needed basis.","$75068-$97573 PA","Spokane, Washington","This is an OPEN CONTINUOUS ANNOUNCEMENT and will remain open until September 30, 2026. All eligible applicants will be reviewed and referred to the hiring manager at regular intervals or as additional vacancies occur on an as-needed basis.","","","","2026-08-10T09:31:30.588052+00:00"
"USAJOBS","Nuclear Medicine Technologist","Veterans Health Administration","https://www.usajobs.gov:443/job/866592400","This is an OPEN CONTINUOUS ANNOUNCEMENT and will remain open until September 30, 2026. All eligible applicants will be reviewed and referred to the hiring manager at regular intervals or as additional vacancies occur on an as-needed basis.","$75068-$97573 PA","Spokane, Washington","This is an OPEN CONTINUOUS ANNOUNCEMENT and will remain open until September 30, 2026. All eligible applicants will be reviewed and referred to the hiring manager at regular intervals or as additional vacancies occur on an as-needed basis.","","","","2026-08-10T09:31:30.588765+00:00"
"USAJOBS","FITNESS CENTER MANAGER NF3","U.S. Marine Corps","https://www.usajobs.gov:443/job/876009800","Marine Corps Community Services (MCCS) is looking for the best and brightest to join our Team! MCCS is a comprehensive program that supports and enhances the quality of life for Marines, their families, and others in the Marine Corps Community. We offer a team oriented environment comprised of military personnel, civilian employees, contractors and volunteers who keep the organization functioning smoothly and effectively.","$24.24-$24.24 PH","Twentynine Palms, California","Marine Corps Community Services (MCCS) is looking for the best and brightest to join our Team! MCCS is a comprehensive program that supports and enhances the quality of life for Marines, their families, and others in the Marine Corps Community. We offer a team oriented environment comprised of military personnel, civilian employees, contractors and volunteers who keep the organization functioning smoothly and effectively.","","","","2026-08-10T09:31:30.589530+00:00"
"USAJOBS","Retail Dining FOH Manager","Commander, Navy Installations Command","https://www.usajobs.gov:443/job/878090100","The Retail Dining FOH Manager will complete all administrative duties, and directly supervise all FOH a la carte service staff. The incumbent will be responsible for overseeing FOH Supervisors, kitchen, inventory, and logistic staff in absences of their direct supervisor. The incumbent is responsible for participating in and/or supervising the setup and breakdown of all a la carte establishments, and ensuring that the facility is properly cleaned, organized, and secured at the close of each day.","$26-$28.5 PH","Annapolis, Maryland","The Retail Dining FOH Manager will complete all administrative duties, and directly supervise all FOH a la carte service staff. The incumbent will be responsible for overseeing FOH Supervisors, kitchen, inventory, and logistic staff in absences of their direct supervisor. The incumbent is responsible for participating in and/or supervising the setup and breakdown of all a la carte establishments, and ensuring that the facility is properly cleaned, organized, and secured at the close of each day.","","","","2026-08-10T09:31:30.590656+00:00"
"USAJOBS","LODGING FACILITY MANAGER NF4* (RFT) FIVE PALMS","U.S. Marine Corps","https://www.usajobs.gov:443/job/878289400","Marine Corps Community Services (MCCS) is looking for the best and brightest to join our Team! MCCS is a comprehensive program that supports and enhances the quality of life for Marines, their families, and others in the Marine Corps Community. We offer a team oriented environment comprised of military personnel, civilian employees, contractors and volunteers who keep the organization functioning smoothly and effectively.","$94840.46-$94840.46 PA","Kaneohe, Hawaii","Marine Corps Community Services (MCCS) is looking for the best and brightest to join our Team! MCCS is a comprehensive program that supports and enhances the quality of life for Marines, their families, and others in the Marine Corps Community. We offer a team oriented environment comprised of military personnel, civilian employees, contractors and volunteers who keep the organization functioning smoothly and effectively.","","","","2026-08-10T09:31:30.591819+00:00"
"USAJOBS","ATTORNEY-ADVISER (GENERAL) TITLE 32 PERMANENT","Army National Guard Units","https://www.usajobs.gov:443/job/873243100","THIS IS A NATIONAL GUARD TITLE 32 EXCEPTED SERVICE POSITION. This National Guard position is for a ATTORNEY-ADVISER (GENERAL) TITLE 32 PERMANENT, Position Description Number D0297P01 and is part of the NH ARNG Command Section, National Guard. This vacancy is to gather applications that may or may not result in a referral or selection.","$101375-$131790 PA","Concord, New Hampshire","THIS IS A NATIONAL GUARD TITLE 32 EXCEPTED SERVICE POSITION. This National Guard position is for a ATTORNEY-ADVISER (GENERAL) TITLE 32 PERMANENT, Position Description Number D0297P01 and is part of the NH ARNG Command Section, National Guard. This vacancy is to gather applications that may or may not result in a referral or selection.","","","","2026-08-10T09:31:30.592818+00:00"
"USAJOBS","Teller","Veterans Health Administration","https://www.usajobs.gov:443/job/879730900","This position serves as Teller within the Financial Management Service (FMS) at the VA St. Louis Healthcare System (VASTLHCS). Position is responsible for the receipt, disbursement, examination, deposit, safekeeping, processing, and record keeping of collections and cash disbursements at the medical center. The position location is at Jefferson Barracks.","$46561-$60529 PA","Jefferson Barracks, Missouri","This position serves as Teller within the Financial Management Service (FMS) at the VA St. Louis Healthcare System (VASTLHCS). Position is responsible for the receipt, disbursement, examination, deposit, safekeeping, processing, and record keeping of collections and cash disbursements at the medical center. The position location is at Jefferson Barracks.","","","","2026-08-10T09:31:30.593711+00:00"
"USAJOBS","CONTRACT SPECIALIST","Army National Guard Units","https://www.usajobs.gov:443/job/877847000","This position is for a CONTRACT SPECIALIST, PD# D2625000, part of the Nevada Army National Guard. Perform developmental assignments in the application of common contracting methods and contract types, and to assist in the procurement of standard or specialized service; supply; and/or construction items, services, and/or materials primarily through formal advertising, or through limited use of negotiation techniques.","$55934-$107620 PA","Carson City, Nevada","This position is for a CONTRACT SPECIALIST, PD# D2625000, part of the Nevada Army National Guard. Perform developmental assignments in the application of common contracting methods and contract types, and to assist in the procurement of standard or specialized service; supply; and/or construction items, services, and/or materials primarily through formal advertising, or through limited use of negotiation techniques.","","","","2026-08-10T09:31:30.594574+00:00"
"USAJOBS","MWR Recreation Specialist (Programmer)","Commander, Navy Installations Command","https://www.usajobs.gov:443/job/878544000","This role, within the Community Recreation Division of the Morale, Welfare and Recreation (MWR) Department at Commander, Navy Installations Command (CNIC), involves managing a wide-ranging, year-round recreation program and its facilities. Key areas include Parks, Picnic Areas, Outdoor Adventure Activities, Camping, RV Parks, Vehicle Storage, the Liberty Program, Library, Information, Tickets and Tours (ITT), Recreation Centers, Bowling, Paintball, and Auto Skills.","$56342-$56342 PA","San Clemente Naval Reserve Island, California","This role, within the Community Recreation Division of the Morale, Welfare and Recreation (MWR) Department at Commander, Navy Installations Command (CNIC), involves managing a wide-ranging, year-round recreation program and its facilities. Key areas include Parks, Picnic Areas, Outdoor Adventure Activities, Camping, RV Parks, Vehicle Storage, the Liberty Program, Library, Information, Tickets and Tours (ITT), Recreation Centers, Bowling, Paintball, and Auto Skills.","","","","2026-08-10T09:31:30.595589+00:00"
"USAJOBS","Executive Director, Operations and Sustainment","Defense Logistics Agency","https://www.usajobs.gov:443/job/879359700","The Executive Director, Operations and Sustainment (J31) ensures Agency capability and readiness to support the Combatant Commands, Military Services, other Combat Service Support Agencies, and designated federal agencies during contingencies. This is accomplished through extensive and deliberate contingency, operational and exercise planning fully integrated across the enterprise.","$186207-$209600 PA","Fort Belvoir, Virginia","The Executive Director, Operations and Sustainment (J31) ensures Agency capability and readiness to support the Combatant Commands, Military Services, other Combat Service Support Agencies, and designated federal agencies during contingencies. This is accomplished through extensive and deliberate contingency, operational and exercise planning fully integrated across the enterprise.","","","","2026-08-10T09:31:30.596713+00:00"
"USAJOBS","FUEL DISTRIBUTION SYSTEM WORKER - TITLE 32","Air National Guard Units","https://www.usajobs.gov:443/job/861753400","THIS IS A NATIONAL GUARD TITLE 32 EXCEPTED SERVICE POSITION. This National Guard position is for a Fuel Distribution System Worker, Position Description Number D2427000 and is part of the 165th LRS, National Guard. This is a full-time, Excepted Temporary Indefinite, dual status position which requires Georgia Air National Guard Membership. Area of Consideration: Open to members of the Air National Guard, Air Force Reserve or Air Force Active Duty component.","$29.61-$34.4 PH","Garden City, Georgia","THIS IS A NATIONAL GUARD TITLE 32 EXCEPTED SERVICE POSITION. This National Guard position is for a Fuel Distribution System Worker, Position Description Number D2427000 and is part of the 165th LRS, National Guard. This is a full-time, Excepted Temporary Indefinite, dual status position which requires Georgia Air National Guard Membership. Area of Consideration: Open to members of the Air National Guard, Air Force Reserve or Air Force Active Duty component.","","","","2026-08-10T09:31:30.597702+00:00"
"USAJOBS","Supervisory Recreation Specialist - Information, Tickets, and Travel","Commander, Navy Installations Command","https://www.usajobs.gov:443/job/879080700","This position is located in the Community Recreation Division, of the Morale, Welfare and Recreation (MWR) Department, located within Commander, Navy Installations Command (CNIC). Manages and administers a comprehensive and diverse year-round recreation program and various recreation facilities. Plans, promotes and implements a variety of MWR or Community Recreation programs and activities while seeking various partnerships with community organizations and businesses supporting MWR programs.","$22.19-$30 PH","Honolulu, Hawaii","This position is located in the Community Recreation Division, of the Morale, Welfare and Recreation (MWR) Department, located within Commander, Navy Installations Command (CNIC). Manages and administers a comprehensive and diverse year-round recreation program and various recreation facilities. Plans, promotes and implements a variety of MWR or Community Recreation programs and activities while seeking various partnerships with community organizations and businesses supporting MWR programs.","","","","2026-08-10T09:31:30.598913+00:00"
"USAJOBS","Supervisory Recreation Specialist Community Recreation","Commander, Navy Installations Command","https://www.usajobs.gov:443/job/879336400","This position is located in the Community Recreation Division, of the Morale, Welfare and Recreation (MWR) Department, located within Commander, Navy Installations Command (CNIC). Manages and administers a comprehensive and diverse year round recreation program and various recreation facilities. This position is located at NSA Mechanicsburg PA.","$20-$26 PH","Mechanicsburg, Pennsylvania","This position is located in the Community Recreation Division, of the Morale, Welfare and Recreation (MWR) Department, located within Commander, Navy Installations Command (CNIC). Manages and administers a comprehensive and diverse year round recreation program and various recreation facilities. This position is located at NSA Mechanicsburg PA.","","","","2026-08-10T09:31:30.600322+00:00"
"USAJOBS","Pharmacy Technician (Procurement/Inventory)","Veterans Health Administration","https://www.usajobs.gov:443/job/879574500","The certified GS-8 Pharmacy Technician Procurement/Inventory is responsible for all prescription and nonprescription medications and supply purchasing and inventory in a highly complex area of Pharmacy Service at Ralph H. Johnson Department of Veterans Affairs Medical Center in Charleston, SC.","$70175-$91224 PA","Charleston, South Carolina","The certified GS-8 Pharmacy Technician Procurement/Inventory is responsible for all prescription and nonprescription medications and supply purchasing and inventory in a highly complex area of Pharmacy Service at Ralph H. Johnson Department of Veterans Affairs Medical Center in Charleston, SC.","","","","2026-08-10T09:31:30.601186+00:00"
"USAJOBS","Food Service Worker (Expediter), NA-02","United States Army Installation Management Command","https://www.usajobs.gov:443/job/879852500","Serves as a Food Service Worker (Expediter) in the Happy's Snack Bar Department of the Hale Koa Hotel. The first cut-off date will be on 8/16/2026. Additional lists will be pulled after this first cut-off date at the request of the hiring manager. Local candidates will be reviewed first as PCS is not authorized. If determined that area of consideration is to be expanded, all candidates will be considered.","$22.98-$26.81 PH","Honolulu, Hawaii","Serves as a Food Service Worker (Expediter) in the Happy's Snack Bar Department of the Hale Koa Hotel. The first cut-off date will be on 8/16/2026. Additional lists will be pulled after this first cut-off date at the request of the hiring manager. Local candidates will be reviewed first as PCS is not authorized. If determined that area of consideration is to be expanded, all candidates will be considered.","","","","2026-08-10T09:31:30.602276+00:00"
